Restaurant_Name,Category,Pricing_for_2,Locality,Dining_Rating,Latitude,Longitude
Burma Burma,"Asian, Burmese, Bubble Tea, Salad, Tea, Desserts, Ice Cream, Beverages",1500," Indiranagar, Bangalore",4.9,12.97039445,77.6447133
Windmills Craftworks,"Continental, Fast Food, Kebab, Beverages, Italian, Desserts",2500," Windmills Craftworks, Bangalore",4.9,12.98241296,77.72197936
CTR Shri Sagar,South Indian,150," Malleshwaram, Bangalore",4.9,12.99827011,77.56945521
Brahmin's Coffee Bar,South Indian,100," Basavanagudi, Bangalore",4.9,12.95404312,77.56886512
Milano Ice Cream,"Desserts, Ice Cream, Beverages",400," Indiranagar, Bangalore",4.9,12.97912104,77.64403872
BelgYum,Desserts,400," Phoenix Marketcity Bangalore, Whitefield, Bangalore",4.9,12.99763172,77.6968206
Lot Like Crepes,"Desserts, Fast Food, Beverages",500," Koramangala 7th Block, Bangalore",4.9,12.93658526,77.61346791
Truffles,"Cafe, American, Coffee, Steak, Beverages, Fast Food",900," Koramangala 5th Block, Bangalore",4.8,12.93343554,77.61434499
Bologna,"Italian, Desserts",1600," Indiranagar, Bangalore",4.8,12.97182157,77.64110304
Pasta Street,"Italian, European, Pizza, Pasta, Salad, Desserts, Beverages",1500," Koramangala 4th Block, Bangalore",4.8,12.93296695,77.63111752
Chianti,"Italian, Pasta, Pizza",2000," Indiranagar, Bangalore",4.8,12.97021802,77.64030542
Santé Spa Cuisine,"Mediterranean, Italian, European, Desserts, Beverages",1500," Domlur, Bangalore",4.8,12.96396971,77.63859853
Arogya Ahaara,South Indian,100," HSR, Bangalore",4.8,12.91804385,77.63768893
Brik Oven,"Cafe, Italian, Fast Food, Desserts",1000," Church Street, Bangalore",4.8,12.97472511,77.60541189
Corner House Ice Creams,"Desserts, Ice Cream, Beverages",300," Indiranagar, Bangalore",4.8,12.9702177,77.6376145
Natural Ice Cream,"Ice Cream, Beverages, Desserts",300," Indiranagar, Bangalore",4.8,12.9703033,77.64449771
Biergarten,"Continental, European, BBQ, Chinese, Asian",2000," Koramangala 5th Block, Bangalore",4.7,12.93347017,77.61418238
Byg Brewski Brewing Company,"Continental, North Indian, Italian, South Indian, Finger Food, Pizza",1600," Sarjapur Road, Bangalore",4.7,12.91293443,77.68290594
Street Storyss,"Fast Food, North Indian, Italian, Desserts, Beverages",1700," Indiranagar, Bangalore",4.7,12.9703266,77.6357265
Hard Rock Cafe,"American, Continental, Fast Food, Beverages",2800," St. Marks Road, Bangalore",4.7,12.97606334,77.60155186
Arbor Brewing Company,"American, Continental, Fast Food, Beverages",2000," Brigade Road, Bangalore",4.7,12.9704219,77.61105794
AB's - Absolute Barbecues,"North Indian, Mangalorean, BBQ, Street Food, Desserts, Salad, Beverages",1200," BTM, Bangalore",4.7,12.9163576,77.60477956
Mavalli Tiffin Room (MTR),"South Indian, Beverages",250," Basavanagudi, Bangalore",4.7,12.95490768,77.58568022
The Fatty Bao,"Asian, Japanese, Sushi, Chinese, Thai, Momos, Beverages",1200," Indiranagar, Bangalore",4.7,12.97033695,77.64527254
Smoke House Deli,"Italian, European, American, Beverages, Continental",2000," Lavelle Road, Bangalore",4.7,12.9716667,77.59839457
Mainland China,"Chinese, Asian, Seafood",1800," Whitefield, Bangalore",4.7,12.95567127,77.72527816
Toast & Tonic,"European, Asian, Bar Food, Beverages, Desserts",2000," Richmond Road, Bangalore",4.7,12.96657733,77.60869961
SMOOR,"Italian, Thai, Pizza, Fast Food, Desserts, Beverages",900," Indiranagar, Bangalore",4.7,12.96993083,77.64142055
Yauatcha,"Chinese, Asian",2000," 1 MG Road Mall, MG Road, Bangalore",4.7,12.97351365,77.62020294
Here & Now,"Cafe, American, Burger, Sandwich, Desserts, Beverages",900," HSR, Bangalore",4.7,12.91356874,77.63820257
Once Upon A Flame,"Steak, Continental, Fast Food, BBQ, Beverages",1400," HSR, Bangalore",4.7,12.91189129,77.6380631
Taaza Thindi,South Indian,100," Banashankari, Bangalore",4.7,12.92623505,77.54873414
Belgian Waffle Factory,Desserts,300," Brigade Road, Bangalore",4.7,12.96977891,77.60707453
Chinita Real Mexican Food,"Mexican, Salad, Desserts, Beverages",1200," Indiranagar, Bangalore",4.7,12.98098133,77.63725977
Brahma Brews,"Bar Food, Asian, Italian, North Indian, Fast Food, European, South Indian",1900," JP Nagar, Bangalore",4.6,12.89323791,77.58632932
Stories Brewery & Kitchen,"North Indian, Continental, Chinese, Bar Food, Beverages",2000," BTM, Bangalore",4.6,12.90573138,77.60841161
Communiti,"Continental, BBQ, Desserts, Italian, Sandwich, Fast Food",1500," Brigade Road, Bangalore",4.6,12.97263281,77.6082956
ShakesBierre,"Finger Food, North Indian, Asian, Italian, Desserts, Beverages",1500," Eva Mall, Brigade Road, Bangalore",4.6,12.97087767,77.60744736
TBC Sky Lounge,"Continental, Asian, Italian, North Indian",1600," HSR, Bangalore",4.6,12.92267737,77.65144195
The Hole In The Wall Cafe,"Cafe, American, Burger, Beverages, Desserts",600," Koramangala 4th Block, Bangalore",4.6,12.93464785,77.62554456
The Permit Room,"South Indian, Modern Indian, Beverages",1500," Richmond Road, Bangalore",4.6,12.9705374,77.61045441
Oyster Bar & Kitchen,"North Indian, Chinese, Italian, Fast Food, Beverages, Desserts",1200," HSR, Bangalore",4.6,12.91192952,77.63801917
JW Kitchen - JW Marriott Bengaluru,"North Indian, Continental, Italian, South Indian, Mediterranean, European, Asian",2200," JW Marriott Bengaluru, Lavelle Road, Bangalore",4.6,12.97187907,77.59511355
MISU,"Asian, Japanese, Thai, Burmese, Korean, Indonesian, Vietnamese, Singaporean",1700," St. Marks Road, Bangalore",4.6,12.97065518,77.60065634
Bombay Brasserie,"Modern Indian, Street Food, Biryani, Desserts, Beverages",1800," Indiranagar, Bangalore",4.6,12.97040393,77.64586598
Olive Bar & Kitchen,"Italian, Pizza, Mediterranean, Continental, European, Beverages, Desserts",2400," Richmond Road, Bangalore",4.6,12.96697006,77.60783695
Barbeque Nation,"North Indian, Mughlai, Desserts, Beverages, Biryani, BBQ",1600," JP Nagar, Bangalore",4.6,12.90635951,77.59681508
The Pizza Bakery - Brew & Eatery,"Pizza, Italian, Desserts, Beverages",1000," Indiranagar, Bangalore",4.6,12.97033009,77.64467239
Hae Kum Gang,"Korean, Beverages",1100," Brigade Road, Bangalore",4.6,12.96796788,77.60736287
Phobidden Fruit,"Vietnamese, Desserts, Thai",1100," Indiranagar, Bangalore",4.5,12.97006806,77.63965968
Lavonne,"Cafe, Continental, Beverages",800," Indiranagar, Bangalore",4.6,12.96697626,77.63693791
Nando's,"Portuguese, Roast Chicken, Burger, Wraps, Salad",800," Phoenix Marketcity Bangalore, Whitefield, Bangalore",4.6,12.997432,77.69654
Millers 46,"American, Continental, Steak",1100," Vasanth Nagar, Bangalore",4.6,12.99150568,77.59425055
Brew and Barbeque - A Microbrewery Pub,"Continental, North Indian, BBQ, Steak",2000," Soul Space Arena Mall, Marathahalli, Bangalore",4.6,12.97992377,77.69411355
Roots,"North Indian, South Indian, Chinese, Continental, Mangalorean",1300," Koramangala 1st Block, Bangalore",4.6,12.9293182,77.6346292
Third Wave Coffee Roasters,"Cafe, Continental, Beverages",1000," Koramangala 4th Block, Bangalore",4.6,12.93484587,77.62964129
Nasi And Mee,"Asian, Indonesian, Japanese, Sushi, Thai",800," Koramangala 4th Block, Bangalore",4.6,12.93495371,77.62904651
The Terrace at Gilly's Redefined,"Continental, Finger Food, Chinese, North Indian, Italian, Beverages",1700," Gilly's Redefined, Koramangala 4th Block, Bangalore",4.6,12.93344436,77.62366802
Art of Delight,"Ice Cream, Desserts, Beverages",300," Residency Road, Bangalore",4.6,12.97329573,77.60922331
Oota Bangalore,"Mangalorean, South Indian",1000," Windmills Craftworks, Bangalore",4.6,12.98237081,77.72192437
Hari Super Sandwich,"Fast Food, Sandwich",250," Jayanagar, Bangalore",4.6,12.9330506,77.58236803
The Bier Library,"Continental, North Indian, Pizza, BBQ",2000," Koramangala 6th Block, Bangalore",4.5,12.939076,77.626065
Toit,"Italian, American, Modern Indian",2000," Indiranagar, Bangalore",4.5,12.9788881,77.640922
1131 Bar + Kitchen,"Continental, Mughlai, North Indian, Beverages, Chinese, Thai, Desserts",1500," Indiranagar, Bangalore",4.5,12.96988085,77.64128376
The Pump House,"Continental, Finger Food, North Indian, Italian, Asian, Desserts",1600," JP Nagar, Bangalore",4.5,12.90637388,77.58206293
Red Rhino,"Pizza, Burger, Biryani, Chinese, Desserts, Healthy Food, North Indian, Pasta",1800," Whitefield, Bangalore",4.5,13.0247031,77.7614997
Nagarjuna,"Andhra, Biryani",800," Residency Road, Bangalore",4.5,12.97317843,77.60922901
The Reservoire,"Continental, North Indian, American, Asian, Chinese, Pizza, Desserts, Beverages",1400," Koramangala 5th Block, Bangalore",4.5,12.93338717,77.62224443
Vidyarthi Bhavan,South Indian,150," Basavanagudi, Bangalore",4.5,12.9450049,77.57145714
House Of Commons,"Bar Food, North Indian, Continental, Italian, Chinese",1400," JP Nagar, Bangalore",4.5,12.91438475,77.58587368
Koramangala Social,"North Indian, Chinese, Burger, Rolls, Pizza, Momos, Continental, Beverages",1500," Koramangala 7th Block, Bangalore",4.5,12.935475,77.614142
Hammered,"North Indian, Chinese, Fast Food, Desserts, Beverages",1400," New BEL Road, Bangalore",4.5,13.02737411,77.57731508
46 Ounces Brewgarden,"Chinese, North Indian, Italian, Beverages, Bengali, Desserts",1600," Electronic City, Bangalore",4.5,12.84977027,77.65783768
Levitate Brewery And Kitchen,"Finger Food, North Indian, Continental",2300," JP Nagar, Bangalore",4.5,12.90755234,77.59935513
The Big Barbeque,"North Indian, Continental, Chinese, Pizza, Beverages, Desserts",1500," Marathahalli, Bangalore",4.5,12.94831687,77.69886877
Dyu Art Cafe,"Cafe, Continental, Beverages",600," Koramangala 8th Block, Bangalore",4.5,12.93708161,77.61755928
Tipsy Bull - The Bar Exchange,"Finger Food, North Indian, Continental, Fast Food, Naga",1200," JP Nagar, Bangalore",4.5,12.90637585,77.57786125
Vapour Brewpub and Diner,"North Indian, Continental, Italian",1400," Sarjapur Road, Bangalore",4.5,12.91417919,77.67762903
Brewklyn Microbrewery,"Continental, Italian, North Indian",1800," Kalyan Nagar, Bangalore",4.5,13.0215447,77.64050692
Basil Bistro,"Continental, Italian, North Indian, Chinese",1000," HSR, Bangalore",4.5,12.9155733,77.64901623
The Bangalore Cafe,"Modern Indian, North Indian, Pizza, Continental, Beverages, Desserts",800," Shanti Nagar, Bangalore",4.5,12.96170807,77.59464987
Shiro,"Japanese, Asian, Thai",3000," UB City, Bangalore",4.5,12.97177616,77.59648249
Just BLR,"Continental, North Indian, Italian, Beverages",1900," Brigade Road, Bangalore",4.5,12.96960182,77.60755699
Sattvam,"North Indian, South Indian",1500," Sadashiv Nagar, Bangalore",4.5,13.00574325,77.58071411
Karavalli - The Gateway Hotel,"Mangalorean, Konkan, Seafood, Kerala",3500," The Gateway Hotel, Residency Road, Bangalore",4.5,12.97193984,77.60895208
Masala Mandi,"North Indian, Mughlai, Seafood, Desserts",1200," Sarjapur Road, Bangalore",4.5,12.91049683,77.68550701
Rim Naam - The Oberoi,Thai,4000," The Oberoi, MG Road, Bangalore",4.5,12.97277559,77.61864122
Sly Granny - The Community House,"Continental, European, American, Italian, Burger, Coffee, Desserts, Modern Indian",2500," Indiranagar, Bangalore",4.5,12.97045196,77.64647517
China Bistro,"Chinese, Asian, Oriental, Sushi, Thai, Japanese, Seafood, Desserts",1600," Indiranagar, Bangalore",4.5,12.97038661,77.64484104
Ssaffron - Shangri-La Hotel,"North Indian, Seafood, Asian, Bar Food",3000," Shangri-La Hotel, Vasanth Nagar , Bangalore",4.5,12.99208654,77.5885703
Salt - Indian Restaurant Bar & Grill,"North Indian, South Indian, Biryani, Mughlai, Fast Food, Desserts, Beverages",1500," Forum Mall, Koramangala, Bangalore",4.5,12.93472007,77.6114586
SodaBottleOpenerWala,"Parsi, North Indian, Rolls, Street Food, Desserts, Beverages",1500," Lavelle Road, Bangalore",4.5,12.97064799,77.59764623
Mamagoto,"Asian, Chinese, Sushi, Thai",1700," Indiranagar, Bangalore",4.5,12.97027193,77.63910782
Al Amanah Cafe,"Middle Eastern, Fast Food, Rolls, Wraps",300," Kammanahalli, Bangalore",4.5,13.01553156,77.63937671
Buff Buffet Buff,"North Indian, Chinese, Thai, South Indian, Continental, Beverages",1500," BluPetal Hotel, Koramangala, Bangalore",4.5,12.93347279,77.61531763
Punjab Grill,"North Indian, Mughlai, Kebab, Biryani, Desserts",2000," Orion Mall, Malleshwaram, Bangalore",4.5,13.01133522,77.55459845
Onesta,"Pizza, Pasta, Fast Food, Desserts, Beverages",750," Marathahalli, Bangalore",4.5,12.9506992,77.69989941
Toscano,"Italian, Continental, Healthy Food, European, Pizza, Salad, Desserts, Beverages",2400," UB City, Bangalore",4.5,12.97175492,77.59585317
Barbecue by Punjab Grill,"North Indian, BBQ, Beverages, Desserts",1200," Mantri Square, Malleshwaram, Bangalore",4.5,12.99140015,77.57052138
Bloomsbury's Global Kitchen & Bakehouse,"Cafe, Salad, Italian, American, Bakery",900," Whitefield, Bangalore",4.5,12.97654622,77.72548534
Alba - JW Marriott Bengaluru,"European, Pizza, Desserts",4000," JW Marriott Bengaluru, Lavelle Road, Bangalore",4.5,12.97187907,77.59512763
Matteo Coffea,"Cafe, Beverages, Sandwich, Pasta, Burger, Fast Food, American, Desserts",600," Church Street, Bangalore",4.5,12.97436899,77.6070068
Hotel Tom's Restaurant,"Mangalorean, Mughlai, Chinese, North Indian",1000," Brigade Road, Bangalore",4.5,12.96692464,77.60648813
The Asian Curry House,"Vietnamese, Thai, Burmese, Japanese",1200," Mantri Square, Malleshwaram, Bangalore",4.5,12.99166902,77.57057972
China Pearl,Chinese,1100," Koramangala 6th Block, Bangalore",4.5,12.93612059,77.62140188
Chulha Chauki Da Dhaba,"North Indian, Biryani, Chinese, Beverages",1000," Marathahalli, Bangalore",4.5,12.98185429,77.69270372
Connie's Restaurant & Steakhouse,"Steak, Continental, Italian, Chinese, Fast Food, Desserts, Beverages",1500," Kammanahalli, Bangalore",4.5,13.01480931,77.63301518
Big Pitcher,"American, Continental, North Indian, Mediterranean, Beverages",1600," Old Airport Road, Bangalore",4.5,12.96016948,77.64709309
Maravanthe,"Seafood, Mangalorean",1100," Indiranagar, Bangalore",4.5,12.97828956,77.63733722
Jalsa Gold,"North Indian, Mughlai, Italian, Beverages",1300," Kadubeesanahalli, Bangalore",4.5,12.93792401,77.69539163
Myu Bar At Gilly's Redefined,"North Indian, Finger Food, Continental, Beverages",1600," Gilly's Redefined, Koramangala 4th Block, Bangalore",4.5,12.93348455,77.62338437
Manjit Da Dhaba,North Indian,300," Frazer Town, Bangalore",4.5,12.99789802,77.62228031
Saffron - Radisson Blu,"North Indian, Mughlai, Lucknowi, Fast Food, Beverages",2500," Radisson Blu, Marathahalli, Bangalore",4.5,12.94987972,77.69929022
Peppa Zzing,"Fast Food, Burger, Beverages",600," Brigade Road, Bangalore",4.5,12.96962665,77.60649417
Sree Krishna Kafe,South Indian,200," Koramangala 5th Block, Bangalore",4.5,12.9371437,77.6196209
Chili's American Grill & Bar,"American, Tex-Mex, Burger, BBQ, Beverages",2000," RMZ Ecoworld, Bellandur, Bangalore",4.5,12.92042941,77.68433522
Republic Of Noodles - Lemon Tree Premier,"Malaysian, Singaporean, Thai",1800," Lemon Tree Premier, Ulsoor, Bangalore",4.5,12.98744777,77.61663426
Shivaji Military Hotel,"South Indian, Biryani",450," Jayanagar, Bangalore",4.4,12.91816182,77.57409576
The 13th Floor,"North Indian, Asian, Thai",2000," Barton Centre, Bangalore",4.4,12.97532366,77.60504678
Hakuna Matata,"North Indian, Asian, Seafood, Chinese",1400," JP Nagar, Bangalore",4.4,12.89404026,77.58630652
The Druid Garden,"Asian, Continental, Italian, North Indian, Beverages",1700," Sahakara Nagar, Bangalore",4.4,13.06349503,77.59116936
Secret Of Bangalore,"North Indian, South Indian, Continental, Asian, Desserts, Beverages",1300," Rajarajeshwari Nagar, Bangalore",4.4,12.90938211,77.52730262
Aurum Brew Works,"North Indian, American, Continental, Desserts, Beverages, Asian, Pizza, Burger",1500," Sarjapur Road, Bangalore",4.4,12.910836,77.685732
Stories Bar & Kitchen,"Bar Food, Chinese, Fast Food, North Indian, Italian, Beverages, BBQ",1500," Rajajinagar, Bangalore",4.4,13.00852357,77.54921123
XOOX Brewmill,"North Indian, Continental, Chinese, Mangalorean, Italian, Beverages",2000," Koramangala 5th Block, Bangalore",4.4,12.93564417,77.6149904
Skyye,"Continental, Asian, Thai",2500," UB City, Bangalore",4.4,12.97159058,77.59615391
Sultans Of Spice,"North Indian, Mughlai, Chinese, Beverages",2000," BluPetal Hotel, Koramangala, Bangalore",4.4,12.93346821,77.6153136
Three Dots & A Dash,"Bar Food, Italian, North Indian",1500," JP Nagar, Bangalore",4.4,12.91076971,77.59944364
Dhaba - Estd 1986 Delhi,"Mughlai, North Indian, Desserts",2000," Indiranagar, Bangalore",4.4,12.97048071,77.6464279
BYLI - Bet You Love It!,"Continental, Italian, Fast Food, Beverages",800," Kalyan Nagar, Bangalore",4.4,13.02268504,77.63974987
Broadway - The Gourmet Theatre,"Japanese, Sushi, Continental, Asian, North Indian",1800," HSR, Bangalore",4.4,12.9237685,77.65155863
Ranch,"North Indian, Italian, Continental",1500," Mysore Road, Bangalore",4.4,12.90801202,77.38177654
Foxtrot,"Continental, Chinese, North Indian, Mughlai, Biryani",1600," Marathahalli, Bangalore",4.4,12.94962616,77.69908067
Lazy Suzy,"Cafe, Continental, Italian, Pizza, Desserts",1000," Indiranagar, Bangalore",4.4,12.97088192,77.64741194
Farzi Cafe,Modern Indian,1600," UB City, Bangalore",4.4,12.9722631,77.59618032
Ambrosia,"Italian, Mexican, Continental, Desserts, Beverages, Asian, Mediterranean, Juices",1200," Rajarajeshwari Nagar, Bangalore",4.4,12.90494803,77.50928018
Go Native,"Healthy Food, Modern Indian, Desserts, Mithai",800," Jayanagar, Bangalore",4.4,12.92263064,77.58479577
BLR Brewing Co.,"Finger Food, North Indian, Continental, Mughlai, Chinese, Desserts, Beverages",1500," Electronic City, Bangalore",4.4,12.84031538,77.6533977
Meghana Foods,"Andhra, North Indian, Seafood, Beverages",700," Jayanagar, Bangalore",4.4,12.92639125,77.58480582
The Biere Club,"Finger Food, Continental, Fast Food, North Indian, Italian, Beverages",1500," Lavelle Road, Bangalore",4.4,12.97096818,77.59754632
"Lush - Renaissance Hotel, Bengaluru","North Indian, Continental",2500," Renaissance Hotel, Race Course Road, Bangalore",4.4,12.98469401,77.57637195
Harima,"Japanese, Sushi",2000," Residency Road, Bangalore",4.4,12.96759933,77.60004245
Zoey's,"Cafe, Italian, Burger, Fast Food, Desserts, Continental",600," Sarjapur Road, Bangalore",4.4,12.897472,77.717611
Delhi Highway,"Modern Indian, North Indian, Mughlai",1500," Indiranagar, Bangalore",4.4,12.97006446,77.63948902
Rural Blues,"North Indian, Asian, Finger Food, Continental, Italian, Bar Food",1000," Sarjapur Road, Bangalore",4.4,12.89772024,77.71725062
Kazé,"Japanese, Sushi, Thai, Asian",3000," Lavelle Road, Bangalore",4.4,12.96554291,77.59650193
Sagar Hotel,"North Indian, Chinese, Street Food",500," Rajajinagar, Bangalore",4.4,12.99660238,77.55426016
Murphy's Brewhouse - The Paul Bangalore,"Continental, Mexican, Italian, Beverages, North Indian, Desserts, Bar Food",1700," The Paul Bangalore, Domlur, Bangalore",4.4,12.95391895,77.63971299
153 Biere Street,"Asian, Continental, North Indian, Malaysian, Italian",1700," Whitefield, Bangalore",4.4,12.96287581,77.75073767
Oh! Calcutta,"Bengali, Seafood, North Indian",1800," Church Street, Bangalore",4.4,12.97520669,77.60347266
Gilly's Restobar,"Continental, Italian, Chinese, Fast Food, North Indian",1450," New BEL Road, Bangalore",4.4,13.0271497,77.57185712
Le Arabia,"North Indian, Mughlai, Chinese, Arabian, Biryani, Beverages, Desserts",800," Basaveshwara Nagar, Bangalore",4.4,12.99862979,77.5423716
Royal Andhra Spice,"Andhra, North Indian, Continental, Chinese, Beverages, Desserts",800," OSR Hotel, Rajarajeshwari Nagar, Bangalore",4.4,12.9056987,77.52108358
The Punjabi Rasoi,"Mughlai, North Indian, Chinese, South Indian, Beverages",500," Whitefield, Bangalore",4.4,12.98796682,77.72998985
Mooch Marod,"North Indian, Beverages",500," Whitefield, Bangalore",4.4,12.98265929,77.76712429
Dhwani,"Cafe, Continental, Asian, Italian, North Indian",800," Koramangala 5th Block, Bangalore",4.4,12.93405379,77.61569481
Gramin,"North Indian, Healthy Food, Beverages",600," Koramangala 7th Block, Bangalore",4.4,12.93461485,77.61328083
The Creek - The Den Bengaluru,"North Indian, South Indian, Asian, Beverages, European",2400," The Den, Whitefield, Bangalore",4.4,12.987374,77.73335
Hotel Aditya,"South Indian, Biryani",300," Rajajinagar, Bangalore",4.4,13.00379822,77.54363157
Feast - Sheraton Grand Bangalore Hotel at Brigade Gateway,"North Indian, Continental, Fast Food, Asian, Beverages",3000," Sheraton Grand Bangalore Hotel at Brigade Gateway, Bangalore",4.4,13.01247039,77.5550675
The Higher Taste,"South Indian, North Indian, Biryani, Fast Food, Chinese, Continental, Desserts",800," Rajajinagar, Bangalore",4.4,13.00929425,77.55133632
Rasovara,"Rajasthani, North Indian",1400," UB City, Bangalore",4.4,12.97197153,77.59636916
Shanmukha,"Andhra, Chinese, North Indian, Seafood, Biryani",600," JP Nagar, Bangalore",4.4,12.91783372,77.59258356
Chavadi,"Continental, North Indian, Italian, Mughlai, Beverages",1200," Bannerghatta Road, Bangalore",4.4,12.89221429,77.6025939
Sharief Bhai,"Mughlai, Arabian, Afghan, Biryani, Kebab, Street Food, Beverages",600," Koramangala 5th Block, Bangalore",4.4,12.93305289,77.61474296
One For The Road,"North Indian, Fast Food",1300," Whitefield, Bangalore",4.4,13.01078413,77.75982298
You Mee,"Japanese, Chinese, Thai, Beverages, Sushi, Momos",2000," Forum Shantiniketan Mall, Whitefield, Bangalore",4.4,12.9892427,77.7280184
Time Traveller - Sai Vishram,"Continental, North Indian, South Indian, Chinese",1100," Bommasandra, Bangalore",4.4,12.82667909,77.68089227
Memories of China - Taj MG Road Bengaluru,"Seafood, Chinese",3000," Taj, MG Road, Bangalore",4.4,12.97314348,77.62000144
Asha Tiffins,"South Indian, North Indian, Chinese, Beverages, Desserts",200," HSR, Bangalore",4.4,12.91177723,77.63240565
Mudpipe Cafe,"Cafe, Continental, Burger, Fast Food, Beverages",700," BTM, Bangalore",4.4,12.93432664,77.60959413
Cubbon Pavilion - ITC Gardenia,"European, Continental, Chinese, Thai",2500," ITC Gardenia, Bangalore",4.4,12.96694359,77.59507231
The Blue Wagon - Kitchen,"Street Food, Fast Food, Beverages",400," Jayanagar, Bangalore",4.4,12.92729348,77.58523867
La Casa Brewery And Kitchen,"Continental, North Indian, Fast Food, Thai, Finger Food",1500," Sarjapur Road, Bangalore",4.4,12.90412774,77.67593555
Melange - Radisson Blu,"North Indian, Continental, Italian, Beverages",2600," Radisson Blu, Marathahalli, Bangalore",4.4,12.9498954,77.69927882
Little Italy,"Italian, Pizza",1600," Indiranagar, Bangalore",4.4,12.96632314,77.6415436
Portland Steakhouse & Cafe,"Continental, Fast Food, Cafe, Beverages",1800," MG Road, Bangalore",4.4,12.97025821,77.61481907
Blue Ginger - The Taj West End,"Vietnamese, Seafood, Beverages",3200," The Taj West End, Race Course Road, Bangalore",4.4,12.98411117,77.58396763
Poonam Sweets,Mithai,250," Banashankari, Bangalore",4.4,12.92493217,77.56572761
Float,"North Indian, Japanese",1500," D and N Enterprises, Marathahalli, Bangalore",4.4,12.93868341,77.69494738
Royal Afghan - ITC Windsor,"North Indian, Afghan",6000," ITC Windsor, Bangalore",4.4,28.64607661,77.34839626
Cafe Medley,"Cafe, Continental, Italian, Burger, Pizza, Street Food, Desserts, Beverages",800," Koramangala 5th Block, Bangalore",4.4,12.93374597,77.61966113
Rara Avis,"Kerala, Middle Eastern, North Indian, Chinese",1100," Sahakara Nagar, Bangalore",4.4,13.06264326,77.59249136
Kota Kachori,"North Indian, Street Food, Mithai",200," Koramangala 6th Block, Bangalore",4.4,12.9361487,77.62540944
ASEAN - On The Edge,"Asian, Thai, Vietnamese",1800," Barton Centre, Bangalore",4.4,12.97538737,77.60499951
Leon Grill,"Burger, Fast Food, Wraps, Beverages, Desserts",600," HSR, Bangalore",4.4,12.91180959,77.64383823
Hotel Nalapaka,South Indian,400," Rajajinagar, Bangalore",4.4,12.99841973,77.55220156
Singapore Street,"Singaporean, Thai, Sushi, Asian, Korean, Indonesian",1200," Kammanahalli, Bangalore",4.4,13.02222054,77.63740126
Kapoor's Cafe,"North Indian, Beverages, Desserts",700," Whitefield, Bangalore",4.4,12.95603003,77.72001263
Raghavendra Tiffin,South Indian,150," HSR, Bangalore",4.4,12.9127743,77.63537619
Galito's,"African, Burger, Fast Food, Beverages, Desserts",1000," Whitefield, Bangalore",4.4,12.97670729,77.72552993
Green Onion,"Chinese, Seafood",600," Residency Road, Bangalore",4.4,12.97343033,77.60934602
Infinitea Tea Room & Tea Store,"Italian, European, Healthy Food, Seafood, Desserts, Tea",1300," Cunningham Road, Bangalore",4.4,12.98723444,77.59493887
"3B's - Buddies, Bar & Barbecues","North Indian, BBQ",1200," Marathahalli, Bangalore",4.4,12.9498111,77.69928485
Krazzy Folds,"Cafe, Continental, Italian, Beverages, Finger Food",800," Jayanagar, Bangalore",4.4,12.92554456,77.58385833
Esplanade,"Bengali, Mughlai, Seafood",1000," Indiranagar, Bangalore",4.4,12.97874369,77.63675988
OPUS Club,"Continental, Italian, North Indian, Mexican",1900," OPUS, Sarjapur Road, Bangalore",4.4,12.91497592,77.6661237
Nakkshatra,"North Indian, Chinese, Fast Food",900," Marathahalli, Bangalore",4.4,12.94836817,77.69886609
Shake It Off,"Beverages, Fast Food",400," Jayanagar, Bangalore",4.4,12.92002746,77.58946717
Anand Sweets And Savouries,"Mithai, Street Food, Beverages",300," Koramangala 5th Block, Bangalore",4.4,12.93714043,77.61955149
Punjab Bistro,"North Indian, Mughlai, Seafood",1900," Koramangala 7th Block, Bangalore",4.4,12.93445212,77.61273164
Shizusan,"Japanese, Chinese, Asian, Thai, Beverages",1800," Phoenix Marketcity Bangalore, Whitefield, Bangalore",4.4,12.99783235,77.69651916
Sigree Global Grill,"North Indian, Biryani",1400," Kalyan Nagar, Bangalore",4.4,13.02542336,77.63951752
Gods Own Cafe,"South Indian, Kerala, Seafood",300," Koramangala 7th Block, Bangalore",4.4,12.93712083,77.61437315
The Restaurant - Coorg,South Indian,1600," Indiranagar, Bangalore",4.4,12.97900114,77.64166094
IceBreakers,"Desserts, Ice Cream, Beverages",300," Koramangala 6th Block, Bangalore",4.4,12.93755608,77.61916794
Thai Chy,"Asian, Thai, Indonesian, Chinese, Malaysian, Beverages",1300," Indiranagar, Bangalore",4.4,12.97796481,77.63669617
Sea Rock,"Mangalorean, Mughlai, South Indian, Chinese",1000," Seshadripuram, Bangalore",4.4,12.98658855,77.57957485
Kurtoskalacs,"Desserts, Beverages, Fast Food",500," Koramangala 5th Block, Bangalore",4.4,12.93451159,77.61686426
Waffle Walle,"Desserts, Ice Cream, Beverages",500," Royal Meenakshi Mall, Bannerghatta Road, Bangalore",4.4,12.87617684,77.59534489
XO Belgian Waffle,"Desserts, Beverages, Fast Food",400," Koramangala 5th Block, Bangalore",4.4,12.93433808,77.61609849
Biryani Kitchen,Biryani,450," Whitefield, Bangalore",4.4,12.989372,77.717098
URU Brewpark,"Italian, North Indian, Continental, Chinese, Asian, Desserts, Beverages",1500," JP Nagar, Bangalore",4.3,12.90611832,77.60138724
Nevermind - Bar & Social,"Asian, European, Modern Indian",1500," Indiranagar, Bangalore",4.3,12.97034544,77.6459337
Bangalore Brew Works,"Continental, Italian, South Indian, Salad, Fast Food",1700," Residency Road, Bangalore",4.3,12.9684181,77.60177549
High Ultra Lounge,"Japanese, Thai, Chinese, Korean",2600," Sheraton Grand Bangalore Hotel at Brigade Gateway, Bangalore",4.3,13.01133555,77.55460449
Bob's Bar,"South Indian, Finger Food",1100," Indiranagar, Bangalore",4.3,12.967199,77.64119
Raahi,"North Indian, Biryani, Mughlai, Desserts, Beverages",2200," St. Marks Road, Bangalore",4.3,12.97307715,77.60247689
Fat Owl,"Finger Food, Fast Food, North Indian, Biryani, Desserts, Beverages",2300," JP Nagar, Bangalore",4.3,12.90638238,77.58149866
The Fisherman's Wharf,"North Indian, Continental, Seafood, Goan, Asian",1400," Sarjapur Road, Bangalore",4.3,12.91421122,77.66676273
Bombay Adda,"Continental, Fast Food, Desserts, Beverages",1500," Koramangala 7th Block, Bangalore",4.3,12.936211,77.61612
Plan B,"American, Continental, Bar Food, Chinese, Fast Food, Pizza, Burger, Beverages",1300," Indiranagar, Bangalore",4.3,12.97012687,77.64027826
Fire Station,"Finger Food, North Indian, Continental, Italian, Chinese, Beverages, Desserts",1400," Electronic City, Bangalore",4.3,12.84159063,77.64742803
Indigo XP,"Finger Food, Continental, Chinese, Italian, North Indian, Beverages",1400," Koramangala 5th Block, Bangalore",4.3,12.93260848,77.61399496
Green Theory,"Cafe, Italian, Continental, Thai, Healthy Food",950," Residency Road, Bangalore",4.3,12.96830832,77.60269113
Gustoes Beer And Bouffage,"North Indian, Chinese, Continental, South Indian, Fast Food, Italian, BBQ, Beverages",2000," Jayanagar, Bangalore",4.3,12.92362472,77.57339403
Lucky Chan - Dimsum & Sushi Parlour,"Japanese, Chinese",1600," Indiranagar, Bangalore",4.3,12.970375,77.642769
Taiki,"Japanese, Korean, Asian, Sushi",1400," Indiranagar, Bangalore",4.3,12.97694972,77.64082812
Stegi - Modern Indian,"North Indian, Italian, Fast Food, Desserts, Beverages",1200," Jayanagar, Bangalore",4.3,12.93334829,77.58343488
Easy Tiger,"Finger Food, Continental",1000," Church Street, Bangalore",4.3,12.97441506,77.60725256
Glen's Bakehouse,"Bakery, Cafe, Pizza, Desserts, Beverages",800," Lavelle Road, Bangalore",4.3,12.96982922,77.59748127
Ebony,"North Indian, Mughlai, Hyderabadi, Asian, Thai",2300," Barton Centre, Bangalore",4.3,12.97521584,77.6051306
The Only Place,"Italian, Steak, Continental, Desserts, Fast Food, Beverages",1200," Church Street, Bangalore",4.3,12.97327612,77.60342874
Sanchez,"Mexican, Tex-Mex, Beverages",1800," UB City, Bangalore",,12.97189541,77.59615459
Tea Villa Cafe,"Beverages, Continental, Chinese, Mexican, Fast Food, Desserts, Tea",700," Jayanagar, Bangalore",4.3,12.92766699,77.58085292
Nandhana Palace,"Biryani, Andhra, North Indian, Chinese, Beverages, Desserts",1000," Sahakara Nagar, Bangalore",4.3,13.05951114,77.59274114
Seven Ate Nine,"Modern Indian, South Indian, Pizza, Burger, Rolls",700," HSR, Bangalore",4.3,12.91217233,77.64371317
Via Milano,"Italian, Pizza, Continental, Desserts, Beverages, Pasta",1500," Sarjapur Road, Bangalore",4.3,12.90086002,77.71111806
Bonum Cibum,"Lebanese, Burger, Continental, Beverages, Desserts",1000," HSR, Bangalore",4.3,12.91780987,77.64496475
Salvadores,"Continental, Desserts, Beverages",2000," MG Road, Bangalore",4.3,12.97329409,77.61130504
Nuage,"Cafe, Italian, Desserts, Bakery, Salad, Burger, Beverages",800," Indiranagar, Bangalore",4.3,12.970031,77.640634
"The Lantern Restaurant & Bar - The Ritz-Carlton, Bangalore","Chinese, Momos",3700," The Ritz-Carlton, Bangalore",4.3,12.96724,77.60171
Cafe Noir,"Continental, Italian, Desserts, Cafe, Beverages",1500," UB City, Bangalore",4.3,12.97182288,77.59611636
B-hive,"Finger Food, North Indian, Beverages",1200," Koramangala 1st Block, Bangalore",4.3,12.9292316,77.63457857
Empire Restaurant,"North Indian, Mughlai, Arabian, South Indian, Chinese",700," Rajajinagar, Bangalore",4.3,12.99782157,77.54671209
Deja Vu Buffet Bar,"North Indian, Chinese, Bar Food",1400," JP Nagar, Bangalore",4.3,12.90090375,77.59482622
The Whitefield Arms Pub & Microbrewery,"Modern Indian, Continental, BBQ",1200," VR Bengaluru, Whitefield, Bangalore",4.3,12.99630509,77.69539665
Citrus - The Leela Palace,"North Indian, Italian, Asian, Continental, Mediterranean",3500," The Leela Palace, Old Airport Road, Bangalore",4.3,12.9612231,77.6486703
Subz,"North Indian, Desserts, Street Food, Salad",1000," Jayanagar, Bangalore",4.3,12.93288133,77.58500732
Subz,"North Indian, Desserts, Street Food, Salad",1000," Jayanagar, Bangalore",4.3,12.93288133,77.58500732
Mitti Cafe | Enerjuvate,"Cafe, Healthy Food, Pizza, Beverages, Fast Food, Bakery, Desserts",800," Koramangala 4th Block, Bangalore",4.3,12.9312344,77.62337834
Zaitoon,"BBQ, Arabian, Chinese, North Indian, Chettinad, Desserts, Ice Cream, Beverages",1000," Old Airport Road, Bangalore",4.3,12.9599009,77.64715813
Bamey's Restro Cafe,"Asian, Nepalese, Momos",800," Koramangala 5th Block, Bangalore",4.3,12.93586898,77.61585508
The Market - The Ritz-Carlton,"North Indian, European, Asian",3400," The Ritz-Carlton, Bangalore",4.3,12.96831421,77.60117702
The Rasoiya Street,"North Indian, Continental, Mexican, Chinese, Desserts, Beverages",900," HSR, Bangalore",4.3,12.91227299,77.64311839
The Rogue Elephant,"Fast Food, Italian, Beverages",1000," Jayanagar, Bangalore",4.3,12.94095278,77.57681217
Cable Car,"North Indian, Pasta, Continental, Desserts",1000," Jayanagar, Bangalore",4.3,12.91723929,77.58577242
Wall Street Sky Lounge,"Continental, North Indian, Chinese, Fast Food, Pizza, Italian, Beverages",1700," JP Nagar, Bangalore",4.3,12.90659546,77.58972902
NH7 Refuel,"North Indian, Continental",800," International Airport, Bangalore",4.3,13.26226061,77.7162163
NH8,"Rajasthani, North Indian",800," Indiranagar, Bangalore",4.3,12.97322712,77.64683928
Anupam's Coast II Coast,"Seafood, Mangalorean, North Indian, Chinese, Biryani, Mughlai",1400," Church Street, Bangalore",4.3,12.97446407,77.60748524
The Himalayan,"Korean, Beverages",1200," Koramangala 5th Block, Bangalore",4.3,12.93421194,77.61695713
Once Upon a Rooftop,"Mexican, Italian, Chinese, Thai",1200," Jayanagar, Bangalore",4.3,12.92551874,77.58390058
Bengaluru Cafe,South Indian,100," Jayanagar, Bangalore",4.3,13.05042275,77.57698761
Imperio Restaurant,"Biryani, North Indian, Chinese, Arabian, Juices, Beverages",600," Kalyan Nagar, Bangalore",4.3,13.02407234,77.64310263
Yo! Chow,"Asian, Desserts, Beverages",1200," Marathahalli, Bangalore",4.3,12.95052995,77.6999259
Based On A True Story- Bistro,"Cafe, Continental, Fast Food, Italian, Beverages",800," Banaswadi, Bangalore",4.3,13.02414836,77.6361394
Cakewala,"Bakery, Desserts",400," HSR, Bangalore",4.3,12.91231384,77.64003284
The Coorg Food Co.,South Indian,600," Kalyan Nagar, Bangalore",4.3,13.0248465,77.63162244
The Local,"Finger Food, Continental, Italian, Asian",1400," Kalyan Nagar, Bangalore",4.3,13.02118635,77.64148425
Hype - Shangri-La Hotel,Finger Food,3000," Shangri-La Hotel, Vasanth Nagar , Bangalore",4.3,12.99216854,77.588575
Kebabs & Kurries - ITC Gardenia,"North Indian, Kebab, Seafood",3500," ITC Gardenia, Bangalore",4.3,12.96713865,77.59563223
TherPUP - a Dog Cafe,"Cafe, Fast Food, Desserts, Beverages",700," ITPL Main Road, Whitefield, Bangalore",4.3,12.972226,77.773276
Hyderabadi Spice,"Biryani, North Indian",600," Electronic City, Bangalore",4.3,12.83989276,77.6638817
Fishland,"Seafood, Chettinad",1000," Majestic, Bangalore",4.3,12.97531124,77.57856231
The Persian Terrace - Sheraton Grand Bangalore Hotel at Brigade Gateway,"Lebanese, Mediterranean, Afghan, Seafood, Desserts",3500," Sheraton Grand Bangalore Hotel at Brigade Gateway, Bangalore",4.3,13.01238219,77.55435705
M Cafe - Bengaluru Marriott Hotel Whitefield,"North Indian, Continental, Italian, Thai",2500," Bengaluru Marriott Hotel Whitefield, Bangalore",4.3,12.97905799,77.72744905
Justbe Resto Cafe,"Cafe, Healthy Food, Fast Food, Desserts, Beverages",1000," Sadashiv Nagar, Bangalore",4.3,13.0071375,77.57947728
The Square - Novotel,"Continental, North Indian, Japanese, Italian",2500," Novotel Bengaluru, Marathahalli, Bangalore",4.3,12.92944629,77.68342596
South Ruchis Square,"North Indian, South Indian, Chinese, Beverages, Fast Food, Desserts",500," Race Course Road, Bangalore",4.3,12.98402459,77.57811002
The Filter Coffee,"South Indian, Coffee",300," Kalyan Nagar, Bangalore",4.3,13.01746017,77.64335677
Masala Klub - The Taj West End,"North Indian, South Indian",4000," The Taj West End, Race Course Road, Bangalore",4.3,12.98411313,77.58396763
Kesariya,"North Indian, Desserts",1200," JP Nagar, Bangalore",4.3,12.90656703,77.58978669
Barebones - The Balcony Bar,"Chinese, Continental, Finger Food, North Indian, Beverages",1400," Indiranagar, Bangalore",4.3,12.98026485,77.64067188
Feast - Sheraton Grand Bengaluru Whitefield Hotel & Convention Centre,"Continental, Asian, South Indian, North Indian",3700," Sheraton Grand Bengaluru, Whitefield, Bangalore",4.3,12.98866113,77.72947714
The Teal Door Cafe,"Cafe, Continental",800," Indiranagar, Bangalore",4.3,12.9823829,77.63928115
Le Arabia,"Arabian, North Indian, Mughlai, Chinese, Biryani, Beverages, Desserts",1000," JP Nagar, Bangalore",4.3,12.91183573,77.59983089
Jose Mess,"Kerala, South Indian",300," BTM, Bangalore",4.3,12.9309602,77.6080777
Dilli To Dakshin,"North Indian, Street Food, Beverages",700," HSR, Bangalore",4.3,12.9125926,77.65223254
Fattoush,"North Indian, Mughlai, Chinese, Biryani, Beverages",1000," Bannerghatta Road, Bangalore",4.3,12.89297285,77.59880193
Dolci Desserts,"Cafe, Desserts, Italian, Fast Food, Beverages",700," Cunningham Road, Bangalore",4.3,12.98655588,77.59472765
Hotel Janatha,South Indian,150," Malleshwaram, Bangalore",4.3,12.99919626,77.57149167
New Krishna Bhavan,"South Indian, North Indian, Chinese",200," Malleshwaram, Bangalore",4.3,12.99288073,77.57141188
Edo Restaurant & Bar - ITC Gardenia,"Japanese, Sushi",4000," ITC Gardenia, Bangalore",4.3,12.96658615,77.59508807
Cafe Felix,"American, Italian, Continental, Desserts, Beverages, Bar Food",1900," 1 MG Road Mall, MG Road, Bangalore",4.3,12.974143,77.620468
Pepe's Pizza,"Pizza, Pasta, Burger, Desserts, Beverages",800," Bellandur, Bangalore",4.3,12.92484656,77.67470241
Konark Vegetarian Restaurant,"South Indian, North Indian, Continental, Chinese, Street Food, Desserts, Beverages",500," Residency Road, Bangalore",4.3,12.96879841,77.6020826
Dice N Dine,"Continental, Cafe, Fast Food, Steak, Italian, Desserts, Beverages",900," Koramangala 5th Block, Bangalore",4.3,12.93276664,77.61418641
The Konkan - Seafood Restaurant,"Konkan, Mangalorean, Chinese, Beverages",750," St. Marks Road, Bangalore",4.3,12.97567912,77.60180399
Vinny's,"Beverages, Fast Food, Pizza",800," Banashankari, Bangalore",4.3,12.92440834,77.56481364
Carnival de Goa,"Goan, Mangalorean, Pizza, Seafood",1000," Ulsoor, Bangalore",4.3,12.97509888,77.62001619
Cafe Nosh,"Cafe, Continental, Steak",650," Sahakara Nagar, Bangalore",4.3,13.069119,77.58048143
Bangalore Mandarin,"Chinese, Seafood",1100," Indiranagar, Bangalore",4.3,12.97766554,77.63660766
The Royal Corner - Pai Viceroy,"North Indian, Chinese",900," Jayanagar, Bangalore",4.3,12.93630097,77.58396227
Mugful Of Stories,"Desserts, Bakery",300," Kalyan Nagar, Bangalore",4.3,13.02542238,77.63866056
Jamavar - The Leela Palace,"North Indian, South Indian",4000," The Leela Palace, Old Airport Road, Bangalore",4.3,12.96018222,77.64924858
Chikkanna Tiffin Room,South Indian,200," City Market, Bangalore",4.3,12.968444,77.584417
Aioli,"Mediterranean, Continental, Italian, Salad, Healthy Food",1400," Kalyan Nagar, Bangalore",4.3,13.02372609,77.63975691
Hunger Camp,"North Indian, Mughlai, Chinese, Beverages",800," JP Nagar, Bangalore",4.3,12.90111356,77.59493317
Burger Seigneur,"Cafe, Burger, Continental, Beverages, Desserts",1300," Indiranagar, Bangalore",4.3,12.97107,77.647521
Royal Treat,"North Indian, Chinese, Biryani",500," Koramangala 5th Block, Bangalore",4.3,12.93357997,77.61570387
Puliyogare Point,"South Indian, Desserts",100," Basavanagudi, Bangalore",4.3,12.94078188,77.57051133
Karama Restaurant,"Arabian, Mughlai, Seafood, North Indian, Biryani",750," Frazer Town, Bangalore",4.3,12.99967192,77.61603612
Shezan,"Chinese, Continental, North Indian, Mughlai, Fast Food",750," Cunningham Road, Bangalore",4.3,12.98725894,77.59472966
Yogi-sthaan,"Cafe, Healthy Food, Salad, Beverages",700," Indiranagar, Bangalore",4.3,12.98099929,77.63831053
Aubree,"Cafe, Bakery, Fast Food, Italian, Thai",900," Sadashiv Nagar, Bangalore",4.3,13.00458747,77.57864613
Siddiqu Kabab Center,"Kebab, Fast Food, Rolls",150," Richmond Road, Bangalore",4.3,12.96304767,77.60582127
THE RIG,"Finger Food, Continental, Pizza",1500," Sarjapur Road, Bangalore",4.3,12.91061219,77.68462557
Apsara Ice Creams,Ice Cream,300," HSR, Bangalore",4.3,12.91516971,77.63556194
Ranganna Military Hotel,"Mughlai, South Indian, North Indian",350," Jayanagar, Bangalore",4.3,12.92948191,77.57343929
Burger King,"Burger, Fast Food, Beverages, Desserts",350," Phoenix Marketcity Bangalore, Whitefield, Bangalore",4.3,12.9967324,77.69675486
Burger King,"Burger, Fast Food, Beverages, Desserts",350," Phoenix Marketcity Bangalore, Whitefield, Bangalore",4.3,12.9967324,77.69675486
Mani's Dum Biryani,"Biryani, South Indian",750," JP Nagar, Bangalore",4.3,12.8893745,77.58188456
Watson's,"Pizza, North Indian, Seafood, Chinese, Fast Food, Rolls, Sandwich",700," Skywalk, Ulsoor, Bangalore",4.3,12.99088463,77.61932686
Andhra Ruchulu,"Andhra, North Indian, Chinese",800," JP Nagar, Bangalore",4.3,12.9167759,77.59005792
Bamboo Hut,"Chinese, Fast Food",700," Nagarbhavi, Bangalore",4.3,12.95901741,77.51929186
Eat Street,"North Indian, Chinese, Italian, Street Food, Desserts",600," Koramangala 6th Block, Bangalore",4.3,12.939496,77.625999
Cafe Max,"Cafe, German, Italian",1300," Indiranagar, Bangalore",4.3,12.975798,77.641156
Cold Stone Creamery,"Ice Cream, Desserts",400," Whitefield, Bangalore",4.3,12.97660209,77.72572272
Cirkus,"Thai, South Indian, Italian, Fast Food, Bar Food, Desserts, Beverages, Steak",1500," HSR, Bangalore",4.3,12.91211024,77.64369573
GMT - Gelateria Montecatini Terme,"Desserts, Beverages",300," Indiranagar, Bangalore",4.3,12.97382142,77.642591
Fabelle Chocolates - ITC Gardenia,Desserts,1200," ITC Gardenia, Bangalore",4.3,12.96716086,77.59554338
Maziga,"Mughlai, Awadhi, Modern Indian, Kebab, North Indian, Biryani, Desserts, Beverages",1500," VR Bengaluru, Whitefield, Bangalore",4.3,12.9961632,77.6954335
Hanoi - Vietnamese Cuisine,"Vietnamese, Asian",1700," Indiranagar, Bangalore",4.3,12.97046708,77.64469143
Kamat Lokaruchi,"South Indian, Mangalorean",450," Mysore Road, Bangalore",4.3,12.70034365,77.25174554
Kesar Sweet Shop & Fast Food,"North Indian, Chinese, Street Food",450," Brookefield, Bangalore",4.3,12.96473556,77.71748196
Shao - Radisson Blu,"Thai, Japanese, Chinese, Asian, Beverages",2800," Radisson Blu, Marathahalli, Bangalore",4.3,12.94990945,77.69927043
Szechuan Dragon,"Chinese, Asian, Thai, Momos",500," Banashankari, Bangalore",4.3,12.94009797,77.56441332
Chai Days,"Tea, Beverages, Fast Food",300," Indiranagar, Bangalore",4.3,12.96654629,77.64164887
Stoned Monkey,"Desserts, Ice Cream, Beverages, Mexican",400," Banashankari, Bangalore",4.3,12.92351263,77.56975796
The Fat Chef,"Japanese, Italian, American, Asian, North Indian, Steak",1500," Whitefield, Bangalore",4.3,12.95740986,77.74078768
The Hidden Home,"Asian, Chinese, Continental, North Indian, South Indian, Biryani",1300," Sarjapur Road, Bangalore",4.3,12.91048147,77.68473689
Hoppipola,"Continental, Fast Food",1500," Kalyan Nagar, Bangalore",4.3,13.02548151,77.63939984
Khan Saheb Grills and Rolls,"North Indian, Rolls",400," Indiranagar, Bangalore",4.3,12.97130274,77.63512105
Cream Stone,"Ice Cream, Desserts, Beverages",300," HSR, Bangalore",4.3,12.9120841,77.63851304
Starbucks Coffee,"Cafe, Beverages, Desserts",600," Indiranagar, Bangalore",4.3,12.965649,77.641645
Sector 7 Café,"Cafe, Continental, Salad, Fast Food, Italian, American, Beverages",700," HSR, Bangalore",4.3,12.91239586,77.63358917
Sri Sairam's Chats and Juice,Street Food,100," Malleshwaram, Bangalore",4.3,13.0054205,77.57242776
Fogg Lounge,"Continental, Italian, Beverages",1600," BTM, Bangalore",4.3,12.93551771,77.60829359
Savoury Restaurant,"Arabian, Mughlai, North Indian, Chinese, Fast Food, Beverages",750," Frazer Town, Bangalore",4.3,12.99957228,77.61585709
Pulimunchi,"Mangalorean, Seafood",1000," Indiranagar, Bangalore",4.3,12.98078465,77.64042713
Tandoor Hut,"North Indian, Mughlai, Chinese",500," Koramangala 5th Block, Bangalore",4.3,12.93372179,77.6192997
Momo Jojo,"Chinese, Momos, Desserts",400," JP Nagar, Bangalore",4.3,12.88666345,77.58208338
Pin Me Down,"Fast Food, American, Chinese, Beverages",650," Koramangala 7th Block, Bangalore",4.3,12.93434494,77.60961693
Pabrai's Fresh & Naturelle Icecreams,"Ice Cream, Desserts",200," HSR, Bangalore",4.3,12.91910003,77.65158679
Tandoori Taal,North Indian,900," Indiranagar, Bangalore",4.3,12.96994064,77.63811205
Gudguda Prime Cafe,"Cafe, Continental, Chinese, Italian",800," Koramangala 6th Block, Bangalore",4.3,12.93635913,77.62121078
Sri Laxmi Venkateshwara Coffee Bar,South Indian,100," Banashankari, Bangalore",4.3,12.92413842,77.56644778
Cloud Cafe,"Chinese, Italian, Asian, Continental",1000," Nagarbhavi, Bangalore",4.3,12.96087882,77.50921045
Homms,"Thai, Chinese, Momos",500," Brookefield, Bangalore",4.3,12.95664561,77.71695625
Ironhill Bengaluru,"Continental, North Indian, Italian, Finger Food, Desserts, Beverages, Fast Food, Biryani",1600," Marathahalli, Bangalore",4.2,12.95086421,77.69944713
Daddy,"Finger Food, Continental, North Indian, Asian, Pasta",1500," Indiranagar, Bangalore",4.2,12.969999,77.639917
21st Amendment Gastrobar,"North Indian, Continental, Chinese, Bar Food",1200," Indiranagar, Bangalore",4.2,12.965944,77.641337
SkyDeck By Sherlock's,"Continental, Chinese, Finger Food, North Indian",1500," MG Road, Bangalore",4.2,12.97498322,77.60753151
BROOKS AND BONDS BREWERY,"Continental, Mediterranean, North Indian, Chinese, Finger Food",1600," Koramangala 5th Block, Bangalore",4.2,12.93413711,77.62346283
Chapter One Bar | Maiin,"North Indian, South Indian, Chinese, Mughlai, Italian, Fast Food",1200," New BEL Road, Bangalore",4.2,13.0321872,77.56967917
Jetlag,"Finger Food, Continental, North Indian, Italian",1650," Rajajinagar, Bangalore",4.2,13.01233809,77.55401038
By The Peepal,"Finger Food, Continental, Italian, North Indian, Fast Food",1700," JP Nagar, Bangalore",4.2,12.90684285,77.5952547
RCB Bar & Cafe,"Continental, North Indian, Pizza, Asian, Beverages",1800," Church Street, Bangalore",4.2,12.97543899,77.60232367
Lono,"Continental, Modern Indian, Italian, Fast Food, Seafood",2000," Indiranagar, Bangalore",4.2,12.97537953,77.64702301
Lord Of The Drinks,"Finger Food, Continental, European, North Indian, Italian, Asian",1450," Phoenix Marketcity Bangalore, Whitefield, Bangalore",4.2,12.99585949,77.69639678
Cafe Azzure,"Cafe, Continental, Fast Food, Desserts, Beverages",900," MG Road, Bangalore",4.2,12.97495904,77.60760259
Drink & Dine,"Finger Food, Chinese, North Indian, Mughlai, Fast Food, Beverages",1400," Rajarajeshwari Nagar, Bangalore",4.2,12.90369962,77.51388352
Dofu,"Chinese, Korean, Japanese, Beverages",1200," Indiranagar, Bangalore",4.2,12.97991723,77.64057733
Badmaash,"North Indian, Mughlai, Biryani",1500," UB City, Bangalore",4.2,12.97225415,77.59615961
Big Barrel,"Continental, North Indian, Chinese, Mexican, Italian, Beverages",1800," Rajarajeshwari Nagar, Bangalore",4.2,12.9039091,77.50785291
Boomrang BarXsocial,"North Indian, Italian, Pizza, Chinese, Fast Food, Desserts, Beverages",1500," Koramangala 7th Block, Bangalore",4.2,12.936282,77.615714
Kappa Chakka Kandhari,Kerala,1500," Koramangala 6th Block, Bangalore",4.2,12.9406075,77.62358526
Magnolia Bakery,"Bakery, Desserts",300," Indiranagar, Bangalore",4.2,12.970089,77.64083
Al Daaz,"North Indian, Continental, BBQ, Fast Food, Beverages",600," HSR, Bangalore",4.2,12.92092678,77.6515013
The Bar Stock Exchange,"Continental, Chinese, North Indian, Finger Food, Beverages",1300," St. Marks Road, Bangalore",4.2,12.97618945,77.6020759
Mayura 1989,"Andhra, North Indian, Chinese, Mughlai",1100," Rajajinagar, Bangalore",4.2,12.97584085,77.55263843
Brew Meister,"North Indian, Continental, Finger Food, Fast Food, Seafood",1800," Jayanagar, Bangalore",4.2,12.9264004,77.58476693
Float Brewery,"Bar Food, Asian, Italian, Beverages",2200," Kalyan Nagar, Bangalore",4.2,13.02226366,77.64351368
Kebapci,"BBQ, Turkish, Middle Eastern, Lebanese",650," Koramangala 6th Block, Bangalore",4.2,12.936221,77.622319
Tree Tops Bar & Kitchen,"North Indian, Mughlai, Continental, American, Desserts",1600," Hotel Southern Star, Lavelle Road, Bangalore",4.2,12.97475223,77.59950768
BLR Brewing Co.,"Chinese, North Indian, Fast Food, Desserts, BBQ, Beverages",1500," Kanakapura Road, Bangalore",4.2,12.86788137,77.54336368
The Irish House,"European, American",1700," Yelahanka, Bangalore",4.2,13.0938126,77.5955638
Thyme & Whisk,"Asian, North Indian, Chinese, Continental, Italian, Desserts, Beverages",1400," Jayanagar, Bangalore",4.2,12.92204504,77.58391567
Grill Daddy,"American, Pizza, Burger, Steak, Sandwich, Continental, Beverages",800," Koramangala 1st Block, Bangalore",4.2,12.929122,77.634665
Public - The Rooftop Bar And Kitchen,"North Indian, Chinese, Finger Food, Continental",1000," Bannerghatta Road, Bangalore",4.2,12.89887096,77.60568682
Orzuv,"Kashmiri, Cafe, Beverages",1100," Whitefield, Bangalore",4.2,12.96294149,77.74780937
Kenzai,"Asian, Chinese, Japanese, Korean, Thai, Burmese",1200," New BEL Road, Bangalore",4.2,13.02780887,77.57336989
Kenzai,"Asian, Chinese, Japanese, Korean, Thai, Burmese",1200," New BEL Road, Bangalore",4.2,13.02780887,77.57336989
Boho,"Continental, Asian, Bar Food, Desserts, Beverages",1700," Brookefields Mall, Brookefield, Bangalore",4.2,12.96592453,77.71812033
Moti Mahal Delux,"North Indian, Mughlai, Desserts, Arabian, Hyderabadi, Chinese, Biryani",1000," HSR, Bangalore",4.2,12.9086357,77.6519338
Northwest Kebab & Curryhouse,"North Indian, Mughlai, Beverages",1200," Koramangala 6th Block, Bangalore",4.2,12.936978,77.620128
Bhartiya Jalpan,"North Indian, Street Food, Desserts, Beverages",350," Indiranagar, Bangalore",4.2,12.96869386,77.64147252
Quattro Ristorante,"Italian, Mexican, Desserts, Beverages",1400," Residency Road, Bangalore",4.2,12.96866347,77.60272298
Dr. Sheesha,"Chinese, North Indian, Fast Food, Italian, Beverages",700," JP Nagar, Bangalore",4.2,12.91378214,77.58581903
Dive,"Continental, Finger Food, Desserts",1300," Marathahalli, Bangalore",4.2,12.97779198,77.69553613
Sunny's,"European, Italian, Seafood, Continental",2100," Lavelle Road, Bangalore",4.2,12.97194736,77.59857964
Tea Brew,"Cafe, Italian, Continental, Beverages, Pasta, Tea, Momos, Bubble Tea",600," Indiranagar, Bangalore",4.2,12.9644451,77.63875544
Ministry of Food - Hilton Bangalore Embassy GolfLinks,"North Indian, Asian, Continental, Italian, Mughlai, Desserts",1200," Hilton Bangalore Embassy GolfLinks, Domlur, Bangalore",4.2,12.94911741,77.6455069
Tiger Trail - Royal Orchid Hotel,"North Indian, Beverages, Desserts",2000," Royal Orchid Hotel,  Old Airport Road, Bangalore",4.2,12.95767876,77.64491547
Cafe Palmyra,"Chinese, North Indian, Continental, Cafe",2000," Palm Meadows Club, Whitefield, Bangalore",4.2,12.96409452,77.73969904
Kobe Sizzlers,"American, Continental, Fast Food, Steak, Beverages",1500," Indiranagar, Bangalore",4.2,12.97850095,77.64261514
What the Ale?!,"Finger Food, Fast Food, North Indian, Desserts, Beverages",1400," Bommasandra, Bangalore",4.2,12.841875,77.644528
Drunkling - Sizzlers And Pub,"Chinese, Continental, North Indian, Burger, Pizza, Seafood, Desserts",1500," Koramangala 5th Block, Bangalore",4.2,12.93703783,77.61984084
Terracotta Whitefield,"North Indian, Lucknowi, Afghan, Desserts",3000," Vivanta Whitefield, Bangalore",4.2,12.98728867,77.73814838
Hyderabad Biryani House,"Biryani, Hyderabadi, Chinese",800," Malleshwaram, Bangalore",4.2,12.99409537,77.57141691
Chutney Chang,"North Indian, Chinese, Desserts",1500," Church Street, Bangalore",4.2,12.97369988,77.60300361
Mangalore Pearl - Seafood Restaurant,"Mangalorean, Seafood",650," Ulsoor, Bangalore",4.2,12.99087123,77.61932451
Giselle Resto Cafe,"Cafe, Continental, Beverages",800," Kammanahalli, Bangalore",4.2,13.01455582,77.62880143
Puchkas,"Street Food, North Indian, Fast Food, Chinese",200," Marathahalli, Bangalore",4.2,12.95781044,77.70890996
Vembanad - The Paul Bangalore,"Kerala, Seafood, Desserts",1800," The Paul Bangalore, Domlur, Bangalore",4.2,12.95395097,77.63965163
Sri Guru Kottureshwara Davangere Benne Dosa,South Indian,150," Basavanagudi, Bangalore",4.2,12.9387602,77.57076882
The Raj Pavilion - ITC Windsor,"North Indian, Continental, Asian",2000," ITC Windsor, Bangalore",4.2,12.99464519,77.58522928
Mystique Palate,Chinese,400," Jayanagar, Bangalore",4.2,12.92713761,77.58520279
Sathya's,"North Indian, Chinese, Beverages",1200," Koramangala 3rd Block, Bangalore",4.1,12.92888358,77.62905356
Cafe Del Sol,"Fast Food, Burger, Pizza, Pasta, Desserts, Coffee, Beverages",600," Nagarbhavi, Bangalore",4.2,12.96083831,77.50729736
The Lassi Corner,"Fast Food, Ice Cream, Desserts, Beverages",300," Marathahalli, Bangalore",4.2,12.9512782,77.71559637
Chandrappa Hotel,"South Indian, North Indian, Chinese",450," Yeshwantpur, Bangalore",4.2,13.0293085,77.56176967
Flax,"Cafe, Healthy Food, Salad",700," Indiranagar, Bangalore",4.2,12.967885,77.648157
Somilan Steak House,"North Eastern, Chinese, Naga, Steak, Beverages",1000," Church Street, Bangalore",4.2,12.9745794,77.60677312
Sky Garden,"North Indian, Asian, Continental, Italian, Mughlai",1400," Whitefield, Bangalore",4.2,12.993883,77.703264
Hotel Janardhan,South Indian,400," Race Course Road, Bangalore",4.2,12.98532226,77.57905718
The Grill House - Steaks & Sizzlers,"American, Mexican, Italian, Steak",1200," Ulsoor, Bangalore",4.2,12.97506784,77.62002826
TAB - Take A Break,"Continental, Italian, Fast Food, Beverages",500," JP Nagar, Bangalore",4.2,12.9063631,77.58903835
Cafe 60 Four,"Cafe, Fast Food, Chinese, Beverages, Italian, Desserts",500," Yelahanka, Bangalore",4.2,13.09724479,77.58419327
Kargeens,"Cafe, Continental, Italian",600," Koramangala 6th Block, Bangalore",4.2,12.93520401,77.62423128
Alchemy Coffee Roasters,"Cafe, Italian, Fast Food, Continental, Desserts, Beverages, Modern Indian",900," Jayanagar, Bangalore",4.2,12.92346851,77.58137964
Tapout Tavern,"Bar Food, North Indian, Chinese, Fast Food, Beverages",1200," Sarjapur Road, Bangalore",4.2,12.91325142,77.66626652
Bistro Claytopia,"Cafe, American, Italian, Modern Indian",900," Koramangala 1st Block, Bangalore",4.2,12.92577004,77.63352077
Noon's,Biryani,300," HSR, Bangalore",4.2,12.90813144,77.63484478
Sanchez Taqueria & Cantina,"Mexican, Tex-Mex, Beverages",1400," Indiranagar, Bangalore",4.2,12.97034479,77.64483768
Bang - The Ritz-Carlton,Finger Food,3000," The Ritz-Carlton, Bangalore",4.2,12.96830506,77.60115489
By The Blue - Grand Mercure,"North Indian, Chinese, Fast Food, Italian, Beverages",1500," Grand Mercure, Bangalore",4.2,12.92878,77.62776576
Thai House,"Thai, Beverages",1500," Indiranagar, Bangalore",4.2,12.9805896,77.64085595
Le Rock,"Continental, Chinese, Fast Food, North Indian",2000," Brigade Road, Bangalore",4.2,12.97365218,77.60712918
Amritsari Kulcha Land,"North Indian, Street Food",200," JP Nagar, Bangalore",4.2,12.90023509,77.58569464
Herbs & Spices,"Italian, North Indian, Desserts, Mangalorean",1200," Whitefield, Bangalore",4.2,12.96840863,77.74989177
The Bistro @ Global Village,"Mangalorean, Chinese, Mughlai, North Indian, Andhra",1000," Rajarajeshwari Nagar, Bangalore",4.2,12.91489651,77.50098947
Dindigul Thalappakatti,"Biryani, South Indian, North Indian, Chinese, Mughlai",600," Indiranagar, Bangalore",4.2,12.96703769,77.6416187
Auntie Fung's,"Asian, Thai, Chinese, Vietnamese, Japanese, Indonesian",600," New BEL Road, Bangalore",4.2,13.02802283,77.57126402
SLV Corner Restaurant,"South Indian, North Indian, Ice Cream, Beverages, Chinese",800," 153 Biere Street, Bangalore",4.2,12.94829759,77.56862774
Hotel Dwarka,South Indian,100," Basavanagudi, Bangalore",4.2,12.93790278,77.5677577
Hot Griddle,"Asian, Continental, Chinese, North Indian, South Indian, Italian, Beverages",1000," Jayanagar, Bangalore",4.2,12.91680956,77.59399608
Muthashy's,"Kerala, South Indian, Chinese",400," BTM, Bangalore",4.2,12.9207428,77.61321008
Al-Bek,"Mughlai, Arabian, North Indian, Chinese, Seafood",750," RT Nagar, Bangalore",4.2,13.02251518,77.5926248
Paradise Biryani,"Biryani, North Indian, Kebab, Beverages",700," Electronic City, Bangalore",4.2,12.84807769,77.65771933
Sichuan,"Chinese, Asian, Seafood, Momos",600," HSR, Bangalore",4.2,12.92109899,77.64507204
The Shack - Restopub,"Finger Food, North Indian, Chinese, Chettinad, Fast Food, Desserts",1300," Rammurthy Nagar, Bangalore",4.2,13.01244622,77.6656305
The Shack - Restopub,"Finger Food, North Indian, Chinese, Chettinad, Fast Food, Desserts",1300," Rammurthy Nagar, Bangalore",4.2,13.01244622,77.6656305
SGS Non Veg - Gundu Pulav,South Indian,500," City Market, Bangalore",4.2,12.970265,77.573028
Hungry Hippie,"Fast Food, Beverages, Chinese",800," Koramangala 5th Block, Bangalore",4.2,12.93469066,77.61570521
Brahmin Tiffins & Coffee,South Indian,100," Jayanagar, Bangalore",4.2,12.92337179,77.58598566
HQ,"North Indian, Chinese, Fast Food, Desserts",1200," Inorbit Mall, Whitefield, Bangalore",4.2,12.97986463,77.72786278
Sangam Mess,"South Indian, Biryani, North Indian, Chinese, Seafood, Beverages",300," Kammanahalli, Bangalore",4.2,13.019247,77.63770703
Season - Adarsh Hamilton,"North Indian, Chinese, Chettinad, Continental, Mughlai",1700," Richmond Road, Bangalore",4.2,12.96431474,77.59834461
Kudla - Hotel Ramanashree,"South Indian, Andhra, Chinese",1200," Hotel Ramanashree, Bangalore",4.2,12.96628752,77.59504281
Brew Kings,"Bar Food, Asian, Italian, North Indian, Pizza, Pasta",1500," Mysore Road, Bangalore",4.2,12.92600826,77.50001013
Shanghai Court,"Chinese, Thai, Seafood",600," Bannerghatta Road, Bangalore",4.2,12.89363794,77.61086516
MoMo Cafe - Courtyard By Marriott,"Asian, North Indian, Fast Food, Continental, Desserts, Beverages",2000," Courtyard & Fairfield by Marriott, Bangalore",4.2,12.92828068,77.68216766
Chai Galli,"Fast Food, North Indian, Desserts, Beverages",500," Brookefield, Bangalore",4.2,12.9674046,77.71462172
Saffron Vegetarian Cuisine,"North Indian, Chinese, Mexican",700," Banaswadi, Bangalore",4.2,13.01279085,77.64781393
Hyderabad Biryaani House,"Biryani, North Indian, Chinese, Mughlai, Kebab, Seafood, Desserts, Beverages",800," Koramangala 5th Block, Bangalore",4.2,12.93415443,77.6157508
Ta'aam,"North Indian, Mughlai, Arabian, Chinese, Chettinad, Desserts",700," Cunningham Road, Bangalore",4.2,12.98643304,77.59841468
Tasting Room - Bengaluru Oota Company,"Mangalorean, South Indian",2000," Ulsoor, Bangalore",4.2,12.97223977,77.6258862
Zhang's  - Chinese Restaurant,"Chinese, North Indian, Seafood",750," JP Nagar, Bangalore",4.2,12.91036285,77.59126358
Halli Jonne Biriyani,"Biryani, North Indian",400," Jayanagar, Bangalore",4.2,12.92870647,77.587023
Italian Creamery,"Desserts, Ice Cream, Beverages",300," HSR, Bangalore",4.2,12.91181089,77.64120229
The Open Box,"Bar Food, Continental, Italian, Asian",1400," St. Marks Road, Bangalore",4.2,12.97065714,77.60068517
Vera Italiano,"Italian, Pizza, Pasta",600," Kalyan Nagar, Bangalore",4.2,13.0220141,77.63985749
Hotel Navayuga,Andhra,500," Majestic, Bangalore",4.2,12.97605387,77.57554416
Dakshin - ITC Windsor,South Indian,5000," ITC Windsor, Bangalore",4.2,12.99464617,77.58523431
The Spice Bazaar,"North Indian, Mughlai",1000," Hotel Southern Star, Lavelle Road, Bangalore",4.2,12.97459083,77.59945706
Mr. Goofy's Cafe & Bakery,"North Indian, Pizza, Burger, Desserts, Beverages",1000," New BEL Road, Bangalore",4.2,13.02864476,77.57171396
Dropouts,"North Indian, Continental, Mangalorean",1500," Kalyan Nagar, Bangalore",4.2,13.02061634,77.64315359
Eating Love,Italian,700," Sarjapur Road, Bangalore",4.2,12.91080631,77.68079303
Rusty's,"Italian, Pizza, American, Sandwich, Burger",1100," Kalyan Nagar, Bangalore",4.2,13.0233047,77.63560686
Priyadarshini Grand,"South Indian, Street Food, Ice Cream, Desserts, Beverages",300," Basaveshwara Nagar, Bangalore",4.2,12.99017962,77.53791243
Punjabi Swag,"North Indian, Mughlai, Chinese, Fast Food, Beverages",600," BTM, Bangalore",4.2,12.9137662,77.6100581
Breads And Banter,"Fast Food, Continental, Desserts",700," Brookefield, Bangalore",4.2,12.96417751,77.7170109
Blue Terrain - Novotel,"Indonesian, Italian, Mediterranean, Asian",2000," Novotel Bengaluru, Marathahalli, Bangalore",4.2,12.92928781,77.68321004
Cafe Pink Pajamas,"Cafe, Pizza",600," Kalyan Nagar, Bangalore",4.2,13.02223328,77.63953496
Wolf'ish,"American, Burger, Fast Food, Pizza, Italian",700," Church Street, Bangalore",4.2,12.9744376,77.60728408
Barkaas- Arabic Restaurant,"Arabian, Biryani, Desserts, Beverages, Salad",1100," Marathahalli, Bangalore",4.2,12.95125206,77.69932576
Bite Me Cupcakes,Desserts,200," Koramangala 1st Block, Bangalore",4.2,12.925024,77.63742138
Bite Me Cupcakes,Desserts,200," Koramangala 1st Block, Bangalore",4.2,12.925024,77.63742138
9th Mile Dhaba - Royal Orchid Resort,North Indian,1200," Royal Orchid Resort, Yelahanka, Bangalore",4.2,13.08711421,77.590991
Mahjong Room - WelcomHotel By ITC Hotels,"Chinese, Seafood",1200," WelcomHotel By ITC Hotels, Richmond Road, Bangalore",4.2,12.96880593,77.6144211
Cafe D'hide,"Coffee, Cafe, Fast Food, Chinese, Beverages",600," Koramangala 5th Block, Bangalore",4.2,12.93353389,77.62238156
Motis Kitchen,"South Indian, Kerala, Chinese, Seafood, Chettinad, North Indian",350," Thippasandra, Bangalore",4.2,12.97261485,77.65334096
The Kabab Studio - Goldfinch Hotel,"North Indian, Chinese, Continental",1500," Goldfinch Hotel, Seshadripuram, Bangalore",4.2,12.98484168,77.57961005
Punjabi Nukkad Pure Veg,"North Indian, Chinese",500," HSR, Bangalore",4.2,12.89797222,77.65828863
Gudbud,"Ice Cream, Beverages",300," Koramangala 7th Block, Bangalore",4.2,12.932918,77.614292
RS Shiv Sagar,"Chinese, North Indian, South Indian, Street Food, Fast Food",500," Mantri Square, Malleshwaram, Bangalore",4.2,12.9915354,77.57050697
California Burrito,"Mexican, Fast Food",350," HSR, Bangalore",4.2,12.91059749,77.63795011
Fish & Fries Restaurant,"Mangalorean, Italian, Mexican, Fast Food, Biryani, Steak, Bengali, North Indian",700," HSR, Bangalore",4.2,12.90849517,77.65154924
Coastal Mama,"Konkan, Mangalorean, North Indian, Seafood, Biryani, Beverages, Desserts",700," JP Nagar, Bangalore",4.2,12.90623336,77.59335
My Place - Gokulam Grand Hotel & Spa,"Continental, Asian, North Indian, Fast Food, Beverages",1800," Gokulam Grand Hotel & Spa, New BEL Road, Bangalore",4.2,13.04256468,77.55497564
La Pino'z Pizza,"Pizza, Fast Food, Beverages",800," Koramangala 4th Block, Bangalore",4.2,12.93208499,77.63208613
30 Square,"Tibetan, Nepalese, Momos",400," Koramangala 5th Block, Bangalore",4.2,12.93441748,77.61632882
24th Main,"North Indian, South Indian, Chinese",800," JP Nagar, Bangalore",4.2,12.90842066,77.5858663
Hunan,"Chinese, Thai, Momos",1500," New BEL Road, Bangalore",4.2,13.03406538,77.56926477
Karma Kaapi,Fast Food,400," Jayanagar, Bangalore",4.2,12.92345512,77.58140478
Sea Route,"Mangalorean, Chinese, North Indian",1150," Rajajinagar, Bangalore",4.2,12.99687843,77.54741684
Flames Pizza,"Pizza, Fast Food",1000," Yelahanka, Bangalore",4.2,13.09958454,77.57814657
Feast India Co.,"Awadhi, Bengali, North Indian",1600," Cunningham Road, Bangalore",4.2,12.98986697,77.59128135
Upahara Darshini,South Indian,150," Basavanagudi, Bangalore",4.2,12.93937223,77.57126302
Parika Multicuisine & Coastal Fine Dine,"Mangalorean, Seafood, North Indian, Chinese, Finger Food, Asian, Bar Food",1000," HSR, Bangalore",4.2,12.91192952,77.63933782
Phulke Ghar Ke,"North Indian, Chinese, Fast Food",350," Bellandur, Bangalore",4.2,12.92141402,77.67602406
Sriracha Robata & Contemporary Pan Asian Dining,"Asian, Chinese, Beverages",1500," Indiranagar, Bangalore",4.2,12.97061042,77.64503919
Gam's Delicacy,"North Indian, Chinese, Assamese",800," Koramangala 7th Block, Bangalore",4.2,12.93635718,77.61498193
Dublin - ITC Windsor,"Bar Food, Pizza",3200," ITC Windsor, Bangalore",4.2,12.99478338,77.58522794
B Café - Shangri-La Hotel,"North Indian, Italian, Chinese, Japanese, Beverages, Bar Food",4200," Shangri-La Hotel, Vasanth Nagar , Bangalore",4.2,12.9922574,77.58852471
Gavran Misal,Maharashtrian,250," HSR, Bangalore",4.2,12.91593735,77.65172761
Pecos,"Finger Food, North Indian, Malwani",1100," Brigade Road, Bangalore",4.2,12.97363813,77.60728542
Sanky's Burger House,"Burger, Fast Food, Beverages",300," Hennur, Bangalore",4.2,13.01668239,77.62961347
Real Fresh Dosa Corner,South Indian,250," Brookefield, Bangalore",4.2,12.96476203,77.71669239
Napoli Italian Bistro,"American, Italian, Pizza, Cafe, Desserts, Beverages",1200," Sarjapur Road, Bangalore",4.2,12.915677,77.672702
Mini Punjabi Dhaba,North Indian,250," Banashankari, Bangalore",4.2,12.94032409,77.56430134
Habibi Falafel,"Arabian, Beverages",300," Koramangala 1st Block, Bangalore",4.2,12.92944498,77.63450481
Karnataka Bhel House,Street Food,100," Basavanagudi, Bangalore",4.2,12.95928893,77.56736878
The Roastery,Cafe,500," Kalyan Nagar, Bangalore",4.2,13.02223067,77.64003485
Krispy Kreme,"Desserts, Beverages",400," Forum Mall, Koramangala, Bangalore",4.2,12.93458217,77.61135299
Kabab Magic,"North Indian, Kebab, Hyderabadi, Chinese",400," Basavanagudi, Bangalore",4.2,12.94007477,77.57999964
Sky Lounge Bar - Svenska Design Hotel,"North Indian, Italian, Asian, Mughlai, Bakery",1900," Svenska Design Hotel, Electronic City, Bangalore",4.2,12.83925826,77.65925523
Indian Coffee House & Restaurant,"South Indian, North Indian, Mughlai, Biryani, Chinese, Fast Food, Beverages",800," Koramangala 5th Block, Bangalore",4.2,12.933678,77.61592079
Asha Food Camp,"South Indian, Chinese, North Indian, Fast Food, Beverages",600," Malleshwaram, Bangalore",4.2,13.00082674,77.57235367
Grill Biryanis,"Biryani, Andhra, North Indian",500," Yeshwantpur, Bangalore",4.2,13.03987718,77.51888517
Bathinda Junction,"North Indian, Chinese, Mughlai",500," Koramangala 7th Block, Bangalore",4.2,12.93638918,77.61289264
Chez Mariannick,"French, Pizza, Bakery",1200," Whitefield, Bangalore",4.2,12.9549544,77.72976816
Punjabi Nawabi,"North Indian, Biryani, Mughlai, Chinese",500," HSR, Bangalore",4.2,12.89712903,77.65856422
Biriyani Zone,"Biryani, North Indian, Chinese, Mughlai, Beverages",800," Varthur Main Road, Whitefield, Bangalore",4.2,12.955949,77.71665014
Maraheb Restaurant,"Arabian, Beverages",1200," Kalyan Nagar, Bangalore",4.2,13.02278141,77.63966907
Cafe Terra,"Cafe, Pizza, Continental, Desserts",700," Koramangala 4th Block, Bangalore",4.2,12.934235,77.625886
Carrots,North Indian,1000," Koramangala 6th Block, Bangalore",4.2,12.93958626,77.62557976
Zingron,"Chinese, Naga",750," Koramangala 7th Block, Bangalore",4.2,12.93591212,77.61519659
Café Kaffea,"Fast Food, Continental, Italian, Beverages",700," Vijay Nagar, Bangalore",4.2,12.96007,77.52689
Agape,"Lebanese, Arabian",300," Kalyan Nagar, Bangalore",4.2,13.02270236,77.6434426
Gud Dhani,North Indian,500," BTM, Bangalore",4.2,12.90531961,77.61157896
Kund Indian Barbeque,"North Indian, Mughlai",1100," Indiranagar, Bangalore",4.2,12.97991723,77.64057733
Fabindia Cafe,"Cafe, North Indian, Healthy Food, Street Food, Desserts",1200," Koramangala 2nd Block, Bangalore",4.2,12.92461715,77.61934564
Nandi Upachar,"South Indian, Chinese",500," International Airport, Bangalore",4.2,13.26839073,77.71970719
Marzipan Cafe & Bakery,"Bakery, Greek, Mediterranean, Fast Food, Italian",550," Ulsoor, Bangalore",4.2,12.97485515,77.61936978
Litti Twist,"North Indian, Bihari",300," BTM, Bangalore",4.2,12.91131122,77.60192569
The Rice Bowl,"Chinese, Momos",1300," Hotel Southern Star, Lavelle Road, Bangalore",4.2,12.97460096,77.59946946
1441 Pizzeria,"Italian, Fast Food, Beverages, Desserts",800," JP Nagar, Bangalore",4.2,12.91520173,77.58560278
Podi Idly,South Indian,250," Koramangala 6th Block, Bangalore",4.2,12.93733453,77.62433555
CakeWalk,"Bakery, Fast Food, Desserts, Beverages",800," Indiranagar, Bangalore",4.2,12.97905603,77.64523968
Sikori,"North Indian, Chinese, Street Food, Fast Food, Desserts, Beverages",900," Kalyan Nagar, Bangalore",4.2,13.02249918,77.63974786
Black Plus White,"Asian, Thai, North Indian, Chinese, Finger Food, Seafood, Andhra, Biryani",1100," HSR, Bangalore",4.2,12.9158465,77.63468888
Cucumber Town,"Kerala, South Indian, Seafood, Biryani",600," BTM, Bangalore",4.2,12.877269,77.616707
Black Deer,"Desserts, Beverages, Fast Food",500," Vijay Nagar, Bangalore",4.2,12.96090757,77.52793528
Bombay Chowpaty Kulfi,"Ice Cream, Sandwich, Fast Food, Street Food, Beverages",300," Frazer Town, Bangalore",4.2,13.00073069,77.61512853
Tenzin Kitchen,"Tibetan, Chinese, Momos",600," Koramangala 7th Block, Bangalore",4.2,12.93459361,77.61270784
Spice It - Ibis Bengaluru,"North Indian, Maharashtrian, Continental",800," Ibis Bengaluru, Marathahalli, Bangalore",4.2,12.92941361,77.68325932
Prems Graama Bhojanam,"South Indian, Beverages",350," Jayanagar, Bangalore",4.2,12.92651673,77.57806543
Mumbai Bistro,"North Indian, Street Food",250," Malleshwaram, Bangalore",4.2,13.00191165,77.57226951
Shakes Theory,"Beverages, Fast Food",400," Jayanagar, Bangalore",4.2,12.91711772,77.57765874
"Cinnamon - Renaissance Hotel, Bengaluru","Desserts, North Indian, Fast Food, Beverages",1800," Renaissance Hotel, Race Course Road, Bangalore",4.2,12.98384327,77.57672466
The Pearl Gourmet Food,"Continental, Biryani, North Indian, Chinese, South Indian, Fast Food, Beverages, Desserts",1000," Marathahalli, Bangalore",4.2,12.98736479,77.68952865
Churn,"Desserts, Ice Cream, Fast Food",250," New BEL Road, Bangalore",4.2,13.03418623,77.56955411
Budapest Bake Inn,"Fast Food, Desserts, Beverages",500," BTM, Bangalore",4.2,12.91389782,77.60979831
Deccan Paradise,"Biryani, Andhra",500," Ascendas Park Square, Whitefield, Bangalore",4.2,12.9869468,77.7367317
Disney Bakery,Fast Food,100," BTM, Bangalore",4.2,12.91367723,77.60723244
The Daily,"North Indian, Chinese",400," Electronic City, Bangalore",4.2,12.84811037,77.64860887
SLV Restaurant,"South Indian, North Indian, Chinese",300," JP Nagar, Bangalore",4.2,12.91548474,77.59505957
Drunken Monkey,Beverages,400," Bannerghatta Road, Bangalore",4.2,12.89067625,77.5969978
Vietnamese Kitchen,"Chinese, Vietnamese, Momos, Thai",800," Indiranagar, Bangalore",4.2,12.96640253,77.63728727
Chullah Chandigarh,"North Indian, Mughlai",800," Bellandur, Bangalore",4.2,12.9245103,77.67292611
Chime - Sheraton Grand Bengaluru Whitefield Hotel & Convention Centre,Finger Food,2500," Sheraton Grand Bengaluru, Whitefield, Bangalore",4.2,12.98891628,77.72974301
New Modern Hotel,"South Indian, Beverages",150," Basavanagudi, Bangalore",4.2,12.95446037,77.57881578
South Kitchen,South Indian,150," Basavanagudi, Bangalore",4.2,12.93783644,77.56865893
Malabar Bay,"Kerala, Seafood, North Indian, Biryani",800," BTM, Bangalore",4.2,12.93533439,77.60773335
Tibetan Mother's Kitchen,"Tibetan, Chinese, Thai",500," Koramangala 7th Block, Bangalore",4.2,12.93481875,77.61280071
Zamindar,"Biryani, Mughlai, Andhra",800," Kalyan Nagar, Bangalore",4.2,13.02235708,77.63808355
Maiyas,"North Indian, South Indian, Fast Food, Juices",400," Jayanagar, Bangalore",4.2,12.92892182,77.581845
Hungree Belly,"Continental, North Indian, Chinese, Bengali, Beverages",800," Kaggadasapura, Bangalore",4.2,12.97184673,77.6789755
Namaste,"South Indian, Beverages",100," BTM, Bangalore",4.2,12.91050108,77.60649618
Kitchen of Joy,"Fast Food, Bengali, Rolls",400," Indiranagar, Bangalore",4.2,12.96858735,77.6361708
Amma's Pastries,Bakery,400," BTM, Bangalore",4.2,12.91348737,77.6100501
Cupcake Noggins,"Bakery, Desserts",400," Koramangala 4th Block, Bangalore",4.2,12.93401985,77.62618382
Cupcake Noggins,"Bakery, Desserts",400," Koramangala 4th Block, Bangalore",4.2,12.93401985,77.62618382
Eshanya Street Food Cafe,"North Indian, Chinese",1200," Jayanagar, Bangalore",4.2,12.92314075,77.59313341
Hyderabad Chefs,"Andhra, North Indian, Chinese, Biryani",800," KBR Mall, Marathahalli, Bangalore",4.2,12.94811265,77.69865755
ibaco,"Ice Cream, Desserts, Beverages",400," Koramangala 4th Block, Bangalore",4.2,12.93383224,77.62668181
Suryawanshi,"Maharashtrian, Seafood",700," Whitefield, Bangalore",4.2,12.97734504,77.72496466
Chandni Chowk 2 Bangalore,"North Indian, Pizza, Beverages",450," Jeevan Bhima Nagar, Bangalore",4.2,12.96873307,77.64897868
Levels,"North Indian, Chinese, Mangalorean, Mughlai, Thai, Beverages, Bar Food",1400," JP Nagar, Bangalore",4.1,12.90618466,77.59384789
Khmer Kitchen,"Asian, Sushi, Desserts, Beverages",1800," JP Nagar, Bangalore",4.1,12.90645526,77.58634575
Geometry Gastropub,"Finger Food, North Indian, Seafood, Chinese, Continental, Pizza",1300," Malleshwaram, Bangalore",4.1,13.007936,77.557236
7 Rivers Brewing Co,"Finger Food, Continental",1800," Taj, MG Road, Bangalore",4.1,12.97314348,77.62000144
Tiamo - Conrad Bengaluru,"Italian, Mediterranean, Fast Food",2500," Conrad Bengaluru, Ulsoor, Bangalore",4.1,12.97515213,77.62041852
Bo Tai,"Chinese, Thai, Asian",2800," JW Marriott Bengaluru, Lavelle Road, Bangalore",4.1,12.97184411,77.59518161
154 Breakfast Club,"Cafe, Continental, Fast Food, Beverages, Desserts",900," Koramangala 4th Block, Bangalore",4.1,12.93333228,77.62704223
KA 01,"Bar Food, Continental, Beverages, Desserts",1800," Ibis Hotel, Richmond Road, Bangalore",4.1,12.9670305,77.59389818
The Groot,"Italian, Continental, North Indian, Chinese, Desserts, Beverages",1300," Forum Shantiniketan Mall, Whitefield, Bangalore",4.1,12.98961705,77.72826377
Limitless Bar & Kitchen,"North Indian, Continental, Chinese",1400," Kalyan Nagar, Bangalore",4.1,13.02157279,77.64137998
Spiceklub,"North Indian, Modern Indian, Desserts, Beverages",1200," Residency Road, Bangalore",4.1,12.9686344,77.60272264
Daily Sushi,"Japanese, Korean, Sushi, Asian",800," HSR, Bangalore",4.1,12.90925532,77.63869744
Smoke - The Sizzler House,"Continental, Italian, Fast Food, Beverages",800," New BEL Road, Bangalore",4.1,13.02785591,77.57332128
Buffalo Wild Wings,"American, Mexican, Healthy Food, Finger Food, Burger, Fast Food, Desserts",1600," Indiranagar, Bangalore",4.1,12.980311,77.640974
Nazaara - Courtyard By Marriott,"North Indian, Mughlai, Biryani",2500," Courtyard by Marriott Bengaluru, Hebbal, Bangalore",4.1,13.04293344,77.60978658
Millennials,"Finger Food, Continental, North Indian, Chinese, Italian",1450," JP Nagar, Bangalore",4.1,12.90713077,77.60018963
Shift,"Finger Food, Continental, North Indian, Salad, Chinese, Mughlai, Seafood, Italian",1800," HSR, Bangalore",4.1,12.91173736,77.63889827
Coal Spark,"North Indian, Seafood, BBQ, Chinese, Mughlai, Lebanese, Fast Food, Biryani",1000," HSR, Bangalore",4.1,12.90362707,77.65000094
Brother Barley Brewing Company,"Finger Food, Continental, North Indian, Chinese, Beverages",1500," HSR, Bangalore",4.1,12.91230894,77.63681117
Mayuri,"Andhra, North Indian, Chinese, Beverages",800," JP Nagar, Bangalore",4.1,12.91263671,77.58569229
Lotus Pavilion - ITC Gardenia,"Continental, North Indian, Beverages",3000," ITC Gardenia, Bangalore",4.1,12.96718864,77.59549174
Banoffee,"Sushi, Continental, Asian, American, Italian, Mexican, Beverages",1300," HSR, Bangalore",4.1,12.91479422,77.63830248
Fusion Theory,"North Indian, Chinese, Fast Food, Beverages",900," Jayanagar, Bangalore",4.1,12.92335741,77.5812405
Patios,"Chinese, Asian, North Indian, Pizza, Beverages, Desserts",1400," Jayanagar, Bangalore",4.1,12.92460147,77.58381944
Latitude Whitefield,"North Indian, Mughlai, Mexican, Italian, Beverages",2100," Vivanta Whitefield, Bangalore",4.1,12.98729651,77.73784395
Falcon Greens - Prestige Golfshire,"North Indian, Asian, European, Continental",1400," International Airport, Bangalore",,13.26828206,77.71918684
Airlines Hotel,"South Indian, North Indian, Street Food, Chinese, Beverages",500," Lavelle Road, Bangalore",4.1,12.97271221,77.59975344
Hightide Restobar,"North Indian, Chinese, Italian, Kebab, Andhra, Mughlai, Desserts, Beverages",1300," Bannerghatta Road, Bangalore",4.1,12.89750324,77.59961665
NoLimmits Lounge and Club,"Chinese, Continental, North Indian",2000," Brigade Road, Bangalore",4.1,12.97047319,77.61103883
Hustle,"Tea, Fast Food, Beverages, Continental",700," HSR, Bangalore",4.1,12.90925564,77.64250115
Soo Ra Sang,Korean,1500," Indiranagar, Bangalore",4.1,12.97896389,77.63679709
Moghul Durbar Restaurant,"North Indian, Chinese",500," Jayanagar, Bangalore",4.1,12.92849733,77.59642717
The Light House Restaurant,"North Indian, Chinese, Seafood",700," New BEL Road, Bangalore",4.1,13.02803001,77.57207237
Babai Tiffins,South Indian,200," HSR, Bangalore",4.1,12.91285665,77.6352223
Tata Cha,"Cafe, Tea, Beverages, Street Food",300," Jayanagar, Bangalore",4.1,12.92689351,77.58367024
Limelight - Royal Orchid Hotel,"Asian, Continental, North Indian, South Indian, Desserts",2200," Royal Orchid Hotel,  Old Airport Road, Bangalore",4.1,12.95754741,77.64424827
Caraway Kitchen - Conrad Bengaluru,"Asian, Continental, North Indian, Italian",2800," Conrad Bengaluru, Ulsoor, Bangalore",4.1,12.9751603,77.62042556
The Bengaluru Brasserie - Hyatt Centric MG Road,"Continental, Asian, North Indian, South Indian, Desserts",2000," Hyatt Centric, MG Road, Bangalore",4.1,12.97320719,77.62204494
Iyer Idly,South Indian,150," Thippasandra, Bangalore",4.1,12.97244822,77.67995652
The Polo Club - The Oberoi,"American, North Indian, European, Tex-Mex",3000," The Oberoi, MG Road, Bangalore",4.1,12.97271711,77.61863753
Salt Mango Tree,"Kerala, Biryani, Seafood, Beverages, Desserts",1200," Indiranagar, Bangalore",4.1,12.96967011,77.63871755
Sahana's Nati Style,"South Indian, Biryani, Fast Food",400," Wilson Garden, Bangalore",4.1,12.94714579,77.59867553
Wanderers,"Continental, North Indian, Thai, Italian, Beverages",2000," Kalyan Nagar, Bangalore",4.1,13.02324427,77.64312577
24@43 - The Oterra,"North Indian, Asian, Continental, Fast Food, Biryani, Desserts",3500," The Oterra, Hosur Road, Bangalore",4.1,12.84992489,77.66037606
Kulcha Stories,"North Indian, Street Food, Beverages",300," Koramangala 5th Block, Bangalore",4.1,12.9343616,77.61632111
Jus' Trufs,"Cafe, Italian, Pizza, Desserts",850," Sahakara Nagar, Bangalore",4.1,13.0726207,77.60381397
The Yellow Tree,"Italian, Desserts",700," Hennur, Bangalore",4.1,13.06325792,77.65533451
Pakwan,"North Indian, Chinese, Italian, Continental, Mexican, Biryani, Desserts, Beverages",1000," Sadashiv Nagar, Bangalore",4.1,13.00348918,77.57843792
Hi Seoul,Korean,800," Kalyan Nagar, Bangalore",4.1,13.02014857,77.64304798
Kava - Fairfield By Marriott,"North Indian, South Indian, Continental",1800," Fairfield by Marriott,Rajajinagar , Bangalore",4.1,12.98367567,77.56018348
North Indian Bhukkads,"North Indian, Biryani, Chinese, Street Food, Continental",800," Nagawara, Bangalore",4.1,13.04100674,77.62029797
Lakeview Milkbar,"Desserts, Cafe, Fast Food, Sandwich, Beverages",500," MG Road, Bangalore",4.1,12.97596141,77.60378715
Bhairaveshwara Military Hotel,"North Indian, South Indian, Biryani",300," Malleshwaram, Bangalore",4.1,12.995525,77.573585
Aroma's Hyderabad House,"Biryani, Mughlai, North Indian, Chinese",800," Kalyan Nagar, Bangalore",4.1,13.02259913,77.64812171
Kebarbiq Restaurant,"BBQ, Arabian, Continental, North Indian, Middle Eastern, Chinese, Beverages",800," HSR, Bangalore",4.1,12.91229063,77.64247399
Café Down The Alley,"Fast Food, Continental, Italian, Beverages",500," Banashankari, Bangalore",4.1,12.93546543,77.53294632
Doff Pub And Lounge,"Finger Food, Continental, Fast Food, North Indian, Chinese",1600," Indiranagar, Bangalore",4.1,12.97740809,77.64061924
Agent Jack's Bar,"Continental, North Indian, Italian",1200," Indiranagar, Bangalore",4.1,12.96908854,77.64141217
Draggers Café,"Cafe, Continental, North Indian, Chinese, Fast Food, Beverages",900," Kalyan Nagar, Bangalore",4.1,13.02133433,77.64170118
High Drate,"Finger Food, North Indian, Chinese, Mughlai, Fast Food",1400," Rajarajeshwari Nagar, Bangalore",4.1,12.90305319,77.52231941
Cuppa Redefined,"Continental, Fast Food, Healthy Food, Desserts, Beverages",600," HSR, Bangalore",4.1,12.91159782,77.63107493
Sampurna,"Andhra, South Indian, Biryani, Beverages",700," Ulsoor, Bangalore",4.1,12.9725152,77.62610044
Zen - The Leela Palace,"Thai, Japanese, Chinese",3500," The Leela Palace, Old Airport Road, Bangalore",4.1,12.9600891,77.64858339
Cake Delight,Desserts,300," Sahakara Nagar, Bangalore",4.1,13.063066,77.587019
Al-Badia Restaurant,"Arabian, Lebanese",650," Kammanahalli, Bangalore",4.1,13.0153078,77.63933748
CUR8 - Four Seasons Hotel,"European, Italian, Pizza, North Indian, Salad",3500," Four Seasons Hotel, RT Nagar, Bangalore",4.1,13.01945083,77.58524269
CUR8 - Four Seasons Hotel,"European, Italian, Pizza, North Indian, Salad",3500," Four Seasons Hotel, RT Nagar, Bangalore",4.1,13.01945083,77.58524269
Yum In My Tum,"Chinese, North Indian, Pizza, Burger, Pasta, Beverages",450," BTM, Bangalore",4.1,12.916533,77.604325
Britalian,"Italian, British, Beverages, Desserts",1000," Frazer Town, Bangalore",4.1,12.99919463,77.6000914
KFC,"Burger, Fast Food, Beverages, Desserts",450," Electronic City, Bangalore",4.1,12.83948022,77.65959721
Siddappa Hotel,South Indian,150," Richmond Road, Bangalore",4.1,12.96590427,77.59091154
Punjab Beat,"North Indian, Desserts, Beverages",1100," Whitefield, Bangalore",4.1,13.01632633,77.76221417
alt,"Finger Food, Continental, Seafood, Beverages",1900," KR Puram, Bangalore",4.1,12.996065,77.695574
Bearfoot Bistro,"Cafe, Fast Food, Italian, Desserts",650," Koramangala 6th Block, Bangalore",4.1,12.94063713,77.62410957
Dhuaan,"Fast Food, Chinese",700," Koramangala 5th Block, Bangalore",4.1,12.93306498,77.61477482
Sanman,"South Indian, North Indian, Chinese, Fast Food",600," Seshadripuram, Bangalore",4.1,12.98635855,77.57442232
Pizzeria Locale,"Pizza, Fast Food, Italian, Beverages, Pasta",700," Kalyan Nagar, Bangalore",4.1,13.025218,77.64347
Bhojohori Manna,Bengali,650," Koramangala 6th Block, Bangalore",4.1,12.937394,77.62431677
Happy Belly Bakes,"Bakery, Cafe, Desserts, Beverages",500," MG Road, Bangalore",4.1,12.971673,77.61261
Savji's Roll 'N' Biryani,"North Indian, Chinese, South Indian, Rolls, Biryani",400," Vijay Nagar, Bangalore",4.1,12.97161802,77.54700679
Wanley,Chinese,500," Indiranagar, Bangalore",4.1,12.97912954,77.6425045
Casa Piccosa,"North Indian, Italian, Chinese, Desserts",1100," JP Nagar, Bangalore",4.1,12.90588662,77.58568425
Burp,"Cafe, Continental, Fast Food, Pizza, Burger, Desserts, Beverages",800," New BEL Road, Bangalore",4.1,13.03351205,77.56908808
Jalpaan,"North Indian, Italian, Street Food, Desserts, Beverages",900," Jayanagar, Bangalore",4.1,12.9251949,77.57684469
The Hebbal Cafe - Courtyard By Marriott,"Continental, North Indian, Chinese, American, Fast Food",2000," Courtyard by Marriott Bengaluru, Hebbal, Bangalore",4.1,13.0429256,77.6098372
Swad Punjab Da,North Indian,200," BTM, Bangalore",4.1,12.91416155,77.61303172
Eddy's Cafe,"Cafe, American, Salad, Continental, Healthy Food, Italian",800," Indiranagar, Bangalore",4.1,12.97388284,77.6449272
The Terminal,"North Indian, Continental, Chinese",1000," Old Madras Road, Bangalore",4.1,13.080504,77.815213
Azuki Japan Travel Bistro & Sake,"Japanese, Beverages",1500," Richmond Town, Bangalore",4.1,12.9611442,77.6046057
Bathinda Tandoor,"North Indian, Mughlai",400," BTM, Bangalore",4.1,12.90725528,77.60712583
Bheema's,"Chinese, North Indian, Mughlai",650," Church Street, Bangalore",4.1,12.9752214,77.60366175
Thalassery Restaurant,"Kerala, North Indian, Chinese, Kebab, Desserts, Ice Cream, Beverages",700," Kammanahalli, Bangalore",4.1,13.01501348,77.63166569
Sarposh,"Kashmiri, North Indian, Beverages",1400," Indiranagar, Bangalore",4.1,12.970417,77.647434
Café 77 East - Taj Bangalore,"Continental, American, South Indian, North Indian",2100,"  Taj Bangalore, International Airport, Bangalore",4.1,13.19993746,77.7082099
Ging - Royal Orchid Central,"Asian, Seafood, Chinese, Desserts, Beverages",2000," Royal Orchid Central, MG Road, Bangalore",4.1,12.97507045,77.61525594
The Studio Cafe,Cafe,400," Jayanagar, Bangalore",4.1,12.93753811,77.57951785
Domino's Pizza,"Pizza, Fast Food, Beverages, Desserts",300," Hesaraghatta, Bangalore",4.1,13.0540349,77.50757195
Snoopy Paws Cafe,"Continental, Fast Food, Beverages",700," Yelahanka, Bangalore",4.1,13.0913393,77.658541
Bazaar - Zone By The Park,"North Indian, Pasta",1400,"  Zone By The Park, Electronic City, Bangalore",4.1,12.84496183,77.66549908
Shree Muthahalli Veg,"South Indian, North Indian, Street Food, Desserts, Chinese, Beverages",300," HSR, Bangalore",4.1,12.91464226,77.64472503
The Mylapore Cafe,"South Indian, Kerala",200," HSR, Bangalore",4.1,12.91803895,77.63823744
Kothanur Kitchen,"South Indian, Biryani",350," Hennur, Bangalore",4.1,13.06473414,77.64669646
Taco Bell,"Mexican, Fast Food, Wraps, Beverages",600," Koramangala 6th Block, Bangalore",4.1,12.93745511,77.62715455
Silbatti,"North Indian, Mughlai",750," HSR, Bangalore",4.1,12.91619388,77.64472906
Nook - Aloft Bengaluru Cessna Business Park,"North Indian, Continental, Asian, Fast Food, South Indian, Desserts",1800," Aloft Bengaluru Cessna Business Park, Kadubeesanahalli, Bangalore",4.1,12.93738224,77.69356202
Pepe Verde's - Italian Cafe and Ristorante,"Italian, Beverages",1500," Race Course Road, Bangalore",4.1,12.98524679,77.57916648
Avista Wine Bar & Pizzeria,"Italian, Continental, Pizza, Desserts",1200," Sahakara Nagar, Bangalore",4.1,13.063577,77.59057
Halli Mane,"South Indian, North Indian, Chinese",250," Malleshwaram, Bangalore",4.1,12.99562362,77.57180214
Caffe Pascucci,"Cafe, Fast Food, Desserts, Beverages",800," JP Nagar, Bangalore",4.1,12.90643925,77.59178258
Crumb Together,"Continental, Finger Food, North Indian, Chinese",1200," JP Nagar, Bangalore",4.1,12.90708992,77.6000867
Pablo's Gastrobar,"Asian, North Indian, South Indian, Fast Food",1600," Whitefield, Bangalore",4.1,12.98232278,77.70890929
Mughal Treat,"Mughlai, Chinese, North Indian, Seafood, Rolls, Kebab",800," HSR, Bangalore",4.1,12.90360321,77.64940515
Cafe Aira,"Fast Food, Chinese, Desserts, Beverages",450," Basavanagudi, Bangalore",4.1,12.94535878,77.57703714
Saapaad,"South Indian, Biryani, Beverages",350," Koramangala 6th Block, Bangalore",4.1,12.937017,77.624877
Nu Air Premium Cafe,"Fast Food, North Indian, Mughlai, Finger Food, Pizza",800," Frazer Town, Bangalore",4.1,12.99516234,77.61420786
Momo Hut,"Chinese, Tibetan, Momos",250," Koramangala 5th Block, Bangalore",4.1,12.93419691,77.61587854
Elements Eatery,"Continental, Steak, Chinese, Fast Food, Desserts, Beverages",1100," Frazer Town, Bangalore",4.1,13.00113807,77.59921465
5th Avenue Cafe,"Cafe, Italian, Continental",700," Koramangala 5th Block, Bangalore",4.1,12.934072,77.615702
Dodo's Smokehouse,"Burger, Pizza, Chinese, Italian, Beverages",650," Electronic City, Bangalore",4.1,12.84039061,77.65066814
Fab Cafe,"Fast Food, Wraps, Beverages",500," Rajarajeshwari Nagar, Bangalore",4.1,12.93427958,77.51745187
Daruwala,"North Indian, Chinese",1200," JP Nagar, Bangalore",4.1,12.899347,77.59447
Capri Gastrobar,"Fast Food, Finger Food",1000," St. Marks Road, Bangalore",4.1,12.97179543,77.60092322
Matsuri - The Chancery Hotel,Japanese,1800," The Chancery Hotel, Lavelle Road, Bangalore",4.1,12.97564645,77.59914961
Rajathadri Palace,"North Indian, Chinese, South Indian, Desserts, Fast Food, Beverages, Juices, Street Food",700," Uttarahalli, Bangalore",4.1,12.90753633,77.54083905
Birbal Darbar,"North Indian, Chinese, Biryani, Beverages",500," Sarjapur Road, Bangalore",4.1,12.89712772,77.71873221
The Local - Terrace Drinkery,"Continental, American, Pizza, BBQ",1300," Koramangala 6th Block, Bangalore",4.1,12.94097859,77.62446161
Hatch,"North Indian, Mangalorean, Seafood, Beverages, Chinese",1200," Malleshwaram, Bangalore",4.1,12.99415319,77.57142462
Sheesh Kebab,"Kebab, Iranian, North Indian, Biryani, Rolls",500," Frazer Town, Bangalore",4.1,13.000372,77.61672445
Wokanaka - The Casual Chinese Pitstop,"Chinese, Asian, Seafood",500," Kalyan Nagar, Bangalore",4.1,13.02205918,77.64007542
The Elephant Bowl Resto Cafe,"Continental, Italian, Fast Food, Desserts",500," HBR Layout, Bangalore",4.1,13.025494,77.629682
Tapri By The Corner,"North Indian, Chinese",250," Koramangala 5th Block, Bangalore",4.1,12.93551934,77.62123927
Beijing Bites,"Chinese, Thai, Seafood",800," Koramangala 5th Block, Bangalore",4.1,12.93360154,77.62183204
Atlas World Cafe - Vividus Hotel,"Continental, North Indian, South Indian, Italian, Salad, Kebab, Beverages, Desserts",1700," Race Course Road, Bangalore",4.1,12.98466362,77.57847045
Sri Venkateshwara Sweetmeat Stall,"Mithai, Street Food, North Indian",400," Majestic, Bangalore",4.1,12.97297097,77.57480185
Arirang Korean Restaurant,Korean,1400," Kammanahalli, Bangalore",4.1,13.01965924,77.63717294
Palette - Taj Yeshwantpur,"Mediterranean, South Indian, North Indian, Chinese",1800," Taj Yeshwantpur, Bangalore",4.1,13.02883813,77.54041929
The Potbelly Divine,"Bihari, Seafood, North Indian, Beverages",1900," Indiranagar, Bangalore",4.1,12.97002,77.638715
BLOW,"Cafe, Continental, American, Fast Food, Burger, Desserts, Beverages",750," Church Street, Bangalore",4.1,12.97566606,77.60197967
Taste Of Tibet,"Tibetan, Chinese, Momos",450," Brigade Road, Bangalore",4.1,12.97345941,77.60694142
Kritunga Restaurant,"Andhra, Biryani, North Indian",800," Koramangala 5th Block, Bangalore",4.1,12.93447303,77.61613972
Brownie Heaven,"Desserts, Beverages",300," Indiranagar, Bangalore",4.1,12.96252948,77.64187954
Terra Bites,"Cafe, Italian, Continental",1150," Koramangala 4th Block, Bangalore",4.1,12.9342188,77.62594789
Siddique Kabab Centre,"Mughlai, Chinese, North Indian, Rolls",550," Frazer Town, Bangalore",4.1,12.99342173,77.60831539
Mahalaxmi Tiffin Room,South Indian,100," Basavanagudi, Bangalore",4.1,12.94702163,77.57156342
Uttsav Donne Biryani Mane,"Biryani, South Indian",400," Nagarbhavi, Bangalore",4.1,12.96444249,77.50479184
Rooftop Cafe,"Cafe, Fast Food, Beverages",350," Jayanagar, Bangalore",4.1,12.92905089,77.5860792
Sendhoor Coffee,"South Indian, Beverages",150," Indiranagar, Bangalore",4.1,12.9705699,77.63340846
HVR Veg,South Indian,150," Seshadripuram, Bangalore",4.1,12.99385394,77.57749077
Zaatar,"BBQ, Arabian, Salad, Chinese, North Indian, Mughlai, Desserts, Beverages",1000," KR Puram, Bangalore",4.1,12.99528419,77.6669753
Bamboo Restaurant,"North Indian, Chinese, Biryani, Kerala, Ice Cream, Beverages",700," Kalyan Nagar, Bangalore",4.1,13.02295029,77.63968147
Waffle Magic,"Fast Food, Desserts, Beverages",500," Indiranagar, Bangalore",4.1,12.9694094,77.6478072
Pattikattan Biriyani,"Chettinad, South Indian",300," Electronic City, Bangalore",4.1,12.848915,77.670378
Barjari Oota,South Indian,350," Basavanagudi, Bangalore",4.1,12.94484381,77.57220279
Cafe Shuffle,"Cafe, Continental, Chinese, Fast Food, Beverages",550," Banashankari, Bangalore",4.1,12.92589258,77.56476838
Donne Biryani Mandi,"Biryani, South Indian",300," BTM, Bangalore",4.1,12.923189,77.61646
Just Fresh Point,"Street Food, Fast Food, Sandwich, Desserts, Mithai",300," Electronic City, Bangalore",4.1,12.8412487,77.64761612
Sai Shakti,"North Indian, Chinese, Beverages",300," Malleshwaram, Bangalore",4.1,12.99915249,77.56807689
Vattika,"South Indian, North Indian, Chinese, Maharashtrian, Beverages, Desserts, Fast Food",650," Mysore Road, Bangalore",4.1,12.82442111,77.41161861
Fishing Boat - Hotel Goyal Residency,"North Indian, Biryani, Chinese, Kebab, Mangalorean",900," Electronic City, Bangalore",4.1,12.84220224,77.66971953
Peking Orient,"Asian, Chinese, Cantonese, Seafood, Desserts, Beverages",800," Kammanahalli, Bangalore",4.1,13.01643184,77.63468686
Chopstick World,"Chinese, North Indian, Thai, Mughlai, Fast Food, Seafood, Rolls",800," Basaveshwara Nagar, Bangalore",4.1,12.98573488,77.54242022
Dhaba Social,"North Indian, Chinese, Seafood, Mughlai",700," Brookefield, Bangalore",4.1,12.95585588,77.71684527
Dhaba Social,"North Indian, Chinese, Seafood, Mughlai",700," Brookefield, Bangalore",4.1,12.95585588,77.71684527
Polar Bear,"Ice Cream, Desserts, Beverages",350," Koramangala 6th Block, Bangalore",4.1,12.93696006,77.62006983
Funky Punjab,"North Indian, Chinese, Mughlai",500," JP Nagar, Bangalore",4.1,12.90027333,77.58576069
Frozen Bottle,"Beverages, Desserts, Ice Cream",400," Electronic City, Bangalore",4.1,12.84871347,77.65765864
The Krishna Grand,"North Indian, South Indian, Chinese, Fast Food, Juices, Street Food",750," Banashankari, Bangalore",4.1,12.92151565,77.57111382
The Purple Pan,"North Indian, Chinese",600," Rajajinagar, Bangalore",4.1,12.99872323,77.55691487
New Punjabi Food Corner,"North Indian, Chinese",600," Electronic City, Bangalore",4.1,12.83908631,77.65808579
Chaat Street,"Street Food, Beverages, North Indian",200," New BEL Road, Bangalore",4.1,13.039094,77.564143
Delicacy,"Chinese, Thai",500," Kalyan Nagar, Bangalore",4.1,13.02595319,77.64066517
12th Main - Grand Mercure,"European, Continental, North Indian, Asian",2000," Grand Mercure, Bangalore",4.1,12.92878196,77.62776341
Suraksha Paradise,"Biryani, North Indian",500," Peenya, Bangalore",4.1,13.03761694,77.5135504
Axomi - Taste of Assam,Assamese,500," Koramangala 7th Block, Bangalore",4.1,12.93639867,77.61504639
Copacabana Pub,"Fast Food, Mughlai, North Indian, Chinese",1500," Ulsoor, Bangalore",4.1,12.97279193,77.6268803
Fort Kochi,"Kerala, Seafood",1800," MG Road, Bangalore",4.1,12.97347085,77.62005039
Jaffa's Biryani,"Biryani, North Indian, Chinese",600," Marathahalli, Bangalore",4.1,12.95342132,77.69813351
The Daily Bean,"Continental, Fast Food, Desserts",350," Hennur, Bangalore",4.1,13.06404861,77.64882345
Sree Banashankari Donne Biriyani,"Biryani, South Indian",300," Basaveshwara Nagar, Bangalore",4.1,12.98881697,77.54555773
Iyer Mess,South Indian,150," Malleshwaram, Bangalore",4.1,12.99885749,77.57001176
Kaafi Desi,"North Indian, Fast Food, Chinese, Mithai",300," Marathahalli, Bangalore",4.1,12.95348536,77.71528926
Blue Tokai Coffee Roasters,"Tea, Healthy Food, American, Lebanese, Mediterranean, European, Middle Eastern, Juices",600," Koramangala 8th Block, Bangalore",4.1,12.94051524,77.62007486
IDC Kitchen,"South Indian, Ice Cream, Desserts",250," Koramangala 5th Block, Bangalore",4.1,12.9335571,77.61581048
Sanadige - Goldfinch Hotel,"Seafood, Mangalorean, Goan, South Indian, North Indian, Chinese, Desserts, Beverages",1200," Goldfinch Hotel, Seshadripuram, Bangalore",4.1,12.98513538,77.57937871
Marquis - Radisson Blu,"Asian, Continental, North Indian, Fast Food, Beverages",2200," Radisson Blu, Marathahalli, Bangalore",4.1,12.94987776,77.6992929
Biggies Burger,"Fast Food, Burger, Beverages",400," Church Street, Bangalore",4.1,12.975455,77.60287721
Pure & Sure Organic Cafe,"North Indian, Desserts, Asian, Italian",1100," Jayanagar, Bangalore",4.1,12.93073738,77.58234456
Banashankari Donne Biriyani,"Biryani, Fast Food",300," Banashankari, Bangalore",4.1,12.94162917,77.55743153
Angrezi - Bollywood Bar & Kitchen,"North Indian, Chinese, Fast Food, Finger Food",1400," Church Street, Bangalore",4.1,12.975181,77.604017
1947,"North Indian, Chinese, Continental, Desserts, Beverages",1000," Rajajinagar, Bangalore",4.1,12.98366718,77.54848838
Noodle Bar,"Chinese, Seafood, Thai, Momos, Beverages",1400," Phoenix Marketcity Bangalore, Whitefield, Bangalore",,12.99750011,77.69667707
Coffee Mechanics,"Cafe, Continental, Fast Food, Desserts, Bakery, Finger Food",700," HBR Layout, Bangalore",4.1,13.03104526,77.62744591
The Barn - Bar & Kitchen,"Bar Food, North Indian, Chinese, Continental",1800," Garuda Mall, Magrath Road, Bangalore",4.1,12.97014124,77.61006553
Punjabi Times,"North Indian, Biryani",1200," Bellandur, Bangalore",4.1,12.9242443,77.67182976
Rajdhani,"Gujarati, North Indian",1000," Mantri Square, Malleshwaram, Bangalore",4.1,12.99154815,77.57054117
Le Terrace Café,"Cafe, Continental, Italian, Chinese, Fast Food, Beverages",700," Nagarbhavi, Bangalore",4.1,12.96078243,77.50732318
Blu Oyster Bar & Restaurant,"Seafood, North Indian, Steak",1200," Indiranagar, Bangalore",4.1,12.97255604,77.63696205
Z-Bar,"Finger Food, North Indian, Beverages",1500,"  Zone By The Park, Electronic City, Bangalore",4.1,12.84497883,77.66545851
Desserted,"Cafe, Bakery, Desserts, Fast Food, Italian, Sandwich, Pasta",750," Vasanth Nagar, Bangalore",4.1,12.99253509,77.58933909
Chung Wah,"Chinese, Thai, Vietnamese",800," JP Nagar, Bangalore",4.1,12.89965761,77.59481985
Rajathadri Food Fort,"South Indian, North Indian, Chinese, Desserts, Beverages",600," Jayanagar, Bangalore",4.1,12.92776274,77.57809561
Pind Balluchi,"North Indian, Mughlai",750," Forum Neighbourhood Mall, Whitefield, Bangalore",4.1,12.95973655,77.74781071
Keep it Straight Cafe,Cafe,600," Eat Street, Koramangala 6th Block, Bangalore",4.1,12.93935557,77.62574807
Polamma's Mess,"Andhra, Biryani, South Indian",300," BTM, Bangalore",4.1,12.93650357,77.60832176
Namma Kudla,"South Indian, Mangalorean, Mithai",100," Malleshwaram, Bangalore",4.1,12.99989504,77.57231981
Udupi Sri Krishna Bhavan,"South Indian, North Indian, Chinese",400," Basavanagudi, Bangalore",4.1,12.94579009,77.57054519
20 Char - Sterlings MAC Hotel,"Continental, North Indian, South Indian, Asian",2200," Sterlings Mac Hotel, Bangalore",4.1,12.95973198,77.64843252
Amande Patisserie,"Bakery, Desserts, Fast Food, Beverages",700," Indiranagar, Bangalore",4.1,12.96795,77.641228
Roti Wala,"North Indian, Fast Food, Healthy Food, Desserts, Beverages, Chinese",350," BTM, Bangalore",4.1,12.913447,77.6039744
Sardarji Ka Dhaba,North Indian,250," Bommanahalli, Bangalore",4.1,12.91204619,77.62627915
Sardarji Ka Dhaba,North Indian,250," Bommanahalli, Bangalore",4.1,12.91204619,77.62627915
Aattutheeram Kerala Restaurant,"Kerala, Biryani, Beverages, South Indian",400," Hennur, Bangalore",4.1,13.064951,77.64587637
Masala Chai,"Beverages, Fast Food, Tea",250," Whitefield, Bangalore",4.1,12.99196043,77.70279385
House of Troy,"Mediterranean, North Indian, Italian, Chinese",1400," Koramangala 7th Block, Bangalore",4.1,12.93442,77.612768
Dal Roti Sabji,North Indian,150," Indiranagar, Bangalore",4.1,12.98098851,77.64611743
Rishi's Paratha Plaza,"North Indian, Fast Food, Street Food, Beverages, Desserts",250," Sanjay Nagar, Bangalore",4.1,13.02774616,77.57956546
Shri Ram Sweet Centre,"Mithai, Street Food",150," BTM, Bangalore",4.1,12.91427462,77.60062516
Aagaman Veg,"North Indian, Chinese, South Indian",900," Indiranagar, Bangalore",4.1,12.97821344,77.63779219
Nandhini Deluxe,"Andhra, Biryani, Chinese, North Indian, Mughlai, Desserts, Beverages",700," Sankey Road, Bangalore",4.1,12.99873662,77.58406486
Park Street Restaurant,"Bengali, Chinese, Fast Food",400," Hebbal, Bangalore",4.1,13.05731896,77.6102791
Ruh's Cafe,"Cafe, American, Italian, Continental, Chinese",500," BTM, Bangalore",4.1,12.91402723,77.60621756
DBD - Davangere Benne Dose,South Indian,150," Vijay Nagar, Bangalore",4.1,12.95849724,77.52668805
"R Bar - Renaissance Hotel, Bengaluru","Bar Food, Asian, South Indian",1400," Renaissance Hotel, Race Course Road, Bangalore",4.1,12.98383772,77.57672198
Sri Udupi Food Hub,"South Indian, North Indian, Chinese, Beverages",600," Jayanagar, Bangalore",4.1,12.91869057,77.57783342
Andhra Biryanis,"Biryani, Andhra, Chinese, North Indian",550," Nagawara, Bangalore",4.1,13.04141789,77.62243453
Paranda - Taj Yeshwantpur,"North Indian, Italian, American, Desserts, Beverages",1800," Taj Yeshwantpur, Bangalore",4.1,13.02887145,77.54042566
Gobble Up Churros Cafe,"Desserts, Fast Food, Beverages",400," Domlur, Bangalore",4.1,12.96506883,77.63524108
Cool Corner,"Sandwich, South Indian, Street Food, Fast Food, Ice Cream, Desserts, Beverages",200," Basavanagudi, Bangalore",4.1,12.9474121,77.5738718
CANTAN - Chinese Bar House,"Asian, Momos, Chinese, Thai",1800," Lavelle Road, Bangalore",4.1,12.97072281,77.5975661
Sea Spice By 7 Star,"Seafood, Biryani, South Indian, North Indian, Beverages",1200," Banashankari, Bangalore",4.1,12.91894644,77.56882288
Marigold Fine Dine Restaurant,"Continental, Chinese, North Indian, Seafood, Mughlai, Biryani, Desserts, Beverages",1500," Whitefield, Bangalore",4.1,12.96967174,77.73560464
Sidewalk Cafe & Bar - The Paul Bangalore,"North Indian, Kerala, Fast Food, Chinese, Desserts, Beverages",1500," The Paul Bangalore, Domlur, Bangalore",4.1,12.95386961,77.63966337
Krishna Kuteera,"South Indian, North Indian, Chinese, Fast Food, Street Food, Beverages, Desserts",400," Bannerghatta Road, Bangalore",4.1,12.87893278,77.61000652
Burger Yard,"Cafe, Fast Food, Asian, Beverages",700," HSR, Bangalore",4.1,12.91356743,77.63820391
Burger Yard,"Cafe, Fast Food, Asian, Beverages",700," HSR, Bangalore",4.1,12.91356743,77.63820391
The Humble Pie,"Bakery, Desserts, Beverages",200," HSR, Bangalore",4.1,12.90867557,77.6504378
Bistro Oui,"Continental, Fast Food, Italian, Chinese, Beverages",1100," Koramangala 5th Block, Bangalore",4.1,12.93376394,77.61939391
Shuddh Desi Khana,"North Indian, Beverages",600," Bannerghatta Road, Bangalore",4.1,12.9006106,77.60031536
Bahar Cafe,"Andhra, Biryani, Chinese, North Indian, Beverages",800," Marathahalli, Bangalore",4.1,12.94854756,77.69920338
East Delicious,"Chinese, Thai, Seafood, South Indian",500," Marathahalli, Bangalore",4.1,12.95548993,77.71573752
Chef Baker's,"Bakery, Desserts, Fast Food, Beverages, Pizza, Pasta",500," Brookefield, Bangalore",4.1,12.96721575,77.71663103
@Italy,"Italian, Desserts, Beverages",700," Kumaraswamy Layout, Bangalore",4.1,12.90702978,77.56369315
Asia Alive - DoubleTree Suites By Hilton,"North Indian, South Indian, Chinese, Thai, Italian, Burger, Sandwich",2700," DoubleTree Suites By Hilton, Sarjapur Road, Bangalore",4.1,12.91915,77.66513
The Thick Shake Factory,"Beverages, Desserts, Ice Cream",350," Koramangala 1st Block, Bangalore",4.1,12.927274,77.637993
The Square by Cafe Coffee Day,"Cafe, Beverages, Fast Food, Desserts",1400," Lavelle Road, Bangalore",4.1,12.97166017,77.59419255
Chaska Bun,"Street Food, Beverages",250," Koramangala 5th Block, Bangalore",4.1,12.93600688,77.62140121
Sreeraj Lassi Bar,"Beverages, Desserts, Ice Cream, Fast Food",200," Jayanagar, Bangalore",4.1,12.93141445,77.58355994
FireHouse - Bar & Kitchen,"Continental, American, Chinese, BBQ, North Indian, Italian",1800," HBR Layout, Bangalore",4.1,13.02601819,77.63624825
Sindhoora Gardenia,"Chinese, Biryani, South Indian",650," Kanakapura Road, Bangalore",4.1,12.88362651,77.55005512
Tayabbs,"Rolls, North Indian, Fast Food",450," Indiranagar, Bangalore",4.1,12.96908691,77.64769088
Cravy Wings,"Burger, Fast Food, Beverages",400," Koramangala 7th Block, Bangalore",4.1,12.931714,77.607324
Pizza Stop,"Italian, Pasta, Pizza, Fast Food",400," Jayanagar, Bangalore",4.1,12.92005262,77.58942593
Aastha Bengali Mess,"Bengali, North Indian, Chinese",250," Malleshwaram, Bangalore",4.1,13.02315,77.55278
Mama Mia!,"Desserts, Ice Cream, Beverages, Bakery",300," Seshadripuram, Bangalore",4.1,12.99143184,77.57990576
Biryanis And More,"Biryani, North Indian, Chinese, Andhra, South Indian",750," Jayanagar, Bangalore",4.1,12.9321608,77.58349724
KLINX - Hilton Bangalore Embassy GolfLinks,"European, Asian",2000," Hilton Bangalore Embassy GolfLinks, Domlur, Bangalore",4.1,12.94937162,77.64533792
Stonelicious,"Desserts, Ice Cream, Beverages",300," Marathahalli, Bangalore",4.1,12.9565172,77.70994965
Zayakedar,North Indian,250," Bellandur, Bangalore",4.1,12.92269632,77.6744315
Sai Foods,"North Indian, Chinese, Fast Food, Street Food, Beverages, Desserts",400," Brookefield, Bangalore",4.1,12.95743926,77.71462072
Patiala Lassi,"Beverages, Street Food",200," Sanjay Nagar, Bangalore",4.1,13.02918699,77.57873598
Royal Andaaz,"South Indian, North Indian, Chinese, Desserts",900," Mysore Road, Bangalore",4.1,12.92219863,77.49531325
Vandana Andhra and Multi Cuisine,"Biryani, Hyderabadi, Andhra, Chinese, North Indian",900," Sarjapur Road, Bangalore",4.1,12.91175893,77.6825767
Manasa Fishland,"Biryani, Chinese, Beverages, Seafood, Mangalorean",650," Kalyan Nagar, Bangalore",4.1,13.01445619,77.64270633
9D Foods,"North Indian, Street Food",400," Marathahalli, Bangalore",4.1,12.9487472,77.71192811
Tempteys,"Beverages, Desserts",300," BTM, Bangalore",4.1,12.91037232,77.60660782
Shree Thali,North Indian,200," Koramangala 5th Block, Bangalore",4.1,12.93653297,77.61988275
Big Mummy,"Fast Food, Healthy Food",400," Indiranagar, Bangalore",4.1,12.9625053,77.64334403
Le Charcoal,"North Indian, Arabian, Chinese, Lebanese, Rolls",700," Brookefield, Bangalore",4.1,12.96492931,77.71814112
Pizza Hut,"Pizza, Fast Food, Desserts",600," RT Nagar, Bangalore",4.1,13.02723463,77.59352535
Khana Khazana Xpress,"North Indian, Chinese, Street Food, Rajasthani",600," Yelahanka, Bangalore",4.1,13.09226674,77.59405274
Rigan Hyderabadi Bawarchi,"Hyderabadi, North Indian, Chinese, Biryani",600," Sahakara Nagar, Bangalore",4.1,13.06289702,77.59209774
Chaat Junction,"Street Food, Fast Food",200," Brookefield, Bangalore",4.1,12.953727,77.719529
Ayodhya Upachar,"South Indian, North Indian, Chinese, Street Food, Ice Cream, Beverages",450," Banashankari, Bangalore",4.1,12.92874862,77.54575118
Top Ace,"Rolls, Continental, Chinese, Fast Food, Beverages, Street Food",400," Koramangala 5th Block, Bangalore",4.1,12.93249901,77.61380989
Hotel Fanoos,"Rolls, Biryani, Fast Food, Arabian",500," Richmond Town, Bangalore",4.1,12.96454475,77.60667153
Seafood Place,"Chinese, North Indian, Kerala, Mangalorean, Seafood",900," Indiranagar, Bangalore",4.1,12.97930204,77.64224768
Mahalaxmi Cool Corner,"North Indian, Fast Food, Chinese, Sandwich, Rolls",350," KR Puram, Bangalore",4.1,13.0235317,77.7070056
Narmadha's Hyderabad Biriyani,"Biryani, Hyderabadi, Chinese, North Indian",400," BTM, Bangalore",4.1,12.9168455,77.6062501
Iceberg Organic Icecreams,"Desserts, Ice Cream",300," Indiranagar, Bangalore",4.1,12.978209,77.63652
Cafe Grill,"Chinese, North Indian, Rolls",300," Jeevan Bhima Nagar, Bangalore",4.1,12.96873633,77.6486776
Samrat Restaurant,"South Indian, North Indian, Desserts, Beverages",600," Hotel Chalukya, Race Course Road, Bangalore",4.1,12.98467506,77.58770965
D'7 Feast Resto Cafe,"Burger, Pizza, Continental",600," New BEL Road, Bangalore",4.1,13.0344629,77.56831661
Mood For Food,"North Indian, Biryani, Chinese, Beverages",800," Thippasandra, Bangalore",4.1,12.96964495,77.6488962
Buddha Treats,"Chinese, Thai, Biryani",600," ITPL Main Road, Whitefield, Bangalore",4.1,12.98525234,77.73971178
Clean Slate Cafe,"Cafe, Continental, Italian, Beverages, Desserts",700," Malleshwaram, Bangalore",4.1,13.00445288,77.57061224
Ji Hazoor,"Mughlai, North Indian, Biryani, Afghan",1300," Whitefield, Bangalore",4.1,12.97618749,77.72690456
Fat Buddha,"Asian, Chinese, Thai, Desserts",1200," Cunningham Road, Bangalore",4.1,12.98986664,77.59128135
Holiday Village,"North Indian, Chinese, Beverages",800," Kanakapura Road, Bangalore",4.1,12.86726459,77.54373081
New Uncle Kitchen,"Mughlai, North Indian, Chinese, Seafood, Biryani",600," Jalahalli, Bangalore",4.1,13.04575091,77.52260003
Occasions,"Bakery, Desserts",300," Koramangala 4th Block, Bangalore",4.1,12.93349697,77.6270714
Nammoora Thindi,South Indian,250," Nagarbhavi, Bangalore",4.1,12.96061122,77.5127684
Samosa Party,"Street Food, Beverages, Tea",250," Jeevan Bhima Nagar, Bangalore",4.1,12.96868112,77.64935151
Happy Endings,"Bakery, Desserts",200," Bellandur, Bangalore",4.1,12.9270435,77.66899768
Simply Indian,"North Indian, Chinese, Mughlai, Seafood, Street Food, Mangalorean",800," Bannerghatta Road, Bangalore",4.1,12.87951914,77.60977954
Simply Indian,"North Indian, Chinese, Mughlai, Seafood, Street Food, Mangalorean",800," Bannerghatta Road, Bangalore",4.1,12.87951914,77.60977954
UTSE Kitchen,"Tibetan, Desserts, Beverages",800," Commercial Street, Bangalore",4.1,12.9848603,77.6117513
Koel's Pizzeria,Pizza,500," Hennur, Bangalore",4.1,13.0604289,77.65715372
Popular Burger,"Burger, Sandwich, Rolls, Wraps",250," Electronic City, Bangalore",4.1,12.83908827,77.65760466
Akshaya Deluxe,"North Indian, Chinese, Seafood, Biryani",500," New BEL Road, Bangalore",4.1,13.03732031,77.56565753
Chung's Chinese Corner,"Chinese, Asian, Seafood",600," Malleshwaram, Bangalore",4.1,13.00647762,77.56925538
Delhi Base Sri Food Court,"North Indian, Chinese",300," Electronic City, Bangalore",4.1,12.84551525,77.65909631
Anjappar,"Chettinad, Biryani, Chinese, Seafood, South Indian",800," Koramangala 4th Block, Bangalore",4.1,12.9323304,77.62312017
Swadista Aahar,"South Indian, North Indian, Chinese",300," BTM, Bangalore",4.1,12.91391416,77.61022512
Mirage,"Asian, South American, Seafood, Beverages",2500," St. Marks Road, Bangalore",4,12.97509009,77.60245609
Potteery Nine Cafe,"North Indian, Mughlai, Beverages, Biryani, Desserts",1200," Hebbal, Bangalore",4,13.04418344,77.60095205
Amintiri,"Cafe, Bakery, Fast Food, Desserts, Beverages, Salad",900," Church Street, Bangalore",4,12.97375084,77.60307904
Kasipu,"North Indian, Chinese, Continental, Beverages, Desserts",700," Jalahalli, Bangalore",4,13.09759486,77.53243737
Flyover Drinkery,"Bar Food, North Indian, South Indian, Oriental, Italian, Pizza, Desserts, Beverages",1500," Esteem Mall, Hebbal, Bangalore",4,13.04911216,77.59376876
Bohemians,"Modern Indian, European, Healthy Food, Thai, Turkish, Chinese, Desserts",1800," Indiranagar, Bangalore",4,12.97026,77.639465
LIT Gastro Pub,"Chinese, North Indian, Continental, Fast Food",1000," Jayanagar, Bangalore",4,12.91998498,77.5835643
Le Grapes Restobar,"Finger Food, North Indian, Chinese, Italian",1400," Rajajinagar, Bangalore",4,12.99644034,77.55074445
Salut,"Continental, Finger Food, Seafood, Pizza",1200," Jayanagar, Bangalore",4,12.9311014,77.5861647
Publik,"Bar Food, North Indian, Chinese, Continental, Mughlai, Seafood, BBQ",1200," Bellandur, Bangalore",4,12.929936,77.685813
Hangover Brewery,"Continental, North Indian, Chinese, Asian, Finger Food, BBQ, Fast Food, Beverages",1700," Koramangala 7th Block, Bangalore",4,12.9348547,77.6139316
The Watering Hole,"Chinese, Continental, North Indian, Mughlai, Desserts, Beverages",1200," Rajarajeshwari Nagar, Bangalore",4,12.92621773,77.51554348
Bucket Biryani,"Biryani, Kebab",1000," Frazer Town, Bangalore",4,13.00026615,77.61779431
Mallika Biryani Centre,Biryani,300," KR Puram, Bangalore",4,13.05594589,77.66352388
Skyline Pizzeria,"Cafe, Bakery, Pizza, Pasta, Beverages",600," JP Nagar, Bangalore",4,12.90633532,77.57795177
Cafe Reset By Luke Coutinho,"Healthy Food, Continental, Italian, Beverages",800," Koramangala 6th Block, Bangalore",4,12.93796184,77.62411397
Amrith Ice Cream,Ice Cream,100," Malleshwaram, Bangalore",4,12.99943017,77.56545402
Cafe Kabana,"Cafe, Italian, Fast Food, Chinese, Beverages",700," Bannerghatta Road, Bangalore",4,12.88147527,77.59692069
Layla - The Den Bengaluru,"Mediterranean, Beverages",2000," The Den, Whitefield, Bangalore",4,12.987374,77.73335
Daffy's Brewgarden,"South Indian, Goan, Bar Food",1200," Indiranagar, Bangalore",4,12.9767612,77.64123304
Copper Kitchen,"North Indian, Chinese, Chettinad, Andhra, Lebanese",800," HSR, Bangalore",4,12.91496579,77.63219073
99 Variety Dosa & Pav Bhaji,"South Indian, Street Food",250," HSR, Bangalore",4,12.91198344,77.64243677
HSR High Street,"North Indian, South Indian, Chinese, Biryani",800," HSR, Bangalore",4,12.91287952,77.63513044
Tease Whitefield,"Finger Food, Beverages",1800," Vivanta Whitefield, Bangalore",4,12.987289,77.73784027
Gopaljee Cafe,"Street Food, North Indian",400," Bellandur, Bangalore",4,12.92161,77.671918
World On A Plate - Citrine Hotel,"Continental, Mexican, Italian, Chinese, North Indian, Desserts",1200," Citrine Hotel, Seshadripuram, Bangalore",4,12.98671499,77.57443473
Hotel Moonlight,"Chinese, North Indian",500," Malleshwaram, Bangalore",4,12.99666347,77.568787
Food Kasoot,"Chinese, Rolls, Beverages",500," Marathahalli, Bangalore",4,12.95701712,77.70348184
Phoenix Pizza,"Pizza, Fast Food",400," JP Nagar, Bangalore",4,12.90507777,77.580119
Raffaele's Ristorante Pizzeria,"Pizza, Italian, Beverages",1000," Koramangala 6th Block, Bangalore",4,12.94184,77.625555
Naati Cafe,"South Indian, Biryani",400," Koramangala 7th Block, Bangalore",4,12.936198,77.615398
Kumarakom The Restaurant,"Kerala, Chinese, Seafood",650," HSR, Bangalore",4,12.91426449,77.63806678
Hungry Bear,"Fast Food, Desserts, Beverages",300," Kumaraswamy Layout, Bangalore",4,12.91123704,77.56698489
Pizzology Pizza,"Fast Food, Beverages, Pizza",450," Electronic City, Bangalore",4,12.82144096,77.66004715
House Of Chaaps,"North Indian, Biryani, Chinese, BBQ, Rolls, Fast Food",500," Brookefield, Bangalore",4,12.96490514,77.71742865
Sangam Sweets,"Mithai, Street Food, Fast Food, Beverages",300," HSR, Bangalore",4,12.91179815,77.64127672
McDonald's,"Burger, Fast Food, Beverages, Desserts",500," Gopalan Arcade, Rajarajeshwari Nagar, Bangalore",4,12.93546935,77.51810096
Roti Ghar,"North Indian, Chinese, South Indian, Street Food, Ice Cream, Beverages",500," Basavanagudi, Bangalore",4,12.94474056,77.5721639
Candy Cloud Factory,"Desserts, Beverages, Ice Cream, Fast Food",400," Koramangala 5th Block, Bangalore",4,12.9336878,77.61557076
The Caffeine Baar,"Cafe, Desserts, Fast Food, Beverages",700," Jayanagar, Bangalore",4,12.91636512,77.59279646
Bathinda Dine,North Indian,600," Bellandur, Bangalore",4,12.9245152,77.6742528
Cafe Rome,"Cafe, Fast Food, Desserts",400," Sahakara Nagar, Bangalore",4,13.060616,77.589577
Eden Park,"Andhra, Biryani, Chinese, North Indian, Seafood, South Indian",1100," Cunningham Road, Bangalore",4,12.98308793,77.59860009
Kawaii,"Ice Cream, Beverages",300," Indiranagar, Bangalore",4,12.97213,77.64225
Dark Mandala Art Cafe,"Cafe, Italian, Mexican, Beverages, Desserts, Fast Food",600," JP Nagar, Bangalore",4,12.90623172,77.59334497
SLV Reddy Military Hotel,"Biryani, South Indian",400," JP Nagar, Bangalore",4,12.8688773,77.58214172
RRoyal Rajasthan,"North Indian, Rajasthani",500," Sarjapur Road, Bangalore",4,12.913425,77.682971
Dash Of Delite,"North Indian, Chinese",600," Electronic City, Bangalore",4,12.8355509,77.693379
Cinders Rooftop Barbeque,"North Indian, BBQ, Chinese, Desserts",1500," Comfort Inn Insys, Yeshwantpur, Bangalore",4,13.02810612,77.55874146
Copper Chimney,"North Indian, Mughlai, Biryani, Kebab, Beverages",1200," Phoenix Marketcity Bangalore, Whitefield, Bangalore",4,12.99717081,77.69676659
Windmills Craftworks,"Continental, Beverages",2100," International Airport, Bangalore",4,13.19931531,77.70953123
Maa Reddy's Hyderabadi Biryani House,"Biryani, Andhra, North Indian, Chinese, Seafood",500," Electronic City, Bangalore",4,12.84015656,77.6534174
Sadda Adda,"North Indian, Chinese, Fast Food, Biryani",350," Yelahanka, Bangalore",4,13.12156505,77.63104912
Isiri Restobar,"North Indian, Andhra, Continental, Seafood, Mangalorean",1500," Marathahalli, Bangalore",4,12.97941476,77.69539766
Mandi,"North Indian, Street Food, Desserts",500," JP Nagar, Bangalore",4,12.9149586,77.58606881
Rahhams,"North Indian, Mughlai, Chinese, Seafood",700," Frazer Town, Bangalore",4,13.00070391,77.61316113
Mast Marathi,"Maharashtrian, Street Food, Desserts, Beverages",300," HSR, Bangalore",4,12.91148812,77.64435915
Gabru Bistro & Cafe,"North Indian, Mughlai, Chinese, Kebab, Rolls, Sandwich, Biryani, Beverages",700," New BEL Road, Bangalore",4,13.03394822,77.56790161
Mystique Palate Kundalahalli,"Chinese, Tibetan, Fast Food, Italian",550," Brookefield, Bangalore",4,12.95900695,77.71406349
Indian Paratha Company,"North Indian, Rolls",600," International Airport, Bangalore",,13.26234611,77.7163323
Imperial Restaurant,"North Indian, Mughlai, Chinese, Seafood, Desserts, Beverages, Biryani, Kebab",600," Residency Road, Bangalore",4,12.97124164,77.60565128
Rajanna Military Hotel,"Biryani, South Indian",300," Vijay Nagar, Bangalore",4,12.98188892,77.53327422
Brunchilly - Sarovar Portico,"North Indian, Continental",1300," Marathahalli, Bangalore",4,12.97886523,77.69450113
Burnout Cafe,"Cafe, Fast Food, Continental, Beverages",700," Infantry Road, Bangalore",4,12.97968331,77.6037335
Aahar Vihar,"North Indian, Rolls, Chinese, Street Food, Mughlai",400," Marathahalli, Bangalore",4,12.9537118,77.71517459
Palmgrove,"North Indian, South Indian, Chinese, Juices",700," Ballal Residency, Residency Road, Bangalore",4,12.97149942,77.60844581
Paakashala,"South Indian, North Indian, Chinese, Beverages, Desserts",700," Rajarajeshwari Nagar, Bangalore",4,12.93020931,77.51494333
Nourich,"Healthy Food, Chinese, North Indian, Fast Food, Beverages, Mughlai, Continental, Salad",800," JP Nagar, Bangalore",4,12.90634611,77.5968248
Dine Garden Family Restaurant,"Biryani, North Indian, Chinese, Kerala",500," Electronic City, Bangalore",4,12.854952,77.669243
Soundarya Paradise,"South Indian, North Indian, Chinese, Street Food, Desserts, Beverages, Ice Cream",400," Jalahalli, Bangalore",4,13.04267704,77.51314055
Creamvilla,"Cafe, Desserts, Ice Cream",600," Sarjapur Road, Bangalore",4,12.907486,77.694646
Gowdara Mudde Mane,"South Indian, North Indian, Biryani, Beverages",450," Kanakapura Road, Bangalore",4,12.88287054,77.5464556
New Hilal Restaurant,"North Indian, Chinese, Mughlai",500," Shivajinagar, Bangalore",4,12.98572475,77.60538105
SLAY Coffee Bar,"Coffee, Beverages",350," HSR, Bangalore",4,12.91179194,77.64380403
Scoopy Doo,"Ice Cream, Desserts, Beverages",150," Electronic City, Bangalore",4,12.84145661,77.64775928
Ferment,"Continental, North Indian, Chinese, Pasta",1000," Banashankari, Bangalore",4,12.92218066,77.55835421
Golden Oak - La Marvella Sarovar Premiere Hotel,"North Indian, Continental, Oriental, Desserts",2000," La Marvella Hotel, Bangalore",4,12.93634704,77.58081201
Cafe Moshi,"Continental, Italian, Sandwich, Salad, Fast Food, Beverages",1100," Koramangala 5th Block, Bangalore",4,12.93501743,77.61528544
Tamarind - Tamarind Hospitality,"Chinese, Continental, North Indian",800," Tamarind Hospitality, Bangalore",4,13.01241649,77.64753431
Baba Chatkora,"North Indian, BBQ, Desserts, Beverages",800," JP Nagar, Bangalore",4,12.91043311,77.58810997
Mudde Madappa Mess,South Indian,150," Majestic, Bangalore",4,12.97896782,77.5778636
Andhra Vindu,"Andhra, Biryani, Mughlai",800," Yelahanka, Bangalore",4,13.12196406,77.62394596
Masti Masala,"North Indian, Chinese, Biryani, Fast Food, Beverages",500," Rajajinagar, Bangalore",4,13.00162809,77.54944492
New Krishna Sagar,"South Indian, North Indian, Beverages, Chinese",300," Jakkur, Bangalore",4,13.06758271,77.63262827
Friendly Neighbourhood Pizza-Man,"Pizza, Fast Food, Desserts, Beverages",400," JP Nagar, Bangalore",4,12.89189401,77.5790887
The Lassi Park,"Beverages, Ice Cream",300," Jayanagar, Bangalore",4,12.93304962,77.58231774
Holy Smoke,"Arabian, Mughlai, Chinese, Fast Food",350," BTM, Bangalore",4,12.91026284,77.60979865
Dose Manjanna,South Indian,100," Jayanagar, Bangalore",4,12.92883424,77.58650266
Bekal Restaurant,"Kerala, Mangalorean, Seafood, Beverages, Chinese",700," Jeevan Bhima Nagar, Bangalore",4,12.96787215,77.65430119
Bengali Fun Foods,"Bengali, North Indian",600," BTM, Bangalore",4,12.91605532,77.61877667
Hotel Salam,"Lebanese, Kebab, Rolls, South Indian",200," Bommanahalli, Bangalore",4,12.906694,77.633389
K.G.N Kabbab Corner,"North Indian, Chinese",550," Kalyan Nagar, Bangalore",4,13.02258052,77.63757762
What's In A Name,"Finger Food, Continental, Fast Food, Beverages, Italian",1200," Koramangala 5th Block, Bangalore",4,12.93392471,77.61971645
Night Owl Sky Lounge,"North Indian, Asian, Modern Indian, Finger Food",1600," Ulsoor, Bangalore",4,12.97507045,77.62002356
Oliver's Pub & Diner,"Finger Food, American, Continental, Burger, Pizza",1500," Ascendas Park Square, Whitefield, Bangalore",4,12.9866369,77.73603447
Kidilum,"Kerala, Chinese, North Indian",350," Whitefield, Bangalore",4,12.984256,77.733464
Lot Like Crepes & Cafe,"Cafe, Continental, Desserts, Beverages, Fast Food",600," Whitefield, Bangalore",4,12.98069941,77.75115615
Checkpost,"South Indian, Seafood, North Indian, Beverages",600," JP Nagar, Bangalore",4,12.91043964,77.59920627
Sitara Veg Restaurant,"South Indian, North Indian, Chinese, Fast Food",400," Electronic City, Bangalore",4,12.84199074,77.66956765
Swadeshi's,"North Indian, Chinese, South Indian",800," Kanakapura Road, Bangalore",4,12.86716621,77.5353764
Shuchi Ruchi,"Chinese, North Indian, Street Food, South Indian, Fast Food",350," Malleshwaram, Bangalore",4,13.0012511,77.57227488
Atthemane's Biriyani Palace,"Biryani, Mughlai, Chinese, North Indian, Andhra, Hyderabadi, Seafood",800," HSR, Bangalore",4,12.91375991,77.63213877
Sri Venkateshwara Sweet Meat Stall,"Mithai, Street Food, Desserts, Beverages",300," Jayanagar, Bangalore",4,12.92459983,77.58383319
The Mangalorean,"Mangalorean, Seafood, North Indian",550," Kammanahalli, Bangalore",4,13.0145911,77.63517603
Smokey Tribe Restaurant,"North Eastern, Fast Food",700," Koramangala 7th Block, Bangalore",4,12.93652873,77.61495017
Parkview,"South Indian, North Indian, Street Food, Juices, Chinese",300," JP Nagar, Bangalore",4,12.91139357,77.59894978
Kaara By The Lake,"Cafe, Italian, Beverages, Desserts",750," Ulsoor, Bangalore",4,12.98658169,77.61950187
Cafe Natural,"Cafe, South Indian, Fast Food, Beverages, Desserts",400," Sahakara Nagar, Bangalore",4,13.06296775,77.57645409
Sardarji Londonwaley,"North Indian, Chinese",500," Koramangala 7th Block, Bangalore",4,12.936308,77.615532
Sri Udupi Park,"South Indian, North Indian, Chinese, Street Food, Biryani, Ice Cream, Beverages",450," Indiranagar, Bangalore",4,12.97370445,77.6410494
Madeena Hotel,"South Indian, Chinese, North Indian",400," Bannerghatta Road, Bangalore",4,12.92089573,77.60074049
Chicken County Restaurant,"North Indian, Chinese, Mughlai, Seafood, Fast Food, Biryani, Beverages",600," Bannerghatta Road, Bangalore",4,12.93066418,77.6004431
Eat Repeat,South Indian,150," Basavanagudi, Bangalore",4,12.93889908,77.56742645
Cafe Arabica,"Cafe, Bakery, Fast Food, Beverages, Arabian, Desserts, Burger, Sandwich",700," Frazer Town, Bangalore",4,12.99952295,77.61609849
Trapeze,"Fast Food, Continental, American, Italian, Desserts, Beverages, Panini, Pizza",650," Hennur, Bangalore",4,13.03779392,77.6511915
Kodava Kuisine,South Indian,300," Sahakara Nagar, Bangalore",4,13.056046,77.576661
Shree Venkateshwara North Karnataka Hotel,South Indian,250," Basavanagudi, Bangalore",4,12.94238431,77.57159024
Cosmos Resto Bar,"Continental, North Indian, Chinese, Andhra, Desserts",1000," Rajarajeshwari Nagar, Bangalore",4,12.90374014,77.51386508
Crosstownjapan,Japanese,1100," Kalyan Nagar, Bangalore",4,13.02384538,77.639858
Official Hideout,"North Indian, Chinese, Fast Food, South Indian, Juices, Beverages",500," Rajarajeshwari Nagar, Bangalore",4,12.91697655,77.50004232
New Gongura Grand,"Andhra, North Indian, Chinese, Mughlai",550," HSR, Bangalore",4,12.91229946,77.63364282
Lan Thai,Thai,800," New BEL Road, Bangalore",4,13.02932091,77.57152855
Mugs N Burgers,"Fast Food, Chinese, Salad, Continental, Italian, Desserts, Beverages",500," Brookefield, Bangalore",4,12.96519279,77.71934509
Incanto - The Zuri,Italian,2500," The Zuri Hotels, Bangalore",4,12.99062556,77.72311695
Ramdev Sagar,"South Indian, Chinese, Street Food, North Indian, Biryani, Ice Cream, Beverages",500," Brookefield, Bangalore",4,12.9588988,77.71933135
The Belgian Waffle Co.,"Desserts, Beverages",250," HSR, Bangalore",4,12.91371253,77.65171554
Holige Mane,South Indian,100," Malleshwaram, Bangalore",4,12.99559585,77.57151783
Biryani Pot,"Biryani, North Indian, Chinese, Hyderabadi, Andhra, Wraps",500," BTM, Bangalore",4,12.92194864,77.61653602
Hara Fine Dine,"North Indian, Chinese, Beverages",800," Banashankari, Bangalore",4,12.92445278,77.56512243
Helloo Delhi,"North Indian, Biryani",1000," Koramangala 4th Block, Bangalore",4,12.93182423,77.63215117
Mikusu - Conrad Bengaluru,"Japanese, Chinese, Thai",3000," Conrad Bengaluru, Ulsoor, Bangalore",4,12.97515671,77.62041952
Shalimar,"North Indian, Chinese, Seafood",1000," Indiranagar, Bangalore",4,12.97829936,77.63730939
Cns Pastries,"Bakery, Desserts",400," Rajarajeshwari Nagar, Bangalore",4,12.90292639,77.51917921
Eat Retreat,"North Indian, Chinese",500," Sarjapur Road, Bangalore",4,12.914046,77.666393
Madouk Cafe,"Healthy Food, Fast Food, Biryani, Beverages, Desserts, Lebanese",400," Brookefield, Bangalore",4,12.96613756,77.71449264
The Kim Chi Chef,"Chinese, Thai",700," Whitefield, Bangalore",4,13.00838964,77.75892913
The Golden Scoop,"Desserts, Beverages, Fast Food, Ice Cream",300," Malleshwaram, Bangalore",4,13.00833149,77.57147491
Royal Restaurant,"North Indian, Chinese",200," Shivajinagar, Bangalore",4,12.98576723,77.60515507
Rajanna Military Hotel,"Andhra, South Indian, Biryani",550," Jayanagar, Bangalore",4,12.91895396,77.59304088
Sri Durga Chats And Juice,"Fast Food, Street Food, Beverages",200," Vijay Nagar, Bangalore",4,12.97244658,77.53881633
King,"North Indian, Chinese",500," Electronic City, Bangalore",4,12.84918647,77.67402884
Ruchi Sagar,"South Indian, North Indian, Chinese, Juices",250," Electronic City, Bangalore",4,12.84753768,77.67137781
Mother's Meal,"North Indian, Chinese",300," CV Raman Nagar, Bangalore",4,12.98149785,77.66686767
The Flying Cup,"Fast Food, North Indian, Street Food, Beverages",400," Bellandur, Bangalore",4,12.922433,77.67218
Cafe Kiara,"Mexican, Italian, Beverages",550," Hesaraghatta, Bangalore",4,13.08370514,77.48505145
Momomia,"Momos, Rolls",350," Domlur, Bangalore",4,12.95810777,77.64151745
Rajhans,"North Indian, Chinese, Fast Food, Beverages",300," St. Marks Road, Bangalore",4,12.97095935,77.60077737
Rajhans,"North Indian, Chinese, Fast Food, Beverages",300," St. Marks Road, Bangalore",4,12.97095935,77.60077737
#L-81 Cafe,"North Indian, Chinese, Continental, Fast Food, Beverages, Sandwich",500," HSR, Bangalore",4,12.91390861,77.63106555
The Urban Gully,"North Indian, Chinese, Beverages, Fast Food, Street Food",500," HSR, Bangalore",4,12.90768241,77.64454097
B2H - Biryani 2 Home,"Biryani, Mughlai, North Indian, Chinese, Kebab",400," JP Nagar, Bangalore",4,12.89929517,77.58578382
Five Star Chicken,Fast Food,300," JP Nagar, Bangalore",4,12.90112566,77.5899845
Writer's Cafe,"Cafe, Fast Food, Beverages",600," Kalyan Nagar, Bangalore",4,13.021792,77.640584
Kothanur Kitchen 2.O,South Indian,400," Hennur, Bangalore",4,13.033258,77.657148
The Punjabi Bites,"North Indian, Chinese",300," Old Airport Road, Bangalore",4,12.9545097,77.65287828
Snow Lion Tibet Kitchen,"Tibetan, Asian, Thai, Chinese, Momos",400," New BEL Road, Bangalore",4,13.03024826,77.56919503
Sorse,"Bengali, Seafood, Street Food, Beverages, Desserts",750," Whitefield, Bangalore",4,12.95851391,77.74643037
The Beer Cafe,"Finger Food, North Indian, Italian",1500," Orion Mall, Malleshwaram, Bangalore",4,13.01160244,77.55589563
The Studio Bar,"Italian, American, North Indian",1600," Orion Mall, Malleshwaram, Bangalore",4,13.01064628,77.55495451
AJ-125,"North Indian, Chinese, Beverages",700," Marathahalli, Bangalore",4,12.9361964,77.70386875
Maria Taste Circle,"South Indian, North Indian, Chinese, Seafood, Kerala",600," Marathahalli, Bangalore",4,12.95838354,77.69983202
Sagar,"North Indian, Street Food, Fast Food",600," Seshadripuram, Bangalore",4,12.98835796,77.57724166
99 Pancakes,"Desserts, Italian, Beverages",300," Church Street, Bangalore",4,12.97473459,77.60590643
Hotel Kandhasamy,"Seafood, Biryani, South Indian, Chettinad",900," Kalyan Nagar, Bangalore",4,13.024228,77.639899
Gowdru Hotel,"Biryani, South Indian",250," Vijay Nagar, Bangalore",4,12.96951459,77.53451005
Sangam Sweets,"Mithai, Street Food, Fast Food, Beverages",300," Yelahanka, Bangalore",4,13.09845435,77.5732388
Wok With Chung,"Chinese, Thai, Seafood",1000," Marathahalli, Bangalore",4,12.95652341,77.71088373
Cafe Cassia & Deli,"Continental, Thai, Beverages, Coffee",1000," Ulsoor, Bangalore",4,12.98121329,77.61292309
Saapad Raman,"South Indian, Biryani, Andhra",400," Kammanahalli, Bangalore",4,13.01417134,77.64083315
Namdhari's Salad Bar,"Salad, Fast Food",400," Indiranagar, Bangalore",4,12.97020463,77.64072418
Gokul Veg,"North Indian, Chinese, Beverages",750," Basavanagudi, Bangalore",4,12.94397922,77.57112287
Blue Bar - The Taj West End,Continental,2500," The Taj West End, Race Course Road, Bangalore",4,12.98411052,77.58396629
Kalingas,"North Indian, Odia, South Indian",300," BTM, Bangalore",4,12.90742195,77.61096474
Fresh Pressery Cafe,"Cafe, Healthy Food, Desserts, Fast Food",1200," Koramangala 5th Block, Bangalore",4,12.93560659,77.62122486
BG's Poolside Bar & Grill,"Mediterranean, Italian, Mexican, Fast Food, Desserts",1800," Courtyard & Fairfield by Marriott, Bangalore",4,12.92828297,77.68216699
Peacock,"North Indian, BBQ, Mughlai",1400," Indiranagar, Bangalore",4,12.97506359,77.64113892
Erivum Puliyum,"Kerala, North Indian, Chinese, Mughlai, Fast Food, Biryani",600," Brookefield, Bangalore",4,12.96362076,77.70984672
Karavali Lunch Home,"Seafood, Mangalorean",300," Malleshwaram, Bangalore",4,12.99852787,77.56981563
Citrus Cafe - Lemon Tree Hotel,"North Indian, Continental, Chinese, Seafood",2000," Lemon Tree Hotel Electronic City, Bangalore",4,12.8406469,77.65967231
Davanagere Benne Dose,"South Indian, Desserts",150," HSR, Bangalore",4,12.91236514,77.63437573
WelcomCafe Jacaranda - WelcomHotel By ITC Hotels,"Asian, Continental, North Indian",2000," WelcomHotel By ITC Hotels, Richmond Road, Bangalore",4,12.96878534,77.61437148
Chichaba's Taj,"North Indian, Chinese, Desserts",800," Frazer Town, Bangalore",4,13.00030862,77.61734437
Grubbery,"Salad, Steak, Fast Food, Pizza, Burger, Pasta, Sandwich, Beverages",700," New BEL Road, Bangalore",4,13.0301323,77.57080335
Rajvardhan Foods,"Street Food, Maharashtrian",300," Jayanagar, Bangalore",4,12.91818731,77.59259798
Oregano Soul Food,Cafe,700," Whitefield, Bangalore",4,12.98051479,77.71204647
Divina - Eden Park Restaurants,"Bakery, Desserts",200," Eden Park Restaurants, Bangalore",4,12.92283455,77.58478303
Mizo Kitchen,"North Eastern, Chinese",400," Koramangala 5th Block, Bangalore",4,12.93306433,77.62310207
Kamat's Palate Korner,"North Indian, Chinese, Seafood, Fast Food, Kebab, Mughlai, Beverages",700," Richmond Road, Bangalore",4,12.96794468,77.59140909
Mane Ruchi's Palate Restaurant,"North Indian, Chinese, Beverages, Desserts, Fast Food",650," Nagarbhavi, Bangalore",4,12.95795028,77.51864947
Chill-Um Cafe,"Cafe, Fast Food, Chinese, Desserts, Beverages",600," Koramangala 6th Block, Bangalore",4,12.93634541,77.62553886
Sree Renukambha Bidadi Thatte Idli,South Indian,100," Mysore Road, Bangalore",4,12.79671277,77.38357041
Gorilla Barfare,"Continental, Pizza, Burger",1400," Koramangala 6th Block, Bangalore",4,12.94100343,77.62447737
Cilantro,"European, American, Continental, North Indian, Steak",1500," Koramangala 4th Block, Bangalore",4,12.93620131,77.63150811
Sammaan Restaurant,"North Indian, Chinese, Continental, Biryani, Mughlai, Desserts, Beverages",1100," Hesaraghatta, Bangalore",4,13.05462999,77.50746265
Fiero! Pizzeria,Pizza,500," Koramangala 6th Block, Bangalore",4,12.93755281,77.61914983
Saaga - The Royale Senate Hotel,"North Indian, Mughlai, Chinese, Thai, Continental, Desserts, Beverages",1000," Hebbal, Bangalore",4,13.03643251,77.58945946
Karnatic,"South Indian, Kerala, Andhra, Biryani, Chettinad, Konkan, Mangalorean",1000," JP Nagar, Bangalore",4,12.90647389,77.58948661
The Big Bellyz,"Fast Food, Mexican, Street Food, Beverages, Rolls, North Indian",500," Malleshwaram, Bangalore",4,13.00264733,77.57214915
Dakshin Cafe,"South Indian, North Indian, Chinese",400," JP Nagar, Bangalore",4,12.88658076,77.582133
Namma Kudla,"Mangalorean, North Indian, Chinese, Biryani",450," JP Nagar, Bangalore",4,12.91267724,77.58615296
Rajasthani Charbhuja Restaurant,"North Indian, Chinese, Rajasthani",350," Electronic City, Bangalore",4,12.84126113,77.64762048
Jai Jinendra,"Mithai, Street Food",200," Koramangala 6th Block, Bangalore",4,12.93621601,77.62531087
Tanang  Restaurant,"Naga, Chinese",350," Hennur, Bangalore",4,13.05490565,77.64542643
Anna Kuteera,"South Indian, North Indian, Chinese",450," Banashankari, Bangalore",4,12.92606055,77.55031664
Sanjay Punjabi Dhaba,"North Indian, Chinese",500," Sahakara Nagar, Bangalore",4,13.057762,77.595151
Vaigai Vilas,"Tamil, Biryani, Andhra, Chinese, South Indian, Chettinad, Beverages",550," Whitefield, Bangalore",4,12.98423,77.734054
Kurtosshhh,"Desserts, Fast Food, Beverages",500," Inorbit Mall, Whitefield, Bangalore",4,12.979225,77.728571
Kurtosshhh,"Desserts, Fast Food, Beverages",500," Inorbit Mall, Whitefield, Bangalore",4,12.979225,77.728571
Ginger Greens,"Andhra, Chinese, North Indian, Seafood, Biryani",750," Kalyan Nagar, Bangalore",4,13.02582416,77.64053743
Chicken World,"North Indian, Chinese, Arabian, Fast Food, Beverages",400," Jalahalli, Bangalore",4,13.04582668,77.52234221
Step Right Up,"Street Food, Fast Food, Chinese, Beverages, Burger, Pizza, Pasta, Sandwich",300," Vasanth Nagar, Bangalore",4,12.99259814,77.5915499
Twiststick House,"Continental, Fast Food, Chinese, Italian, Pizza, Sandwich, Rolls",600," Basavanagudi, Bangalore",4,12.94946474,77.57455342
Chubalas Curry & Rice,"Naga, Goan, Seafood",400," Kammanahalli, Bangalore",4,13.0126628,77.64270231
Al-Sidique,"North Indian, Chinese, Hyderabadi, Mughlai, Biryani",400," Vijay Nagar, Bangalore",4,12.97200159,77.52753563
Subway,"Healthy Food, Wraps, Sandwich, Salad, Fast Food",500," JP Nagar, Bangalore",4,12.90414506,77.58584015
Big Chicken,"Burger, Sandwich, Rolls, Wraps, Beverages",300," Kammanahalli, Bangalore",4,13.01976181,77.63687253
Delicious Momos,"Chinese, Momos",450," Kammanahalli, Bangalore",4,13.01541331,77.63368975
Anju's Cafe,"Fast Food, North Indian, Street Food, Biryani, Desserts, Beverages",400," JP Nagar, Bangalore",4,12.91140011,77.58704748
You Me And Tea,"North Indian, Chinese, Fast Food, Healthy Food, Beverages",600," HSR, Bangalore",4,12.9088893,77.65177622
Little Black Choux,"Bakery, Desserts, Italian",850," Indiranagar, Bangalore",4,12.96967011,77.63871755
Waffle Stories,"Desserts, Beverages, Ice Cream",300," Jayanagar, Bangalore",4,12.92962406,77.57685877
Savoury - Sea Shell Restaurant,"Arabian, North Indian, Chinese, Fast Food",700," BTM, Bangalore",4,12.92432999,77.61220555
The Deli - The Den Bengaluru,"Bakery, Desserts, North Indian, Fast Food",600," The Den, Whitefield, Bangalore",4,12.98778885,77.73352325
Chaatimes,Street Food,200," Malleshwaram, Bangalore",4,13.00537934,77.57069405
The Shawarma Shop,Arabian,250," BTM, Bangalore",4,12.9093739,77.6064934
Basaveshwarnagar Dosa Corner,South Indian,200," Basaveshwara Nagar, Bangalore",4,12.99121034,77.54064392
Qube Cafe,"Cafe, North Indian, Street Food",650," Koramangala 4th Block, Bangalore",4,12.9339832,77.62998328
Bunty's Belly,"Cafe, North Indian",600," Kalyan Nagar, Bangalore",4,13.02259685,77.63978977
Cubbonpete Donne Biryani,"Biryani, South Indian",300," Sahakara Nagar, Bangalore",4,13.05897583,77.59148654
Bhavani Vada Pav,Street Food,150," Yeshwantpur, Bangalore",4,13.03003692,77.56209623
#54 Gully Kitchen,"North Indian, Asian, Fast Food, Street Food, Biryani",500," Malleshwaram, Bangalore",4,12.989609,77.578307
#54 Gully Kitchen,"North Indian, Asian, Fast Food, Street Food, Biryani",500," Malleshwaram, Bangalore",4,12.989609,77.578307
Baba Da Dhaba,"North Indian, Mughlai, Biryani, Fast Food",700," Indiranagar, Bangalore",4,12.97895148,77.6368038
Naachiyar's,Chettinad,600," Ulsoor, Bangalore",4,12.97728231,77.61933759
Hungry Vihaari,"Continental, Steak, Fast Food, Beverages, Pasta",1200," Kalyan Nagar, Bangalore",4,13.02324525,77.63962246
Desi Masala,"North Indian, Chinese, Desserts, Beverages",700," Banaswadi, Bangalore",4,13.01772869,77.65209675
House Of Kebabs,"North Indian, Chinese, Mughlai, BBQ, Lebanese, Biryani",600," Basavanagudi, Bangalore",4,12.9411155,77.57998724
Amoeba Sports Bar,"Continental, Chinese, North Indian, Mughlai",1600," Ascendas Park Square, Whitefield, Bangalore",4,12.98703058,77.73653906
Firki,"North Indian, Continental, Fast Food, Chinese",1200," Kalyan Nagar, Bangalore",4,13.02058596,77.64344729
Tandoor And Spice,"North Indian, Chinese, Hyderabadi",600," JP Nagar, Bangalore",4,12.89963702,77.59481817
Slo' Food Co.2,"North Indian, Chinese, Fast Food, Desserts",1000," Radisson Bangalore City Centre, Ulsoor, Bangalore",4,12.97493519,77.61901572
Bareerah Multicuisine Restaurant,"Arabian, Chinese, North Indian, Fast Food, Italian, Lebanese, BBQ, Beverages",1200," Commercial Street, Bangalore",4,12.98166591,77.60847453
Chez Nous - Novotel,"European, French, North Indian, South Indian",2500," Novotel Bengaluru, Marathahalli, Bangalore",4,12.92941296,77.68343467
Yes Yes Hotel,"North Indian, Chinese, Biryani",400," KR Puram, Bangalore",4,13.01950149,77.70451061
Huliyappa's Donne Biryani,"Biryani, South Indian",350," RT Nagar, Bangalore",4,13.02676752,77.59083007
Mustard Food Court,"North Indian, Chinese, Beverages",400," HSR, Bangalore",4,12.91081187,77.64423218
ZOROY Luxury Chocolate,"Desserts, Ice Cream, Beverages",300," Church Street, Bangalore",4,12.97556935,77.60219894
Just Shawarma,"Lebanese, Fast Food, Beverages",300," Rajarajeshwari Nagar, Bangalore",4,12.90300809,77.52026148
Kalpavriksha Upahara,"South Indian, North Indian, Chinese, Street Food, Beverages",600," Jayanagar, Bangalore",4,12.92136271,77.59346668
Donne Biriyani Mane,"Biryani, South Indian",300," Basaveshwara Nagar, Bangalore",4,12.9916994,77.53851458
Momo Shop,"Momos, Chinese, Rolls",300," RT Nagar, Bangalore",4,13.02299602,77.59220034
Chai Point,"Tea, Fast Food, Street Food, Beverages, Desserts",400," Kempegowda International Airport, Bangalore",4,13.20003995,77.71042541
Amrutha Sweets,"Mithai, Street Food, North Indian",300," HSR, Bangalore",4,12.90929845,77.64110439
The C@fe,"North Indian, Chinese, Fast Food, Beverages, Desserts",600," Kanakapura Road, Bangalore",4,12.81920223,77.51384664
Modified Tea,Tea,250," New BEL Road, Bangalore",4,13.029118,77.567203
Cottage Loaf,"Bakery, Fast Food",250," Hennur, Bangalore",4,13.05524565,77.65360314
The Organic Loaf,"Sandwich, Fast Food, Pizza, Bakery, Desserts, Beverages",450," Kanakapura Road, Bangalore",4,12.82186007,77.51460303
Anastasia,"Continental, Chinese, Fast Food, Beverages, Mangalorean, Seafood, Italian, Mexican",950," HSR, Bangalore",4,12.91228606,77.63576712
nu.tree,"North Indian, Healthy Food, Beverages",450," Whitefield, Bangalore",4,12.966099,77.73362216
8293,"Chinese, Momos, Thai",300," KR Puram, Bangalore",4,13.01030425,77.70639606
Kanti Sweets,"Mithai, Street Food, Desserts",300," Rajarajeshwari Nagar, Bangalore",4,12.91505141,77.52069265
Cold Smith Ice Creams,"Ice Cream, Desserts, Beverages",450," Yelahanka, Bangalore",4,13.09845729,77.5732626
Magic Oven,"Fast Food, Rolls, Chinese, Beverages",400," Electronic City, Bangalore",4,12.87408862,77.64634274
Priyadarshini Restaurant,"South Indian, Desserts, Beverages, Ice Cream",500," Majestic, Bangalore",4,12.97718462,77.57581808
Zucca Pizzeria & Shakes,"Pizza, Italian, Fast Food, Beverages",700," Kengeri, Bangalore",4,12.9233744,77.48472087
Tibet Kitchen,"Tibetan, Chinese",250," KR Puram, Bangalore",4,13.02397107,77.70637125
Cream Artisan,"Ice Cream, Desserts, Beverages, Fast Food",600," BTM, Bangalore",4,12.910543,77.60648
DVG Benne Dosa,"South Indian, Street Food",200," Nagawara, Bangalore",4,13.039683,77.620847
Juice Junction,"Juices, Beverages, Sandwich, Fast Food",250," St. Marks Road, Bangalore",4,12.97212673,77.60101911
SLV Refreshment,South Indian,100," Banashankari, Bangalore",4,12.94340543,77.56418735
Amdo's Corner Tibetan Foods,"Tibetan, Chinese",400," Richmond Road, Bangalore",4,12.95838909,77.61492938
Manjushree Fish Palace,"North Indian, Chinese, Seafood",400," Vijay Nagar, Bangalore",4,12.95905629,77.5240957
Sola Aana Odia,"Odia, North Indian",100," BTM, Bangalore",4,12.91517559,77.6153183
Dil Se Dilli,"North Indian, Mughlai, Rolls",700," Whitefield, Bangalore",4,12.99159258,77.72074487
Royal Biriyani House,"North Indian, Chinese, Biryani, South Indian",500," Kaggadasapura, Bangalore",4,12.98303696,77.68021166
Hotel Godavari,"Andhra, Biryani, North Indian, Chinese",600," BTM, Bangalore",4,12.92296527,77.61446971
Rigan Restobar,Continental,800," Kempegowda International Airport, Bangalore",4,13.26244434,77.71668702
Mad Over Donuts,"Desserts, Beverages",200," Jayanagar, Bangalore",4,12.92635171,77.58476157
Varanda,"North Indian, Continental, Chinese, Italian",700," Sarjapur Road, Bangalore",4,12.91300996,77.6803049
Zero Kelvin,"Desserts, Beverages",300," Brookefield, Bangalore",4,12.95144713,77.71752421
Vitamin Palace,"Cafe, Beverages, Fast Food, Juices",400," Koramangala 7th Block, Bangalore",4,12.93375152,77.61097848
Roast 'N' Frost,Fast Food,300," Rajajinagar, Bangalore",4,12.99753866,77.55439494
Juicy,"Beverages, Juices, Desserts, Sandwich, Fast Food",400," Old Airport Road, Bangalore",4,12.95904714,77.65542336
Dad's Cookhouse,"North Indian, Street Food, Chinese, Fast Food, Beverages",300," Sarjapur Road, Bangalore",4,12.91134161,77.68092681
KKR Foodies,"Street Food, North Indian, South Indian, Beverages",400," BTM, Bangalore",4,12.918821,77.611048
Punjabi Unplugged,"North Indian, Chinese",400," Koramangala 7th Block, Bangalore",4,12.936308,77.615532
White Elefan Coffee and Snack Bar,"Coffee, Fast Food, Chinese, Beverages",550," Koramangala 2nd Block, Bangalore",4,12.9261382,77.6221091
Eat N Drink,"Fast Food, Sandwich, Burger, Wraps, Ice Cream, Juices, Beverages",350," Kumaraswamy Layout, Bangalore",4,12.9097233,77.564818
Cafe Longing,"Cafe, Fast Food, Beverages",350," BTM, Bangalore",4,12.90993376,77.61450257
Ritomi's Lov,"North Indian, Sandwich, Chinese, Beverages, Salad",500," Bellandur, Bangalore",4,12.92721048,77.67782215
Wats Ur Scoop?,"Ice Cream, Desserts, Beverages",350," Indiranagar, Bangalore",4,12.96445,77.6387484
Ice Stone,"Ice Cream, Beverages, Desserts",250," HSR, Bangalore",4,12.91969185,77.65219666
Hatch,"Finger Food, Seafood, Chinese, North Indian",1200," Yeshwantpur, Bangalore",4,13.0238133,77.54802134
Dalchini,"North Indian, Sandwich, Beverages, Desserts",700," Bellandur, Bangalore",4,12.93163731,77.68597104
Coastal Biryani Paradise,"North Indian, Chinese, Biryani, Mughlai, Seafood, Fast Food, Beverages",500," RT Nagar, Bangalore",4,13.02666365,77.58726474
Bokeh Resto Cafe,"Chinese, North Indian, Fast Food, Salad, Italian, Beverages, Kebab",600," Sanjay Nagar, Bangalore",4,13.02828682,77.57326165
Bitebox,"North Indian, Chinese, Mughlai, Desserts",300," Marathahalli, Bangalore",4,12.9519562,77.70222958
Zabi,Biryani,300," HBR Layout, Bangalore",4,13.02227999,77.6292564
Snakk That,"Fast Food, Rolls, Beverages",450," HSR, Bangalore",4,12.90084721,77.64062729
Pimento,"Chinese, Fast Food, Italian, North Indian",400," Electronic City, Bangalore",4,12.832996,77.668224
Shree Cool Point,"Fast Food, Street Food, Beverages, Sandwich, Juices",150," Vijay Nagar, Bangalore",4,12.96213642,77.53739811
Schezwan Restaurant,"Chinese, Fast Food, North Indian, Biryani, Rolls, Beverages",500," BTM, Bangalore",4,12.918821,77.611048
Indian Spice Food,"Chinese, Biryani, Rolls, North Indian",300," Ulsoor, Bangalore",4,12.97405012,77.62257334
Biting Junction,"Chinese, North Indian, Fast Food",350," Whitefield, Bangalore",4,13.00829784,77.75884464
Ghar Ka Khana,"North Indian, Biryani",500," Yelahanka, Bangalore",4,13.102706,77.573684
Dheekshi Snackies,"Fast Food, Chinese, North Indian, Biryani",400," BTM, Bangalore",4,12.918821,77.611048
Delightz,"Desserts, Fast Food",300," Koramangala 6th Block, Bangalore",4,12.93774103,77.61929702
Delhi Eatz,"North Indian, Chinese, Beverages",400," Bannerghatta Road, Bangalore",4,12.88135107,77.59667728
The Juice Shop - Juicery And Kitchen,"Beverages, Fast Food, Bakery",300," Kalyan Nagar, Bangalore",4,13.022277,77.639483
ChatBox,Street Food,200," Marathahalli, Bangalore",4,12.97900081,77.69570746
Boxoo Cafe,"North Indian, Street Food, Momos, Chinese, Beverages",500," Electronic City, Bangalore",4,12.819925,77.662066
Tangerine - Davanam Sarovar Portico Suites,"Continental, North Indian, Asian",2200," Davanam Sarovar Portico Suites, Hosur Road, Bangalore",4,12.92188818,77.62110718
Coastal Delight,"Seafood, South Indian, North Indian, Mangalorean, Chinese",650," Indiranagar, Bangalore",4,12.9784013,77.63615705
Zatar House,"North Indian, Chinese, Arabian, Seafood, Biryani",400," Electronic City, Bangalore",4,12.83984209,77.66393602
Chowmein,"North Indian, Chinese, Thai, Momos",600," Seshadripuram, Bangalore",4,12.9888382,77.5784805
Chowmein,"North Indian, Chinese, Thai, Momos",600," Seshadripuram, Bangalore",4,12.9888382,77.5784805
Ice Cream Lab,"Desserts, Ice Cream, Beverages",300," Koramangala 5th Block, Bangalore",4,12.93432043,77.61626948
Dessert Rose,Desserts,500," Banashankari, Bangalore",4,12.92882509,77.56263368
Shubha Sagar,"South Indian, North Indian, Street Food, Juices, Chinese",300," Yelahanka, Bangalore",4,13.07108736,77.61847828
Shree Khana Khazana,"North Indian, Chinese",400," HSR, Bangalore",4,12.91289456,77.64471766
Suvai Factory,"Tamil, Biryani, South Indian, Chettinad, North Indian, Chinese",600," Whitefield, Bangalore",4,12.986699,77.736763
Sanjha Chulha,"North Indian, Mughlai, Chinese",800," Marathahalli, Bangalore",4,12.9564829,77.70987891
Punjab Bistro Express,North Indian,500," Nagawara, Bangalore",4,13.04521394,77.62097206
The Good Grain,"Healthy Food, North Indian, South Indian",550," Residency Road, Bangalore",4,12.96558604,77.59802978
Red Dragon Restaurant,Chinese,600," RT Nagar, Bangalore",4,13.0246296,77.59498347
Aroma Spice,"Andhra, Chinese, North Indian, Seafood",800," Kalyan Nagar, Bangalore",4,13.01848033,77.64307044
The Biryanis,"Andhra, Biryani, North Indian, Seafood, Chinese, Kebab, Desserts, Beverages",700," Jeevan Bhima Nagar, Bangalore",4,12.96783817,77.65439339
Kuttanad Restaurant,"Kerala, North Indian, Chinese, Seafood, Beverages, South Indian",500," Nagawara, Bangalore",4,13.04102528,77.62106828
Baskin Robbins,"Ice Cream, Desserts, Beverages",400," Ascendas Park Square, Whitefield, Bangalore",4,12.98683684,77.7365109
Indraprastha Restaurant,"North Indian, South Indian, Chinese, Street Food, Beverages, Biryani, Desserts, Ice Cream",600," Vijay Nagar, Bangalore",4,12.97180523,77.53748763
Petoo,"North Indian, Fast Food, Street Food",600," Gopalan Signature Mall, Old Madras Road, Bangalore",4,12.99277455,77.6614875
Green Pepper,"Kerala, Biryani, North Indian, South Indian, Seafood, Chinese",600," Jeevan Bhima Nagar, Bangalore",4,12.9686161,77.64886469
Maa Da Dhaba,North Indian,600," Yelahanka, Bangalore",4,13.0995963,77.57804465
Brilram's Balaji Bhavan,"North Indian, Chinese",800," Whitefield, Bangalore",4,13.0128637,77.7611215
Happy Chopsticks,"Chinese, Fast Food, Beverages",300," Rajarajeshwari Nagar, Bangalore",4,12.90330843,77.52142455
Brahmins' Thatte Idli,South Indian,200," Yelahanka, Bangalore",4,13.09934518,77.58806035
New Agarwal Bhavan,"North Indian, Chinese, South Indian, Fast Food, Street Food, Mithai",400," Yeshwantpur, Bangalore",4,13.0304315,77.56027836
Kannur Food Point,"Kerala, Chinese, South Indian, Beverages",400," BTM, Bangalore",4,12.9312197,77.60808036
Namma Banashankari Donne Biryani,"Biryani, South Indian",500," JP Nagar, Bangalore",4,12.90933015,77.57346008
Aqni,"North Indian, Mughlai, Biryani, Rolls",500," HBR Layout, Bangalore",4,13.02416608,77.63045333
Santosh Punjabi Dhaba,North Indian,300," Yelahanka, Bangalore",4,13.10265,77.575779
Cremee Fresh Cakes n' Snacks,Bakery,350," Kaggadasapura, Bangalore",4,12.97295235,77.67655313
Kathi Junction,"Rolls, North Indian, Chinese, Biryani",400," Jalahalli, Bangalore",4,13.07132512,77.5351702
Kabab Mehal,"South Indian, North Indian, Chinese, Mughlai, Seafood, Street Food, Beverages, Desserts",500," Kanakapura Road, Bangalore",4,12.88368665,77.54840825
Plantain Leaf,"Andhra, Chinese, North Indian, Biryani",800," Thippasandra, Bangalore",4,12.97183039,77.65478399
Manjushree Veg,"North Indian, Chinese",250," Bannerghatta Road, Bangalore",4,12.89006247,77.5939307
Bhagini Kitchen And Bar,"Andhra, South Indian, Chinese, North Indian",1100," Varthur Main Road, Whitefield, Bangalore",4,12.95577485,77.71425527
Dr. Bubbles,"Beverages, Desserts",400," Jayanagar, Bangalore",4,12.92719284,77.58578885
Mumbai Xpress,"Fast Food, North Indian, Street Food, Beverages, Chinese",350," Koramangala 5th Block, Bangalore",4,12.93343096,77.6154903
Tasty Bites,"North Indian, Chinese",200," JP Nagar, Bangalore",4,12.91492233,77.58652613
Samskruthi Grand,"South Indian, North Indian, Chinese, Street Food",350," Jalahalli, Bangalore",4,13.06594614,77.530417
Samskruthi Grand,"South Indian, North Indian, Chinese, Street Food",350," Jalahalli, Bangalore",4,13.06594614,77.530417
Priyadarshini Veg,"North Indian, South Indian, Chinese, Beverages",400," Yeshwantpur, Bangalore",4,13.02311786,77.55687363
Recipe,"North Indian, Chinese, Mughlai, Beverages, Biryani",600," Kumaraswamy Layout, Bangalore",4,12.90954061,77.56488204
Biryani Day,"North Indian, Chinese, Biryani",500," Marathahalli, Bangalore",4,12.9540833,77.69798364
Krishna Kuteera,"South Indian, North Indian, Chinese, Ice Cream, Street Food, Beverages",500," Bannerghatta Road, Bangalore",4,12.86942739,77.59699278
Shiva's Kabab Corner,"North Indian, Kebab",400," Sahakara Nagar, Bangalore",4,13.06301885,77.59212557
Orbis Restaurant,"Mughlai, Biryani, North Indian, Arabian, Chinese",750," Whitefield, Bangalore",4,12.95823683,77.74672743
Savi Sagar,"South Indian, North Indian, Chinese, Street Food, Beverages, Juices, Ice Cream",400," Jalahalli, Bangalore",4,13.04012773,77.51890525
Delhi Mess,"North Indian, Chinese",300," New BEL Road, Bangalore",4,13.0300179,77.5629781
Cafe OTW - On The Way,"American, Continental, Cafe, Italian, Sandwich",500," Koramangala 3rd Block, Bangalore",4,12.92962471,77.63082683
Dilli Da Dhaba,"North Indian, Chinese, Mughlai",600," Rajarajeshwari Nagar, Bangalore",4,12.91664093,77.49985892
Raja Gobi Centre,Fast Food,150," JP Nagar, Bangalore",3.9,12.90559412,77.59154353
Gawky Goose,"Italian, South Indian, North Indian, Chinese, Beverages, Desserts",2000," Old Airport Road, Bangalore",3.9,12.95394019,77.65283737
Geist Brewing Factory - Restaurant & Beer Garden,"American, Pizza, Italian, Pasta, Bakery",1200," Old Madras Road, Bangalore",3.9,13.0530116,77.7594117
Morsel Treats,Italian,1050," Indiranagar, Bangalore",3.9,12.97027392,77.63906062
Drunken Daddy,"North Indian, Continental, Fast Food, Oriental, South Indian, Beverages",600," Koramangala 5th Block, Bangalore",3.9,12.93446308,77.61613819
"Delistic - Chocolaterie, Patisserie & Cafe","Cafe, Desserts, Fast Food, Beverages",1400," St. Marks Road, Bangalore",3.9,12.9268747,77.5984674
Rumi,"Awadhi, Mughlai, North Indian, Kebab",900," Indiranagar, Bangalore",3.9,12.9704766,77.6434171
Hopshaus,"Continental, North Indian, Chinese, Beverages, Desserts",1500," Whitefield, Bangalore",3.9,12.96697986,77.74982337
Wabi Sabi - The Oberoi,Asian,4500," The Oberoi, MG Road, Bangalore",3.9,12.97331,77.618159
Lifetree,"North Indian, Continental, Beverages, Desserts",900," Richmond Road, Bangalore",3.9,12.96493781,77.59858366
Lapis - The Oberoi,"North Indian, South Indian, Mediterranean, European, American, Italian",3300," The Oberoi, MG Road, Bangalore",3.9,12.973313,77.618159
Rayan Kitchen,"North Indian, Continental, Italian, Pizza, Burger, Sandwich, Beverages",500," Bommanahalli, Bangalore",3.9,12.8818451,77.6256849
Lemon Leaf,"North Indian, Chinese, Mughlai, South Indian",700," Whitefield, Bangalore",3.9,13.0186564,77.76237711
The Tao Terraces,"Japanese, Sushi, Thai, Korean, Chinese",2100," 1 MG Road Mall, MG Road, Bangalore",3.9,12.9737466,77.62013555
Kitchen 6,"North Indian, Mughlai, Chinese, South Indian, Lebanese, Biryani, Desserts, Beverages",700," Yelahanka, Bangalore",3.9,13.10350476,77.57690672
Uncle Peter's Pancakes & Cafe,"Desserts, Tea, Beverages",300," Domlur, Bangalore",3.9,12.9617414,77.64342215
Smoky - The Sheesha Lounge,Cafe,500," Koramangala 5th Block, Bangalore",3.9,12.9332032,77.61393361
Grand Desi Paratha,"North Indian, Fast Food, Chinese, Desserts, Beverages",400," Rajarajeshwari Nagar, Bangalore",3.9,12.9145952,77.51863103
Namma  Adda - A Multicuisine Restaurant,"North Indian, Chinese, Continental, South Indian, Beverages",700," HSR, Bangalore",3.9,12.90931479,77.63863642
Hosatodaku,"Andhra, Mangalorean, Biryani",600," Jayanagar, Bangalore",3.9,12.93104618,77.58611843
Khamma Ghani Sa,"Rajasthani, North Indian",650," Koramangala 5th Block, Bangalore",3.9,12.9351691,77.6153586
Ozaa - Mediterranean Grills,Mediterranean,2500," UB City, Bangalore",3.9,12.97234694,77.59623539
Tim Tim Kitchen,"North Indian, Chinese, Biryani, Desserts",450," Rajarajeshwari Nagar, Bangalore",3.9,12.91720759,77.49987736
Chin Lung Resto Bar,"North Indian, Chinese, Fast Food, Continental, Beverages",1000," Residency Road, Bangalore",3.9,12.97185261,77.60670405
Have More,"North Indian, Chinese, Beverages",700," Kammanahalli, Bangalore",3.9,13.02402399,77.63133947
Have More,"North Indian, Chinese, Beverages",700," Kammanahalli, Bangalore",3.9,13.02402399,77.63133947
Chaiffee Cafe ,"Tea, Fast Food, Beverages, Street Food, Desserts",200," JP Nagar, Bangalore",3.9,12.90650526,77.5745846
Chickstar,"Burger, Fast Food, American",400," Frazer Town, Bangalore",3.9,12.99534817,77.61433208
Vayam Veg Fine Dine,"South Indian, North Indian, Fast Food, Chinese, Street Food, Desserts, Beverages",700," Vijay Nagar, Bangalore",3.9,12.98183403,77.53312033
Trippy Goat Cafe,"Cafe, Continental, Fast Food, Beverages",1500," Cunningham Road, Bangalore",3.9,12.985026,77.595903
Chai Nagri,"Cafe, Fast Food, Burger, Beverages, Street Food",400," Koramangala 1st Block, Bangalore",3.9,12.9307,77.63298
Belly Cravings,"Fast Food, Beverages",250," BTM, Bangalore",3.9,12.9159,77.605559
Big J's - Bar & Grill,Burger,500," Ulsoor, Bangalore",,12.99175,77.61935
Baf's Cafe,"Chinese, North Indian, Fast Food, Momos, Desserts, Juices, Beverages",500," Basaveshwara Nagar, Bangalore",3.9,12.99831095,77.54075155
Cafe Rustico,"Chinese, Fast Food, Continental, Beverages",1100," Brigade Road, Bangalore",3.9,12.97377992,77.60665979
Esperance,"Desserts, Pizza, Continental, Beverages",700," Jayanagar, Bangalore",3.9,12.92556972,77.58550722
SGS Non Veg Gundu Pulav,South Indian,200," KR Puram, Bangalore",3.9,13.006786,77.700307
Gramin Litti Adda | GLA,"Bihari, North Indian, Desserts, Beverages",550," Varthur Main Road, Whitefield, Bangalore",3.9,12.9288081,77.73833949
Eastern Delights,"South Indian, North Indian, Bengali, Chinese, Rolls",450," Marathahalli, Bangalore",3.9,12.95921443,77.70953894
New Prashanth Hotel,Andhra,450," Banashankari, Bangalore",3.9,12.92376196,77.55324494
Coastal Machali Co.,"Asian, Mangalorean, Seafood, South Indian, North Indian, Beverages",1100," Residency Road, Bangalore",3.9,12.9657958,77.59783633
Malgudi's Donne Biriyani,"Biryani, North Indian",350," Rajajinagar, Bangalore",3.9,12.9967716,77.56130498
Chikpet Donne Biryani House,"Biryani, South Indian",250," Yelahanka, Bangalore",3.9,13.13225174,77.66431427
Provenance,"Cafe, Bakery, Desserts, Beverages",500," Lavelle Road, Bangalore",3.9,12.9716313,77.5958117
Le Republique,"North Indian, Chinese, Continental, Fast Food, Bar Food, Beverages",1600," Nagarbhavi, Bangalore",3.9,12.96085137,77.50746131
Kapoor's Chaat Bhandaar,"Street Food, North Indian, Desserts",250," Brookefield, Bangalore",3.9,12.96081511,77.71628737
Arabian Hot Spot,"Arabian, Mughlai, North Indian",1200," Kalyan Nagar, Bangalore",3.9,13.02060556,77.63952624
Iris Cafe,"Fast Food, Irish, Italian, Beverages, Desserts",800," HSR, Bangalore",3.9,12.91183802,77.64279585
Ledikeni Sweets & Savouries,"Mithai, Desserts, Street Food",200," Marathahalli, Bangalore",3.9,12.95654432,77.71493219
Karachi Bakery,"Bakery, Fast Food, Beverages, Desserts, Pasta",600," Indiranagar, Bangalore",3.9,12.97727055,77.64088947
Big Bang Pizza,"Pizza, Fast Food, Beverages",700," Frazer Town, Bangalore",3.9,12.99470464,77.6150246
Rolling Dough Cafe,"Continental, Seafood, Salad, Desserts, Beverages, Pasta, Pizza",850," Ulsoor, Bangalore",3.9,12.97239986,77.62615711
Toping Twist,Momos,200," HSR, Bangalore",3.9,12.91737916,77.65136987
Soul City,"Italian, Chinese, Continental, North Indian, Seafood, Thai",2000," Oakwood Premier Prestige, Bangalore",3.9,12.9718415,77.59640168
Aramane Donne Biriyani,"Biryani, Fast Food",300," BTM, Bangalore",3.9,12.91377299,77.60924477
Legends Cafe,"Fast Food, Beverages, Desserts",500," Vijay Nagar, Bangalore",3.9,12.96073767,77.52882577
D Kitchen 54,"North Indian, Chinese, Italian, Fast Food, Mughlai, Seafood, Biryani, Beverages",800," Rajarajeshwari Nagar, Bangalore",3.9,12.91095468,77.52101585
Flavours Hut,"Kerala, North Indian, Chinese, Seafood, Biryani",550," HSR, Bangalore",3.9,12.9103599,77.63517939
Roof Tap,"Chinese, North Indian, Bar Food, Beverages, Fast Food",1000," Banashankari, Bangalore",3.9,12.92441226,77.56483242
Kunafa World,Desserts,400," Frazer Town, Bangalore",3.9,12.99547694,77.6142196
Earthen Delicacies,"North Indian, Mughlai, Chinese, Biryani, Fast Food, Beverages",700," Jakkur, Bangalore",3.9,13.090957,77.635598
S G Rao’s Military Hotel,"South Indian, Biryani",400," Majestic, Bangalore",3.9,12.96763886,77.57110946
Wah Parantha,"North Indian, Street Food, Beverages",450," Bellandur, Bangalore",3.9,12.92676639,77.67033678
Saha Chowmein,"North Indian, Chinese",700," Sahakara Nagar, Bangalore",3.9,13.06314491,77.58696064
Board 4 Bored,"Pizza, Fast Food, Beverages, Chinese, Pasta",800," Basavanagudi, Bangalore",3.9,12.94010581,77.57122915
Chaat Junction,"Street Food, North Indian, Fast Food",300," Bannerghatta Road, Bangalore",3.9,12.86156741,77.6014372
Sicilia Point,"Fast Food, Desserts, Beverages",450," Rajajinagar, Bangalore",3.9,12.9857736,77.55190692
Cold Monk,"Desserts, Beverages, Ice Cream, Fast Food",400," Brookefield, Bangalore",3.9,12.95023228,77.71573082
Whhite Paani Food Chain,Street Food,100," BTM, Bangalore",3.9,12.9146516,77.60594524
Two Friends Cauldron,"Continental, Italian, American",700," JP Nagar, Bangalore",3.9,12.90693828,77.59957004
Urban Food Culture,"North Indian, Chinese, Biryani, Bengali, Rolls, Pasta",300," Koramangala 1st Block, Bangalore",3.9,12.92976522,77.63385497
Kartik's Mithai Shoppe,"Street Food, North Indian, Mithai",200," Indiranagar, Bangalore",3.9,12.97830655,77.63730135
Smart Mudde Spicy Fish,"South Indian, Kerala, Chinese",400," Rajarajeshwari Nagar, Bangalore",3.9,12.92199439,77.52100077
Smart Mudde Spicy Fish,"South Indian, Kerala, Chinese",400," Rajarajeshwari Nagar, Bangalore",3.9,12.92199439,77.52100077
Fat Unicorn,"Desserts, Ice Cream",300," New BEL Road, Bangalore",3.9,13.032309,77.569751
Gosssip Pub & Grub,"North Indian, Fast Food, Seafood, Bar Food",1500," Banashankari, Bangalore",3.9,12.92624779,77.56459437
Antra Veg Restaurant,"North Indian, Chinese, Beverages, Desserts",800," Banashankari, Bangalore",3.9,12.92221856,77.55820837
Abhiruchi Hotel,"North Indian, Seafood, Biryani, Chinese",600," BTM, Bangalore",3.9,12.91514226,77.61546146
Mysuru Coffee Thindi,South Indian,200," Jayanagar, Bangalore",3.9,12.92247738,77.58947119
Tea Positive,"Street Food, Fast Food, Tea, Beverages",400," Marathahalli, Bangalore",3.9,12.94838222,77.71570265
Monsoon - The Park Bangalore,"Italian, North Indian",3000," The Park, MG Road, Bangalore",3.9,12.97401941,77.61999037
Mayura Restaurant,"Andhra, Chinese, North Indian",700," Peenya, Bangalore",3.9,13.02838508,77.52000667
24/7 - The Lalit Ashok Bangalore,"Continental, North Indian, Italian, South Indian",3000," The Lalit Ashok Bangalore, Seshadripuram, Bangalore",3.9,12.99076571,77.58234758
Chaayos - Meri Wali Chai,"Tea, Street Food, Fast Food, Beverages, Desserts",400," Indiranagar, Bangalore",3.9,12.9705,77.6406
Lassi & Snacks Joint,"Beverages, Fast Food, Sandwich, Desserts, Burger, Rolls",300," Domlur, Bangalore",3.9,12.9602211,77.63807315
Malgudi Mylari Mane ,"Biryani, South Indian",400," Yeshwantpur, Bangalore",3.9,13.065024,77.353604
KC Das,"Mithai, Street Food",300," St. Marks Road, Bangalore",3.9,12.97591599,77.60167055
My Tea House,"Continental, Asian, Fast Food",800," Banashankari, Bangalore",3.9,12.92416064,77.56063309
Midnight Mania,"Pizza, Italian",700," Koramangala 6th Block, Bangalore",3.9,12.93950519,77.62678648
Cream N Cha,"Beverages, Desserts, Fast Food",400," Indiranagar, Bangalore",3.9,12.9686393,77.63600517
Via Roma,Italian,1100," Brookefield, Bangalore",3.9,12.96448594,77.71584582
Desi Biryani,"Biryani, South Indian, Mangalorean, Beverages",450," Jayanagar, Bangalore",3.9,12.9294391,77.58153923
Tandoor,"North Indian, Mughlai",2000," MG Road, Bangalore",3.9,12.97381651,77.61307798
Flavour Of Shanghai,"Chinese, North Indian, Seafood, Fast Food",450," Kanakapura Road, Bangalore",3.9,12.8858784,77.54537568
Bangalore Bites,"Fast Food, Beverages, Chinese",300," Rajarajeshwari Nagar, Bangalore",3.9,12.9230548,77.51836047
Naidu's Sakath Utta,"Chinese, South Indian",500," Rajajinagar, Bangalore",3.9,12.99745503,77.54820172
Gelatissimo,"Ice Cream, Desserts, Beverages",500," Kalyan Nagar, Bangalore",3.9,13.02177433,77.64051497
Club Kachori,"Street Food, Fast Food",200," Sarjapur Road, Bangalore",3.9,12.9051738,77.7045584
Brown Burger Co.,"Burger, Fast Food, Beverages",450," Koramangala 6th Block, Bangalore",3.9,12.93678242,77.62477438
Skylit - Citrus Hotels,"North Indian, Mughlai, Mediterranean",1500," Citrus Hotels, Cunningham Road, Bangalore",3.9,12.9862991,77.59554606
Bond RestoBar,"Continental, Italian, North Indian, Beverages",1500," New BEL Road, Bangalore",3.9,13.04045597,77.56362107
Gowdru Hotel,"South Indian, Biryani",350," Indiranagar, Bangalore",3.9,12.9740194,77.635798
Today Coffee,"South Indian, Desserts, Beverages",100," Electronic City, Bangalore",3.9,12.85166127,77.66400509
Rock Stone Ice Cream Factory,Ice Cream,250," BTM, Bangalore",3.9,12.91373246,77.60795563
Kolkataz,"Bengali, North Indian, Chinese, Rolls",300," CV Raman Nagar, Bangalore",3.9,12.9797136,77.6656997
Karma Foods,North Indian,100," Brookefield, Bangalore",3.9,12.95823356,77.71884989
Kabab Mehal,"North Indian, Chinese, Mughlai",400," JP Nagar, Bangalore",3.9,12.88658534,77.5821729
Inchara,"North Indian, Continental, Chinese, Mughlai, Desserts, Beverages",800," JP Nagar, Bangalore",3.9,12.90264239,77.58354351
Dande's Hyderabad Biryani,"Andhra, North Indian, Chinese",650," Electronic City, Bangalore",3.9,12.84015068,77.6534174
Meghana Biriyanis,"Andhra, Biryani, Chinese",500," Nagawara, Bangalore",3.9,13.04106579,77.62199063
Venu's Donne Biriyani,"Biryani, Fast Food",300," BTM, Bangalore",3.9,12.92349302,77.61198297
RK Fresh Food,"North Indian, Fast Food, Street Food",300," BTM, Bangalore",3.9,12.90868276,77.6064707
Desi Sheikh Cafe & Bistro,"Arabian, Beverages, Fast Food",600," Kammanahalli, Bangalore",3.9,13.01579681,77.64018171
Juice Hive,"Fast Food, Ice Cream, Beverages, Juices",200," Bannerghatta Road, Bangalore",3.9,12.89008339,77.59766769
The Urban Turban,"North Indian, Mughlai, Chinese",700," Sarjapur Road, Bangalore",3.9,12.885237,77.737784
Tunday Kababi,"Awadhi, Kebab",450," Koramangala 5th Block, Bangalore",3.9,12.9337476,77.6192122
Pappa Roti,"Cafe, Beverages, Desserts, Italian, Pizza, Fast Food",800," Phoenix Marketcity Bangalore, Whitefield, Bangalore",3.9,12.99579,77.696362
JukeBox,"Continental, Parsi, Chinese, North Indian, Italian, Steak",1000," Koramangala 7th Block, Bangalore",3.9,12.93648657,77.61483584
UTHRA,North Indian,800," Indiranagar, Bangalore",3.9,12.97843626,77.63987325
Taawoon Restaurant,"South Indian, North Indian, Continental, Chinese, Seafood, Mughlai, Desserts, Beverages",750," Hennur, Bangalore",3.9,13.06446731,77.64848046
Soi & Sake - Taj Bangalore,"Chinese, Japanese",3000,"  Taj Bangalore, International Airport, Bangalore",3.9,13.20007651,77.70823739
Nani's Hyderabad Dum Biryani,"Biryani, Hyderabadi",250," Rajajinagar, Bangalore",3.9,12.997653,77.55941905
Vijayalakshmi,"South Indian, Chinese, North Indian",400," Basavanagudi, Bangalore",3.9,12.94503431,77.56789852
Kabab Manor,"North Indian, Kebab, Hyderabadi, Chinese",400," RT Nagar, Bangalore",3.9,13.02711736,77.59337649
Nandishwara Mudde Oota,South Indian,250," KR Puram, Bangalore",3.9,13.01779141,77.70514145
Eat First,"Fast Food, Chinese",200," Jayanagar, Bangalore",3.9,12.92158819,77.58474983
Bramhin Tiffins,South Indian,100," JP Nagar, Bangalore",3.9,12.89187603,77.57944543
Village - The Soul of India,"North Indian, South Indian",1000," Mantri Square, Malleshwaram, Bangalore",3.9,12.99150568,77.57122748
Pot Biryani,"Biryani, North Indian, Chinese, Seafood",900," Domlur, Bangalore",3.9,12.95463485,77.64157444
Nizam's Biryani House,"Andhra, Biryani, Chinese, North Indian, Beverages",700," Marathahalli, Bangalore",3.9,12.96040146,77.70172331
Sarang Multicuisine Fine Dine,"North Indian, Chinese, Continental, Mangalorean, Mughlai, Desserts, Beverages, Ice Cream",800," Vijay Nagar, Bangalore",3.9,12.97870285,77.54084039
The Rich Crust,"Cafe, European, Continental",600," Sahakara Nagar, Bangalore",3.9,13.05752211,77.58745115
Fume Cafe,"Fast Food, Chinese, Burger, Pizza",400," Nagarbhavi, Bangalore",3.9,12.95799374,77.51861863
Marcopolo,"Asian, Continental, North Indian, Juices, Beverages",800," Koramangala 5th Block, Bangalore",3.9,12.934121,77.615559
Savi Sagar,"North Indian, South Indian, Chinese, Sandwich, Street Food, Ice Cream, Juices, Beverages",500," Malleshwaram, Bangalore",3.9,12.996625,77.564049
Malabar Food Court,"Kerala, Chinese, Biryani, Seafood, Street Food, Beverages",500," HBR Layout, Bangalore",3.9,13.02950514,77.63104375
PORKEATS,"Goan, Mangalorean",400," Koramangala 6th Block, Bangalore",3.9,12.93695091,77.62433991
Desi Chats,"Street Food, North Indian",150," Whitefield, Bangalore",3.9,12.98901429,77.68938549
Paanoor Restaurant & Cafe,"Biryani, South Indian",350," Hennur, Bangalore",3.9,13.05803815,77.64388919
Sangria Wine Lounge,"Continental, Chinese",1000," New BEL Road, Bangalore",3.9,13.03041288,77.57029206
Hyderabadi Handi Biryani,"Andhra, Biryani, Chinese, North Indian",500," Whitefield, Bangalore",3.9,12.99073076,77.72126924
The Vembanad,"Kerala, Seafood, South Indian, Chinese",600," Kaggadasapura, Bangalore",3.9,12.9716239,77.68168151
Melting Pot at Woodrose,North Indian,800," JP Nagar, Bangalore",3.9,12.89212017,77.5837373
Kamat Bugle Rock,"South Indian, Fast Food, Chinese, Beverages",300," Basavanagudi, Bangalore",3.9,12.939732,77.56661173
Punjab Junction,"North Indian, Chinese, Mughlai",450," Kaggadasapura, Bangalore",3.9,12.98528763,77.67337538
Punjab Junction,"North Indian, Chinese, Mughlai",450," Kaggadasapura, Bangalore",3.9,12.98528763,77.67337538
La Heaven,"Bakery, Desserts",300," Malleshwaram, Bangalore",3.9,13.00731325,77.5711346
Carlos Cake Cafe,"Bakery, Desserts",300," Bellandur, Bangalore",3.9,12.918965,77.670801
The Salt Grill - Hilton Bangalore Embassy Golflinks,"European, Mediterranean, Salad",3000," Hilton Bangalore Embassy GolfLinks, Domlur, Bangalore",3.9,12.94833582,77.64539257
Tomba Kitchens,"Chinese, South Indian, Mangalorean",300," Ejipura, Bangalore",3.9,12.95035579,77.6251553
Komala Refreshments,South Indian,150," Frazer Town, Bangalore",3.9,12.99631914,77.61718847
The Grill Shack,"South Indian, North Indian, Beverages, Mughlai, Lebanese",200," Electronic City, Bangalore",3.9,12.84031639,77.65007672
Unicorn Bar & Restaurant,"Seafood, North Indian, Chinese",800," Infantry Road, Bangalore",3.9,12.97977773,77.60569587
Hotel MLV Grand - A Multicuisine Restaurant,"North Indian, Chinese, Kebab, South Indian",400," Jalahalli, Bangalore",3.9,13.06812028,77.53042001
Ambur Star Briyani Since 1890,"Biryani, Chettinad, Chinese",450," BTM, Bangalore",3.9,12.91624519,77.61120513
Cafe 99 Kerala Mess,"Kerala, Biryani, Seafood, North Indian",500," Kalyan Nagar, Bangalore",3.9,13.0225583,77.6480845
New Paratha Corner,"North Indian, Chinese",350," Whitefield, Bangalore",3.9,12.98556728,77.74486698
Shandong,"Chinese, Momos, Seafood, Beverages",500," Hennur, Bangalore",3.9,13.04938717,77.64572382
Indian Durbar - Conrad Bengaluru,"North Indian, Desserts, Kebab, Mughlai",3000," Conrad Bengaluru, Ulsoor, Bangalore",3.9,12.97514886,77.62042288
Ishta Cafe - Millet Pizzas,"Pizza, Beverages",600," Bannerghatta Road, Bangalore",3.9,12.87265342,77.61828717
The Platonic Cafe,"Cafe, Pizza, Burger, Beverages, Pasta",500," Electronic City, Bangalore",3.9,12.831956,77.647946
Baohood,"Asian, Chinese, Beverages, Tea",500," Hebbal, Bangalore",3.9,13.05530509,77.60793485
TFL's Kitchen,"North Indian, Chinese, Fast Food, Beverages",600," Bannerghatta Road, Bangalore",3.9,12.89248491,77.61036661
Sarovaraa- The Desi Kitchen,"Street Food, North Indian",350," New BEL Road, Bangalore",3.9,13.0834733,77.5601506
555 Darjeeling Unique,"Asian, Chinese",300," Bannerghatta Road, Bangalore",3.9,12.89060337,77.59748161
Halwai Junction,"North Indian, Street Food",300," Yelahanka, Bangalore",3.9,13.098513,77.573677
Umesh Donne Biryani Point,"Biryani, South Indian",300," Sahakara Nagar, Bangalore",3.9,13.05809171,77.58747596
Cafe Sandarshini,"South Indian, Chinese",200," Shanti Nagar, Bangalore",3.9,12.96216386,77.5938898
Cafe Cosy,"Cafe, Chinese, Continental, Fast Food, Italian, Desserts",400," Jayanagar, Bangalore",3.9,12.93106154,77.58616235
Cafe Cosy,"Cafe, Chinese, Continental, Fast Food, Italian, Desserts",400," Jayanagar, Bangalore",3.9,12.93106154,77.58616235
Delhi Walle,"North Indian, Street Food, Chinese, Desserts, Beverages",400," Marathahalli, Bangalore",3.9,12.96174499,77.70146314
Cream & Fudge,"Ice Cream, Desserts, Beverages",300," JP Nagar, Bangalore",3.9,12.88690171,77.58207668
Le Roll Cafe,"Fast Food, Beverages, Rolls",300," Kammanahalli, Bangalore",3.9,13.02080907,77.63577785
Sri Sai Durga Coffee Point,"South Indian, Chinese, Biryani, North Indian",350," Nagarbhavi, Bangalore",3.9,12.97224957,77.51170892
Juice Day,"Beverages, Juices, Fast Food",150," Kalyan Nagar, Bangalore",3.9,13.02210862,77.64016958
Truly North Indian,North Indian,250," Bellandur, Bangalore",3.9,12.92788953,77.67230485
Puff & Curries,"North Indian, Fast Food",300," Varthur Main Road, Whitefield, Bangalore",3.9,12.95858481,77.73193169
Istoria: The Home Cafe,"Continental, Italian, Fast Food, Beverages",700," Richmond Town, Bangalore",3.9,12.96215703,77.60668608
The Chill Out Cafe ,"Rolls, Fast Food, Beverages",200," Hennur, Bangalore",3.9,13.05631379,77.6308125
Rolls Raaja,"Rolls, Lebanese, Fast Food",400," Rajajinagar, Bangalore",3.9,13.00106685,77.55307496
Donne Biriyani Grand,"Biryani, Fast Food",300," JP Nagar, Bangalore",3.9,12.90928865,77.57357541
Hotel Karavali Fish Palace,"Seafood, South Indian, Chinese, Bengali",400," Rajajinagar, Bangalore",3.9,12.97455065,77.55199939
Shine Restaurant,"South Indian, Chinese",350," Bommanahalli, Bangalore",3.9,12.9043284,77.62767892
Hotel Sri Ayodhya,"Chinese, North Indian",300," Basaveshwara Nagar, Bangalore",3.9,12.98795089,77.53695421
Padhaaro Saa,"North Indian, Fast Food",350," Banaswadi, Bangalore",3.9,13.0103526,77.64886066
Zaha,"Biryani, Chinese, North Indian",500," Nagawara, Bangalore",3.9,13.067667,77.632167
Flying Kombucha,Beverages,300," Jeevan Bhima Nagar, Bangalore",3.9,12.96389293,77.64793228
Biswal's Food Circle,"Chinese, North Indian, Andhra, Biryani, Odia, Fast Food, Beverages",400," Banaswadi, Bangalore",3.9,13.00916189,77.65800532
Cake My Heart,"Desserts, Bakery",350," Indiranagar, Bangalore",3.9,12.97005891,77.65494592
Jibhe Jol,"Bengali, Seafood, Rolls",500," Electronic City, Bangalore",3.9,12.85168917,77.64333099
Thanco's Natural Ice Cream,"Desserts, Ice Cream, Beverages",300," Banaswadi, Bangalore",3.9,13.0130352,77.65001334
Dunkin' Donuts,"Desserts, Burger, Beverages, Fast Food",550," Brookefields Mall, Brookefield, Bangalore",3.9,12.96610358,77.71807104
Matru Sagar,"South Indian, North Indian, Chinese",350," Kalyan Nagar, Bangalore",3.9,13.02578921,77.64059477
Lassi Shop - Downtown,"Beverages, Juices, Ice Cream, Desserts",300," Frazer Town, Bangalore",3.9,13.00094336,77.61397015
Zaks Mediterranean Cuisine,"Mediterranean, Arabian, Lebanese",700," Frazer Town, Bangalore",3.9,12.99519011,77.61420082
New Samrat Restaurant,"North Indian, South Indian, Chinese, Fast Food, Street Food, Beverages, Ice Cream, Desserts",450," Seshadripuram, Bangalore",3.9,12.98932727,77.57284854
Pot-O-Noodles,"Chinese, Asian, Japanese, Fast Food",800," Indiranagar, Bangalore",3.9,12.97876983,77.63681989
Raidan Restaurant,"Arabian, Chinese, Fast Food, North Indian, South Indian, Beverages",800," Frazer Town, Bangalore",3.9,12.99408197,77.61034146
Bar UNO - JW Marriott Bengaluru,"Japanese, Seafood",2500," JW Marriott Bengaluru, Lavelle Road, Bangalore",3.9,12.97186992,77.59516083
Azure - Taj Yeshwantpur,"Lebanese, Mediterranean, Italian",2500," Taj Yeshwantpur, Bangalore",3.9,13.02888158,77.54041795
Udupi Upachar,"South Indian, North Indian, Beverages, Chinese, Street Food",350," Brookefield, Bangalore",3.9,12.96223575,77.71318942
Karnataka Bhel House,Street Food,150," Banashankari, Bangalore",3.9,12.93854356,77.55504001
Haphoggers Restaurant,North Indian,400," Electronic City, Bangalore",3.9,12.83837,12.83837
Shahi Family Restaurant,"North Indian, Chinese, South Indian",350," Ulsoor, Bangalore",3.9,12.97537561,77.62259882
Udupi Grand,"North Indian, South Indian, Chinese",300," Yelahanka, Bangalore",3.9,13.09914925,77.57728558
Tea Trails,"Cafe, Tea, North Indian, Fast Food, Street Food, Desserts, Beverages",700," Brigade Road, Bangalore",3.9,12.97284616,77.60741517
Namma Prashanth Hotel,"Mughlai, South Indian",400," Kanakapura Road, Bangalore",3.9,12.87940768,77.54575253
The Vape,"Asian, Beverages",800," HSR, Bangalore",3.9,12.91865135,77.65167229
Elite Kerala Mess,"Kerala, South Indian, Biryani, Street Food",300," Bannerghatta Road, Bangalore",3.9,12.89907522,77.60301702
Sugar & Spice - Taj MG Road Bengaluru,Desserts,800," Taj, MG Road, Bangalore",3.9,12.97314838,77.62000948
Kundana,"Andhra, Mughlai, North Indian, Chinese, Seafood, Desserts, Beverages",800," Bannerghatta Road, Bangalore",3.9,12.90436794,77.60093596
Urban Solace,"Cafe, American, Continental, Steak",800," Ulsoor, Bangalore",3.9,12.98489428,77.61835925
Akss - India Reimagined,"Modern Indian, North Indian",1600," Indiranagar, Bangalore",3.9,12.966386,77.641513
Udupi Ruchi Grand,"South Indian, North Indian, Chinese, Beverages, Street Food",500," Banashankari, Bangalore",3.9,12.93279801,77.54070058
Happy Platter,"Chinese, Italian, Momos",350," Rajajinagar, Bangalore",3.9,12.99600748,77.55458236
Mighty Paws,Cafe,500," Sarjapur Road, Bangalore",3.9,12.90200151,77.67725419
Ainmane Cafe and Speciality Store,"Cafe, Desserts",600," Indiranagar, Bangalore",3.9,12.971953,77.642017
Al Amal Cafe,"Fast Food, Rolls, Beverages",300," Kammanahalli, Bangalore",3.9,13.01425333,77.63668377
Rashtrakutas,"Chettinad, North Indian",600," HSR, Bangalore",3.9,12.91364194,77.64486317
Fandom at Gilly's Redefined,Bar Food,1600," Gilly's Redefined, Koramangala 4th Block, Bangalore",3.9,12.93344077,77.62344036
Litti House,"North Indian, Bihari, Mughlai",400," Brookefield, Bangalore",3.9,12.96181524,77.71685969
Karachi Bakery,"Bakery, Fast Food, Desserts, North Indian",400," New BEL Road, Bangalore",3.9,13.02771708,77.57347986
Swathi Restaurant,"Mangalorean, North Indian, Chinese",350," JP Nagar, Bangalore",3.9,12.91044128,77.5885921
Little White Kitchen,"Fast Food, Chinese, Continental, American, Beverages",400," Brigade Road, Bangalore",3.9,12.97047973,77.60673355
Kabab Factory,"Biryani, Kebab, Chinese, North Indian, South Indian",700," Nagarbhavi, Bangalore",3.9,12.97280238,77.51088884
Sri Lakshmi Vaibhav,"South Indian, North Indian, Desserts, Beverages, Chinese",600," Whitefield, Bangalore",3.9,12.96918133,77.74971172
Scottish Pub,Finger Food,600," St. Marks Road, Bangalore",3.9,12.97197905,77.6008736
Eden Huts Restaurant,"North Indian, Mughlai, Chinese",650," Bellandur, Bangalore",3.9,12.93136054,77.68474326
Spice Code,"North Indian, Asian, Seafood",1000," JP Nagar, Bangalore",3.9,12.91052396,77.59942655
Spice Code,"North Indian, Asian, Seafood",1000," JP Nagar, Bangalore",3.9,12.91052396,77.59942655
The T Cafe,"Street Food, Fast Food, Tea",400," Indiranagar, Bangalore",3.9,12.97014,77.640201
The Nest - The Den Bengaluru,"Finger Food, North Indian, Continental",1500," The Den, Whitefield, Bangalore",3.9,12.987374,77.73335
Pappu Chaiwalla,"Fast Food, North Indian, Chinese, Street Food, Beverages",450," HSR, Bangalore",3.9,12.91306809,77.64453627
Roy Hotel & Restaurant,"Bengali, North Indian",300," Yeshwantpur, Bangalore",3.9,13.02992847,77.56326634
Tharavadu,"Chinese, North Indian, Kerala",500," HSR, Bangalore",3.9,12.90622486,77.62978647
Sultan Rolls & Sandwiches,"Fast Food, Rolls, Chinese",300," New BEL Road, Bangalore",3.9,13.03000785,77.5629941
Kairali,"South Indian, Seafood, Biryani",300," BTM, Bangalore",3.9,12.9262327,77.6169074
Sri Krishna Upahara,"North Indian, South Indian, Chinese",250," Yelahanka, Bangalore",3.9,13.103881,77.577046
Cake Genie,"Desserts, Fast Food",300," Indiranagar, Bangalore",3.9,12.97855387,77.64559407
East- The Oterra,"Chinese, Vietnamese, Thai, Malaysian",3500," The Oterra, Hosur Road, Bangalore",3.9,12.85059107,77.65758891
Hotel Mangala,South Indian,250," Banashankari, Bangalore",3.9,12.94165204,77.56002288
Sri Vishnu Park,"South Indian, North Indian, Chinese, Biryani",700," BTM, Bangalore",3.9,12.91649616,77.61508696
Mint Magic Cafe,"Fast Food, Chinese, Steak, Pasta, Beverages, Desserts",500," Vijay Nagar, Bangalore",3.9,12.96006754,77.52692811
Django,"Cafe, American, Pizza",800," Indiranagar, Bangalore",3.9,12.97204766,77.64226343
Amontron,Bengali,600," BTM, Bangalore",3.9,12.90727,77.607338
Hungry Bird,"Biryani, North Indian, Chinese, Rolls, Fast Food",400," BTM, Bangalore",3.9,12.92194864,77.61653602
OKO - The Lalit Ashok Bangalore,"Japanese, Asian",2200," The Lalit Ashok Bangalore, Seshadripuram, Bangalore",,12.99100159,77.58258764
Sagar Fast Food,"South Indian, North Indian, Street Food, Chinese, Beverages",300," Koramangala 8th Block, Bangalore",3.9,12.94161871,77.62155812
Hongkong Noodles,"Chinese, Thai, Seafood, Momos",750," Rammurthy Nagar, Bangalore",3.9,13.02079959,77.6770661
Rajpurohit Sweets,"Mithai, Street Food",100," Banaswadi, Bangalore",3.9,13.00299067,77.66106203
The Chennai Express,"South Indian, Chinese, North Indian",250," Indiranagar, Bangalore",3.9,12.978306,77.629594
Nandi Chats,Street Food,100," BTM, Bangalore",3.9,12.91362299,77.60776117
Sweet Moments,"Mithai, Street Food, Beverages, Ice Cream",250," Kammanahalli, Bangalore",3.9,13.01481454,77.63943035
Sharma's Punjabi Restaurant,"North Indian, Chinese, Kebab",500," Koramangala 1st Block, Bangalore",3.9,12.93042008,77.63299573
Coconut Grove,"South Indian, Chettinad, Kerala, Seafood",1200," Church Street, Bangalore",3.9,12.9750796,77.6045972
Fill N Chill Resto Bar & Pub,"Finger Food, North Indian, Chinese",1300," Koramangala 4th Block, Bangalore",3.9,12.93573926,77.6285265
Malgudi,"South Indian, Kerala, Andhra",700," Marathahalli, Bangalore",3.9,12.96503615,77.70182792
The Secret Chapter,"North Indian, Continental, Chinese, Fast Food",800," Basaveshwara Nagar, Bangalore",3.9,12.98897738,77.5333111
A.S Donne Biryani,"Biryani, South Indian",400," Peenya, Bangalore",3.9,13.01093505,77.50714816
Parathe Wali Gali,North Indian,250," Wilson Garden, Bangalore",3.9,12.94555222,77.59696662
Yak's Kitchen,"Chinese, Tibetan, Momos",400," Brigade Road, Bangalore",3.9,12.97376685,77.60673624
Reddy Home Mess,"Andhra, Biryani, North Indian",350," Yelahanka, Bangalore",3.9,13.09831034,77.58220308
The Salad Studio,"Salad, Healthy Food, Beverages, Sandwich",400," Koramangala 5th Block, Bangalore",3.9,12.93457008,77.61932015
Charminar Kabab Paradise,"North Indian, Chinese, Rolls",350," Frazer Town, Bangalore",3.9,13.00080714,77.61502191
Golden China,Chinese,300," Koramangala 1st Block, Bangalore",3.9,12.92915219,77.63488635
Golden China,Chinese,300," Koramangala 1st Block, Bangalore",3.9,12.92915219,77.63488635
Devanna Dum Biryani Corner,"South Indian, Biryani",350," Banashankari, Bangalore",3.9,12.93485502,77.53684994
Haveli Hyderabadi Dum Biryani,"North Indian, Biryani, Chinese",300," Whitefield, Bangalore",3.9,12.98245608,77.76691709
Bramhi Aahar,"South Indian, Chinese, North Indian, Biryani",400," Rajarajeshwari Nagar, Bangalore",3.9,12.9215627,77.52052534
Nisarga Garden,"South Indian, North Indian, Chinese, Street Food, Juices",300," Cunningham Road, Bangalore",3.9,12.9835414,77.59442691
Chatore Junction,"North Indian, Mughlai",500," Koramangala 6th Block, Bangalore",3.9,12.9369689,77.6247118
Delice - Novotel,"Desserts, Fast Food, Italian, Continental, North Indian",400," Novotel Bengaluru, Marathahalli, Bangalore",3.9,12.92945315,77.68341623
Maaheshwari Chaat Wala,Street Food,100," Ulsoor, Bangalore",3.9,12.97724964,77.62271952
Pakizah,"Biryani, North Indian, Fast Food, Chinese",500," Bannerghatta Road, Bangalore",3.9,12.88098567,77.59859204
Banaras Sweet House,"Mithai, Fast Food",100," Majestic, Bangalore",3.9,12.96995534,77.57983267
La Celeste,"Sandwich, Fast Food, Beverages, Desserts",500," Rajarajeshwari Nagar, Bangalore",3.9,12.92910808,77.51432005
Big Straw Blast,Beverages,150," Sahakara Nagar, Bangalore",3.9,13.0636,77.5913
Adithya,"South Indian, North Indian, Chinese, Street Food, Beverages",300," JP Nagar, Bangalore",3.9,12.9118171,77.58686811
Marenahalli Donne Biriyani,"Biryani, South Indian",350," JP Nagar, Bangalore",3.9,12.91581317,77.5860621
Moolehatti Donne Biriyani Mane,"Biryani, South Indian, North Indian",400," HSR, Bangalore",3.9,12.91022461,77.63506975
Ganesh Bhavan,South Indian,200," Brookefield, Bangalore",3.9,12.96339466,77.70914365
Vyanjan,"North Indian, Street Food",300," BTM, Bangalore",3.9,12.91315,77.60994
Desi Vdesi,"North Indian, Fast Food, Beverages",300," Church Street, Bangalore",3.9,12.97546872,77.6032906
Sri Ayodhya Veg,"South Indian, North Indian, Chinese",200," Vijay Nagar, Bangalore",3.9,12.96611697,77.53500994
Chantilly,"Cafe, Bakery",450," Indiranagar, Bangalore",3.9,12.96998344,77.63868939
Om Meals & Paratha Junction,"North Indian, Chinese, Biryani, Beverages",100," New BEL Road, Bangalore",3.9,13.03087672,77.56226957
Momo Rice Noodles,"Chinese, Thai, Seafood",500," Ejipura, Bangalore",3.9,12.94384917,77.63022803
Tandoori Junction,"Biryani, North Indian, Chinese, Seafood",400," Marathahalli, Bangalore",3.9,12.95175819,77.70004325
Al Sadique,"North Indian, Mughlai, Chinese, Rolls",450," Magadi Road, Bangalore",3.9,12.97790731,77.54496731
Café Secret Alley,"North Indian, Chinese, Continental, Fast Food, Cafe",500," Indiranagar, Bangalore",3.9,12.98213035,77.63961039
Simhapuri Mess,"Andhra, Biryani, Chinese",400," Old Airport Road, Bangalore",3.9,12.9608089,77.65723251
Hatti Kaapi,"Coffee, Beverages, Fast Food",400," Kempegowda International Airport, Bangalore",3.9,13.199251,77.70890225
King Kong,Chinese,300," Shivajinagar, Bangalore",3.9,12.99718748,77.61415623
Kavali,"South Indian, Street Food",300," Banashankari, Bangalore",3.9,12.92796077,77.556016
Yauatcha Pâtisserie,"Desserts, Tea",600," 1 MG Road Mall, MG Road, Bangalore",3.9,12.97309022,77.61993337
Nothing But Chicken,"Raw Meats, Fast Food, Salad, Finger Food, BBQ, Wraps, Healthy Food",400," Koramangala 4th Block, Bangalore",3.9,12.93094749,77.6328291
Havmor Ice Cream,"Desserts, Ice Cream, Beverages",300," Vijay Nagar, Bangalore",3.9,12.96429938,77.54070561
Ooty Chocolates,Desserts,300," Indiranagar, Bangalore",3.9,12.97132495,77.63521392
Kosta Spice,"Andhra, South Indian, Biryani, Chinese",250," Bellandur, Bangalore",3.9,12.926666,77.671365
Bettaiah Hotel,"North Indian, Chinese",400," Nagarbhavi, Bangalore",3.9,12.96093175,77.52038185
Amarnath Chat,"Street Food, Ice Cream",250," Jayanagar, Bangalore",3.9,12.94235425,77.58011967
Amarnath Chat,"Street Food, Ice Cream",250," Jayanagar, Bangalore",3.9,12.94235425,77.58011967
Meisterwurst,"Burger, American",600," HSR, Bangalore",3.9,12.91453409,77.63257898
Sri Pillaiyar Bhavan,"South Indian, Healthy Food, Beverages",400," Electronic City, Bangalore",3.9,12.84800152,77.65787255
Bangalore Thindies  ,South Indian,150," Indiranagar, Bangalore",3.9,12.96990166,77.63872703
Naksha Greens,"Juices, Beverages, Fast Food",150," Sahakara Nagar, Bangalore",3.9,13.063873,77.577671
Ohana Fusion kitchen,"North Indian, Chinese, Fast Food, Bengali",600," Indiranagar, Bangalore",3.9,12.96367115,77.64040361
Go Fish,"Seafood, Mangalorean",400," Jakkur, Bangalore",3.9,13.057381,77.598828
Hotel Ashoka,South Indian,200," Shivajinagar, Bangalore",3.9,12.98524646,77.60718014
JK Kabab Center,Biryani,200," KR Puram, Bangalore",3.9,12.9957703,77.6722445
The Bihari Rasoi,"North Indian, Bihari",500," Bommanahalli, Bangalore",3.9,12.91232877,77.62446973
Cheesy Bites,"Chinese, Fast Food, Italian",200," New BEL Road, Bangalore",3.9,13.0319552,77.5568562
Andhra Biriyani Palace,"Andhra, North Indian, Chinese",300," Nagawara, Bangalore",3.9,13.04190588,77.61583496
Dalma,Odia,600," Koramangala 6th Block, Bangalore",3.9,12.93725382,77.61950891
Khai Khai,"Bengali, Biryani, North Indian, Continental, Rolls, Street Food, Beverages",500," HSR, Bangalore",3.9,12.90605884,77.64451381
Raaga,"North Indian, Mughlai, Biryani, Chinese, Desserts, Beverages",800," Indiranagar, Bangalore",3.9,12.97830884,77.63661504
Panda Boy,Chinese,550," Kammanahalli, Bangalore",3.9,13.0224884,77.63361834
Yama Shiro,"Chinese, Thai, Asian, Seafood, Japanese",1500," Residency Road, Bangalore",3.9,12.96577031,77.59855282
Sandwichwallas,"Sandwich, Pizza, Fast Food, Street Food, Beverages",250," Basavanagudi, Bangalore",3.9,12.94302051,77.57025953
Patefull,"North Indian, Mughlai, Chinese",300," Nagarbhavi, Bangalore",3.9,12.96464277,77.50470366
Pizza Republic,"Pizza, Fast Food",550," Electronic City, Bangalore",3.9,12.8428387,77.64069937
Dhanalakshmi Grand,"South Indian, North Indian, Chinese, Juices",300," Malleshwaram, Bangalore",3.9,13.00802866,77.57119764
Lion King,"Chinese, Thai, Seafood",500," Kaggadasapura, Bangalore",3.9,12.976611,77.675611
Jagannath Food Corner,"North Indian, Fast Food",250," BTM, Bangalore",3.9,12.92840224,77.60934401
Srinidhi Sagar,"South Indian, North Indian, Chinese, Street Food",300," Old Airport Road, Bangalore",3.9,12.96067592,77.64567118
Paratha Plaza,"North Indian, Chinese",250," Koramangala 4th Block, Bangalore",3.9,12.93531936,77.63000239
Balle Balle Punjab,North Indian,300," Yelahanka, Bangalore",3.9,13.10133061,77.57169519
Biryani Kitchen,"Biryani, Chinese",400," Bellandur, Bangalore",3.9,12.92680724,77.67891079
Cafe Zone,"Mughlai, Chinese, North Indian, Rolls",200," Kumaraswamy Layout, Bangalore",3.9,12.91314521,77.56476335
Fullyfilled,"Fast Food, Chinese, Lebanese",200," Indiranagar, Bangalore",3.9,12.97610941,77.6389261
Sangeeta Restaurant,"Street Food, Chinese, North Indian",300," Sahakara Nagar, Bangalore",3.9,13.06329286,77.59094439
Old Davanagere Benne Dosa,South Indian,150," Rajarajeshwari Nagar, Bangalore",3.9,12.90865269,77.52144501
Waffle's & Shake's,"Desserts, Beverages, Ice Cream",300," BTM, Bangalore",3.9,12.918805,77.611004
H3Y Salad Cafe,"Salad, Healthy Food, Beverages",350," Sahakara Nagar, Bangalore",3.9,13.058005,77.597878
Jingo Burgers,"Burger, Fast Food",500," Kammanahalli, Bangalore",3.9,13.01651155,77.63941962
Breads And Co.,"Fast Food, Beverages, Sandwich, Pizza",350," Basaveshwara Nagar, Bangalore",3.9,12.98837789,77.53477693
Davangere Benne Dose Hotel,South Indian,150," Hesaraghatta, Bangalore",3.9,13.05893925,77.50677366
Delhi Biryani Cafe,"North Indian, Biryani",300," BTM, Bangalore",3.9,12.9071592,77.61097245
Retro The Vintage Cafe,"Desserts, Ice Cream, Fast Food, Beverages",200," HSR, Bangalore",3.9,12.89466775,77.66130477
Flavours In Kitchen,"North Indian, Bengali, Chinese, Fast Food, Pizza, Street Food",500," Koramangala 6th Block, Bangalore",3.9,12.937082,77.624835
Raj Bhog,"North Indian, Fast Food",500," Rajajinagar, Bangalore",3.9,12.99876177,77.5521268
Chainama,"Fast Food, Street Food, Beverages, Tea",100," Indiranagar, Bangalore",3.9,12.96250732,77.64300804
MDP Coffee House,"South Indian, Beverages",200," Electronic City, Bangalore",3.9,12.83554396,77.69370932
Delice,"Fast Food, Bakery, Desserts, Beverages, Pizza, Pasta",350," Basaveshwara Nagar, Bangalore",3.9,12.99337534,77.53932193
Coco Barista,Cafe,300," BTM, Bangalore",3.9,12.91399096,77.61076659
Delhi Punjabi Restaurant,"North Indian, Chinese, Street Food",300," Jalahalli, Bangalore",3.9,13.046444,77.52053406
Kelvin Scale - Natural Ice Creams and Waffle,"Ice Cream, Beverages",400," Brookefield, Bangalore",3.9,12.96289019,77.71341506
New Shahi Kabab Roll Center,"Rolls, Kebab",250," Indiranagar, Bangalore",3.9,12.978538,77.633114
Gopi Ice Creams,"Desserts, Ice Cream, Beverages",100," Banashankari, Bangalore",3.9,12.924482,77.546833
Indori Poha,North Indian,400," Koramangala 1st Block, Bangalore",3.9,12.9183445,77.63220146
The Coffee House,"Cafe, North Indian, Fast Food, South Indian, Street Food, Beverages, Desserts",350," ITPL Main Road, Whitefield, Bangalore",3.9,12.98352604,77.75321838
B2D Indori Dhaba,"North Indian, Street Food, Chinese",200," BTM, Bangalore",3.9,12.91790954,77.60716606
Donne Biryani @Traffic Jam,"Biryani, South Indian",450," Hennur, Bangalore",3.9,13.06249237,77.64918655
Ruchira,"Bengali, Chinese, North Indian",400," Whitefield, Bangalore",3.9,13.00596343,77.75645748
Chef Baker's,"Bakery, Desserts, Fast Food, Beverages, Pizza, Pasta",500," New BEL Road, Bangalore",3.9,13.028335,77.572852
Healthy Fuel,"Beverages, Healthy Food, Sandwich",400," Kalyan Nagar, Bangalore",3.9,13.022214,77.640133
US Pizza,"Pizza, Italian, Fast Food, Desserts, Beverages",500," Indiranagar, Bangalore",3.9,12.9665486,77.6413173
Arya Hungry ?,"North Indian, Chinese, Biryani",500," Sarjapur Road, Bangalore",3.9,12.9129511,77.6802559
Makers of Milkshakes,"Beverages, Desserts",400," Indiranagar, Bangalore",3.9,12.970294,77.638891
Arko's Cafe,"Fast Food, Rolls, Beverages",250," Indiranagar, Bangalore",3.9,12.96851,77.6403231
TeaCoction,"Fast Food, Sandwich, Momos, Beverages",300," Rajarajeshwari Nagar, Bangalore",3.9,12.91479716,77.5135164
The South,South Indian,200," Whitefield, Bangalore",3.9,12.99227014,77.70309761
Sri SLV Bhavan,"South Indian, Chinese",400," Bannerghatta Road, Bangalore",3.9,12.87740381,77.60314576
French Bake House,"Bakery, Fast Food, Burger, Rolls, Beverages",350," Electronic City, Bangalore",3.9,12.84955519,77.6638284
Kafe Kerala,"Kerala, South Indian",250," Whitefield, Bangalore",3.9,12.970439,77.747365
Pink Salt Cafe,"Cafe, Fast Food, Juices",500," Bannerghatta Road, Bangalore",3.9,12.89137468,77.60133293
Rotana Cafe,"North Indian, Chinese, BBQ",400," Sarjapur Road, Bangalore",3.9,12.89960459,77.67559986
Hyderabadi Biryani Hub,"Biryani, North Indian, Chinese, Andhra, Hyderabadi",600," BTM, Bangalore",3.9,12.92195354,77.61653703
Roomali,"North Indian, Mughlai, Lucknowi, Seafood, Desserts, Beverages",1300," Church Street, Bangalore",3.9,12.97524459,77.60323729
Chungs Pavilion,Chinese,700," Domlur, Bangalore",3.9,12.96634568,77.63724837
Chandus Delux,"South Indian, North Indian, Seafood, Chinese",600," Malleshwaram, Bangalore",3.9,12.99942821,77.57228896
Amul Ice Cream Parlour,"Ice Cream, Desserts, Beverages",250," Bannerghatta Road, Bangalore",3.9,12.8760412,77.61563011
The Sweet Spot,Desserts,300," Bommanahalli, Bangalore",3.9,12.93948987,77.62603037
Mountain Spice,Chinese,300," Koramangala 8th Block, Bangalore",3.9,12.94087043,77.60757107
Hungry Buddies,North Indian,150," BTM, Bangalore",3.9,12.9073311,77.60540485
The Biriyani Pedia,"Biryani, North Indian",300," BTM, Bangalore",3.9,12.93324242,77.60733671
Tiffun,"North Indian, Chinese",300," CV Raman Nagar, Bangalore",3.9,12.9884955,77.66390216
Nanna Munna Paratha House,"North Indian, Chinese",200," BTM, Bangalore",3.9,12.90806118,77.60643415
Traffic Jam,North Indian,350," Nagawara, Bangalore",3.9,13.05161698,77.63276942
Tasty Shawarma,Lebanese,400," BTM, Bangalore",3.9,12.91654747,77.60231663
Homelicious Food,"North Indian, Beverages",300," Rammurthy Nagar, Bangalore",3.9,13.01843068,77.67209295
Tadkawala,"North Indian, Chinese, Biryani",500," BTM, Bangalore",3.9,12.924933,77.607089
Royal King Cafe,"Fast Food, Pizza, Burger, Pasta, Biryani, Chinese, Desserts, Beverages",500," Kumaraswamy Layout, Bangalore",3.9,12.90920466,77.56534807
Indipasta,"Pasta, Fast Food",350," Frazer Town, Bangalore",3.9,13.00186885,77.5956054
Andhra Cafe,"Andhra, Chinese, North Indian, Biryani, Beverages",500," Kengeri, Bangalore",3.9,12.91722295,77.49993
Cafe Zuppa,"Pizza, Fast Food",450," JP Nagar, Bangalore",3.9,12.894329,77.581815
Little Onnion,"Biryani, Andhra",500," ITPL Main Road, Whitefield, Bangalore",3.9,12.98426995,77.74899758
Tastybites.com,"Fast Food, Sandwich, South Indian",150," Brookefield, Bangalore",3.9,12.95986856,77.71738239
Bombay Kulfi,"Ice Cream, Desserts",250," Jayanagar, Bangalore",3.9,12.91737687,77.58597527
The Food Cottage,"North Indian, Chinese",400," BTM, Bangalore",3.9,12.913863,77.608944
Lazeez Biryani,"North Indian, Chinese, Mughlai, Hyderabadi",400," New BEL Road, Bangalore",3.9,13.03008657,77.56235238
De Shack,"Fast Food, Healthy Food, Beverages",300," Koramangala 5th Block, Bangalore",3.9,12.93464687,77.62319528
Dastarkhan-e-Dilli,"North Indian, Mughlai, Biryani",600," Kalyan Nagar, Bangalore",3.9,13.021334,77.641837
Ice Fort,"Ice Cream, Desserts, Beverages, Fast Food",300," Vijay Nagar, Bangalore",3.9,12.97150661,77.53824368
Roadside Adda,"Pizza, Fast Food",300," New BEL Road, Bangalore",3.9,13.03025525,77.56341245
Ruchi Punjabi Paratha,"North Indian, South Indian, Beverages",300," Rajarajeshwari Nagar, Bangalore",3.9,12.91519683,77.50185113
Videsi Desserts,"Desserts, Fast Food, Beverages",500," HSR, Bangalore",3.9,12.9127488,77.65355922
Videsi Desserts,"Desserts, Fast Food, Beverages",500," HSR, Bangalore",3.9,12.9127488,77.65355922
Burger Zone,"Fast Food, Burger, Sandwich",400," BTM, Bangalore",3.9,12.922387,77.616498
Combo Factory,"North Indian, Chinese, Biryani, Rolls",500," Ulsoor, Bangalore",3.9,12.97405829,77.62259178
Pataka Mannar’s,"Mithai, Street Food, North Indian, Desserts",300," Jayanagar, Bangalore",3.9,12.93417894,77.58283574
Neo's Pizzeria,Pizza,400," BTM, Bangalore",3.9,12.93663329,77.60836098
Chong Bong,"Chinese, Momos, Fast Food",400," Bannerghatta Road, Bangalore",3.9,12.86463632,77.59403899
Tim Cafe,"Sandwich, Beverages",200," Marathahalli, Bangalore",3.9,12.95405488,77.70520918
Amrutha Hyderabad Dham Biryani,Biryani,300," Jakkur, Bangalore",3.9,13.08379103,77.6361832
Bun Monk,Fast Food,350," Kammanahalli, Bangalore",3.9,13.01415468,77.6392265
Cake Dilim,"Bakery, Desserts",400," HSR, Bangalore",3.9,12.90388525,77.66225662
Praja Thindi,South Indian,200," Majestic, Bangalore",3.9,12.97699872,77.57606819
The Yummy Box,"North Indian, Chinese",200," Marathahalli, Bangalore",3.9,12.9855748,77.6900899
Food Of Punjab,"North Indian, Chinese",300," Old Airport Road, Bangalore",3.9,12.95926671,77.65395653
Kukkad Kamal Da,"North Indian, Chinese",400," Whitefield, Bangalore",3.9,12.96119902,77.73337908
Icekremos,"Ice Cream, Desserts, Beverages",250," Bannerghatta Road, Bangalore",3.9,12.86145137,77.60148246
Tutu Dhaba,"Biryani, North Indian, Chinese, Odia",400," Nagawara, Bangalore",3.9,13.060434,77.628441
Dessert House,"Desserts, Beverages, Juices",350," Shanti Nagar, Bangalore",3.9,12.96168487,77.59460494
Sinful Desserts,"Beverages, Desserts",200," Koramangala 1st Block, Bangalore",3.9,12.92501812,77.63741937
Baith Al Falafel,"Fast Food, Beverages",350," Kalyan Nagar, Bangalore",3.9,13.0233279,77.6396121
Shawarma Fun,"Lebanese, Momos",300," Inorbit Mall, Whitefield, Bangalore",3.9,12.97980779,77.72770889
Dessert Drama,Bakery,300," Sarjapur Road, Bangalore",3.9,12.919145,77.69673
Sri Kenchamba Restaurant,"South Indian, Desserts",200," Majestic, Bangalore",3.9,12.97769723,77.57654328
Grill Yaari,"Rolls, North Indian, Chinese, Fast Food",500," Bannerghatta Road, Bangalore",3.9,12.89025661,77.59776022
Mumbai Local,"Street Food, Sandwich",200," Hebbal, Bangalore",3.9,13.050206,77.59750072
Mumbai Local,"Street Food, Sandwich",200," Hebbal, Bangalore",3.9,13.050206,77.59750072
Fat Daddy's Grill House,"BBQ, Fast Food, Burger, Wraps",450," Banaswadi, Bangalore",3.9,13.01367938,77.64868699
Wok in China,Chinese,300," HSR, Bangalore",3.9,12.91558408,77.64900316
Hungry Meee,"South Indian, North Indian, Street Food, Fast Food",200," Hebbal, Bangalore",3.9,13.05150495,77.60192133
Food Corner,"North Indian, Chinese, Mughlai, Beverages",250," RT Nagar, Bangalore",3.9,13.00630513,77.59323768
Chaat Ka Chaska,"North Indian, Fast Food",250," Brookefield, Bangalore",3.9,12.95596207,77.71691937
Penta Cafe,"Sandwich, Fast Food, Beverages",350," Frazer Town, Bangalore",3.9,13.00018089,77.61743456
Food Plaza,"North Indian, Chinese, Mughlai, Seafood, Beverages",350," Marathahalli, Bangalore",3.9,12.94843679,77.70470928
Udupi Ruchi,"South Indian, North Indian, Chinese",300," Kaggadasapura, Bangalore",3.9,12.98531278,77.67926887
Sri Kamakshi Guru Krupa,South Indian,200," Whitefield, Bangalore",3.9,12.98027073,77.73351386
Mathsya Darshini,"Seafood, South Indian",400," Electronic City, Bangalore",3.9,12.84131768,77.64766239
RA Caterers And Hotel,"Biryani, Mughlai",300," Kengeri, Bangalore",3.9,12.91866704,77.47287557
Garam Chai Xpress,"North Indian, Tea",200," Banashankari, Bangalore",3.9,12.92670201,77.55085643
The Desi Cafe,North Indian,500," Bommanahalli, Bangalore",3.9,12.90195707,77.6282499
Ambur Star Dum Biryani,"Biryani, Kebab",200," Wilson Garden, Bangalore",3.9,12.9492396,77.5993769
Cafe Joey's,"Fast Food, Beverages",400," Vijay Nagar, Bangalore",3.9,12.97366524,77.5424467
KK Biryani House,"Biryani, Beverages, Fast Food",350," Marathahalli, Bangalore",3.9,12.9484247,77.7046952
Chats Point,Street Food,150," Rammurthy Nagar, Bangalore",3.9,13.01211465,77.66753722
The Sandwich Club,Fast Food,300," JP Nagar, Bangalore",3.9,12.89625675,77.58196
Chai WaLa,"Beverages, Juices, North Indian",200," Indiranagar, Bangalore",3.9,12.96932803,77.641383
Trao BBQ,"BBQ, Fast Food, Chinese, Sandwich, Burger",500," Hennur, Bangalore",3.9,13.06495917,77.64615197
The Best Home Food,South Indian,350," Indiranagar, Bangalore",3.9,12.981855,77.639427
Amma's Biryani & Rice,"Biryani, Fast Food",300," Kammanahalli, Bangalore",3.9,13.01459731,77.63515458
AL FAH Restaurant,"North Indian, Biryani, Chinese",400," Malleshwaram, Bangalore",3.9,12.97810007,77.57511165
Taste Of Punjab,"North Indian, Desserts",500," CV Raman Nagar, Bangalore",3.9,12.982542,77.67374352
Sapthagiri's Naidu Eating Point,"South Indian, Biryani",300," Frazer Town, Bangalore",3.9,13.06646314,77.50345577
Shetty Donne Biryani & Kebabs,"Biryani, South Indian",300," BTM, Bangalore",3.9,12.90690102,77.61120044
My Pradhan's Kitchen,North Indian,150," Marathahalli, Bangalore",3.9,12.94892528,77.68626709
Vishal Foods,"North Indian, Chinese",350," Bellandur, Bangalore",3.9,12.91886082,77.68502019
Halliruchi,Andhra,350," Malleshwaram, Bangalore",3.9,13.005605,77.571226
NuTy,"Seafood, Biryani, North Indian, Andhra, Bengali",400," Koramangala 7th Block, Bangalore",3.9,12.933871,77.607348
Karnataka Chats,Street Food,200," Majestic, Bangalore",3.9,12.97162456,77.5768923
Sri Shankar Andhra Mess,"South Indian, Andhra",300," Whitefield, Bangalore",3.9,12.98579369,77.74490017
Pepitos Bistro,"Fast Food, Rolls, North Indian, Sandwich",500," Kalyan Nagar, Bangalore",3.9,13.017657,77.644056
Chegg's Eatery,"Fast Food, Beverages",350," RT Nagar, Bangalore",3.9,13.03431232,77.59782795
UBCR,"Cafe, Beverages, Desserts, Chinese",700," Indiranagar, Bangalore",3.9,12.97175884,77.64455304
Risalo Pizzeria,"Italian, Fast Food, Continental, Salad, Beverages, Desserts",1200," Marathahalli, Bangalore",3.9,12.97877669,77.69770704
Urban Monkey Cafe,"Continental, Italian, Beverages, Desserts",700," Sarjapur Road, Bangalore",3.9,12.91576977,77.67293254
Jade,"Chinese, Seafood",750," Varthur Main Road, Whitefield, Bangalore",3.9,12.95754839,77.70908799
C. K. Mega Hot Food,Chinese,600," BTM, Bangalore",3.9,12.91441318,77.61009637
The Gourmet Kitchen & Bar,"North Indian, Chinese, Mughlai",1200," Hotel Ramanashree, Bangalore",3.9,12.96630288,77.59500727
The Sandwich Station,"Sandwich, Burger, Fast Food, Rolls, Beverages",400," Whitefield, Bangalore",3.9,12.9728078,77.7541815
Vandana Gardenia,"Chinese, North Indian, Biryani, Andhra, Malwani",600," Yelahanka, Bangalore",3.9,13.10344337,77.60077
Manakish,"Turkish, Lebanese, Mediterranean",700," Koramangala 5th Block, Bangalore",3.9,12.93427501,77.61632346
Smokin Burg,"Burger, Pizza, American, Beverages, Desserts",500," Frazer Town, Bangalore",3.9,12.99546126,77.61414617
Venus Bar And Restaurant,"North Indian, Fast Food, Chinese, Seafood",900," Yeshwantpur, Bangalore",3.9,13.02450286,77.54811656
Mishmash,"Continental, North Indian, Biryani",1400," HSR, Bangalore",3.9,12.9121939,77.64152918
Woods @ Wonderla Resort,"North Indian, Italian, Chinese, Fast Food, Continental, Chettinad, Desserts",1000," Mysore Road, Bangalore",3.9,12.83828738,77.402656
Woods @ Wonderla Resort,"North Indian, Italian, Chinese, Fast Food, Continental, Chettinad, Desserts",1000," Mysore Road, Bangalore",3.9,12.83828738,77.402656
Magical Spices,"Mughlai, North Indian, Chinese, Continental, Oriental, Beverages, Desserts",500," CV Raman Nagar, Bangalore",3.9,12.99388204,77.66301032
Ilyazsab The House Of Chicken,"Rolls, Kebab",250," BTM, Bangalore",3.9,12.88955949,77.58836143
Zayka,"North Indian, Chinese",400," Bellandur, Bangalore",3.9,12.93020114,77.67828248
The Green Chilli Restaurant,"South Indian, North Indian, Chinese, Mughlai",300," Domlur, Bangalore",3.9,12.951722,77.607934
Food And You,"North Indian, Street Food, South Indian",400," BTM, Bangalore",3.9,12.93546379,77.60839652
The Kebab House,"North Indian, Mughlai",950," Kadubeesanahalli, Bangalore",3.9,12.93519225,77.69495308
Kolkata Rolls & Hot Dum Biriyani On Dial,"Fast Food, Rolls",200," Indiranagar, Bangalore",3.9,12.96130063,77.64348853
Payohima Ice Creams,Desserts,300," Sarjapur Road, Bangalore",3.9,12.90885923,77.68057644
Cravingz,"Fast Food, Beverages",400," Mantri Square, Malleshwaram, Bangalore",3.9,12.99154651,77.57047746
Gowda's Kitchen,South Indian,400," Basaveshwara Nagar, Bangalore",3.9,13.075665,77.500081
Bowl Singh,North Indian,250," Koramangala 1st Block, Bangalore",3.9,12.923552,77.636582
Swad-Deshi Restaurant,"South Indian, Chinese",300," Marathahalli, Bangalore",3.9,12.94976209,77.70158283
Biruva's Biryani House,"Biryani, North Indian, Chinese",200," Sarjapur Road, Bangalore",3.9,12.91286645,77.69845136
The Food Mill Chef,"North Indian, Chinese, Fast Food",300," Marathahalli, Bangalore",3.9,12.96716086,77.70243041
We Desi,"North Indian, Mughlai",450," BTM, Bangalore",3.9,12.907413,77.606209
Tannu Foods,"North Indian, Chinese",250," BTM, Bangalore",3.9,12.919471,77.61806
Flavrs Ice Cream,"Ice Cream, Desserts",150," Kammanahalli, Bangalore",3.9,13.01565178,77.64024708
Desi Zing,"North Indian, Chinese, Fast Food",400," Marathahalli, Bangalore",3.9,12.95103706,77.71440245
Eley Pulao,Andhra,300," Koramangala 7th Block, Bangalore",3.9,12.9367174,77.6130175
Point One Cafe,"Fast Food, Desserts, Beverages",400," BTM, Bangalore",3.9,12.913804,77.609538
Northam,"Pizza, North Indian, Sandwich, Fast Food",500," Nagawara, Bangalore",3.9,13.04495721,77.62085572
Om Ganesh Fruit Juice Centre,"Juices, Ice Cream",100," Indiranagar, Bangalore",3.9,12.97910242,77.64133841
MilkyWay,"Fast Food, Ice Cream, Beverages",400," Bommanahalli, Bangalore",3.9,12.88183283,77.62677267
MilkyWay,"Fast Food, Ice Cream, Beverages",400," Bommanahalli, Bangalore",3.9,12.88183283,77.62677267
Sangeat,North Indian,200," BTM, Bangalore",3.9,12.90885596,77.61167854
KN'S Eat & Treat,"Chinese, Mughlai",300," Mysore Road, Bangalore",3.9,12.96338486,77.55829185
Red Pimiento,"Arabian, Continental, Italian, North Indian",450," KR Puram, Bangalore",3.9,12.982251,77.76712
Tasty Fast Food,"North Indian, Chinese, Biryani",300," New BEL Road, Bangalore",3.9,13.03315961,77.56600857
Shradhi Lunch Home,"Mughlai, North Indian, Chinese",400," Rajajinagar, Bangalore",3.9,13.01259354,77.54384346
Deky's Biryani Corner,Andhra,300," Vijay Nagar, Bangalore",3.9,12.9643448,77.54311256
Sri Krishna Veg,South Indian,100," Basavanagudi, Bangalore",3.9,12.94687328,77.57690404
Kukkeshree Veg,"South Indian, Chinese",200," HBR Layout, Bangalore",3.9,13.03289013,77.63109438
Cherry Chinese Fast Food & Kolkata Kati Rolls,"Chinese, Rolls, Fast Food",400," Hebbal, Bangalore",3.9,13.04752871,77.57465333
RK Hotel,"South Indian, North Indian, Chinese",300," Vijay Nagar, Bangalore",3.9,12.96159502,77.54041091
Indira Canteen,South Indian,100," Frazer Town, Bangalore",3.9,12.99908879,77.61323355
Happy Singh,"Chinese, North Indian",900," Inorbit Mall, Whitefield, Bangalore",3.9,12.97916057,77.72889912
Coastal Hub,"Kerala, Seafood, Chinese",700," Whitefield, Bangalore",3.9,12.97738751,77.7249955
Simply Veg,"North Indian, Chinese, South Indian, Fast Food, Desserts, Beverages",800," Jayanagar, Bangalore",3.9,12.94328943,77.58510992
3 Spice,"North Indian, Chinese, Mughlai, Biryani",450," Wilson Garden, Bangalore",3.9,12.94909682,77.59621996
Fiddler's Green,"Continental, American, Indonesian, Asian, Thai",1200," Kalyan Nagar, Bangalore",3.9,13.01878641,77.6429303
The Red Lantern,"Chinese, Thai, Beverages",700," Banaswadi, Bangalore",3.9,13.00206976,77.66154684
WAT Bar - Sterlings MAC Hotel,Continental,2400," Sterlings Mac Hotel, Bangalore",3.9,12.95982118,77.64836814
Garhwali Tadka,"North Indian, Chinese, Fast Food, Beverages, Biryani",600," Electronic City, Bangalore",3.9,12.819538,77.660348
La Queens Pub,"Chinese, Fast Food, North Indian",1200," Bommanahalli, Bangalore",3.9,12.87916385,77.64644176
Jeff's - Royal Orchid Hotel,"Chinese, Continental",2400," Royal Orchid Hotel,  Old Airport Road, Bangalore",3.9,12.95758238,77.64485277
Kerala Food Club,"Kerala, Seafood",500," Koramangala 8th Block, Bangalore",3.9,12.94102368,77.60762304
Calicut Restaurant,"Kerala, North Indian, Chinese, Beverages, South Indian, Biryani",500," Yeshwantpur, Bangalore",3.9,13.03015516,77.56213043
Taj Coastal,"North Indian, Chinese, Biryani, Seafood",700," Jayanagar, Bangalore",3.9,12.92847119,77.59729721
Apoorva Multi Cuisine Restaurant,"North Indian, South Indian, Chinese, Andhra, Biryani",750," Brookefield, Bangalore",3.9,12.96469636,77.71727744
Dumis Restaurant,"Chettinad, South Indian",750," Indiranagar, Bangalore",3.9,12.98254266,77.64031213
Aroma Fine Dine,"North Indian, Mughlai, Chinese",1000," HSR, Bangalore",3.9,12.91780496,77.62382023
@ The BBQ,"BBQ, Chinese, Arabian, Hyderabadi",700," Bellandur, Bangalore",3.9,12.92625759,77.67773431
Two Cups & A Story,"North Indian, Fast Food, Chinese",400," HSR, Bangalore",3.9,12.91302135,77.65360482
Aaradhya Family Restaurant,"North Indian, Andhra, Chinese, Biryani",600," Vijay Nagar, Bangalore",3.9,12.97600094,77.5452932
Food Affair,"North Indian, Chinese, Beverages, Fast Food",500," BTM, Bangalore",3.9,12.89240647,77.61126515
Zero Donut Cafe,"Healthy Food, Fast Food, Beverages",500," Brookefield, Bangalore",3.9,12.96402493,77.71369133
Balle Balle Kitchen,"North Indian, Mughlai, Biryani, Desserts, Beverages",500," HSR, Bangalore",3.9,12.90864223,77.65193649
Petnaamta,Bengali,500," Yelahanka, Bangalore",3.9,13.1004674,77.58122508
Marata Biryani Mane,"Biryani, Andhra",400," Peenya, Bangalore",3.9,12.9978268,77.49652997
Marata Biryani Mane,"Biryani, Andhra",400," Peenya, Bangalore",3.9,12.9978268,77.49652997
Al-Arabi Restaurant,Arabian,500," Kammanahalli, Bangalore",3.9,13.01891805,77.63611011
Bearful,"North Indian, Chinese, Continental, Fast Food, Biryani, Desserts, Beverages",800," Sarjapur Road, Bangalore",3.9,12.90570295,77.70015255
Menaka Foods,"North Indian, Seafood, Chinese, Biryani",700," Jayanagar, Bangalore",3.9,12.93113343,77.58611206
Kitchens Of Punjab,"North Indian, Biryani, Desserts, Beverages",1000," Old Airport Road, Bangalore",3.9,12.95887789,77.6547109
Sai Abhiruchi,"North Indian, Seafood, Chinese",700," BTM, Bangalore",3.9,12.91387789,77.60845385
Ancient Hyderabad,"Biryani, North Indian, Chinese",900," Nagawara, Bangalore",3.9,13.042535,77.623123
Biryani Junction,"Biryani, Chinese, North Indian, Mughlai",600," BTM, Bangalore",3.9,12.91644,77.61709
Ekayana Cafe And Restaurant,"North Indian, Chinese",600," Brookefield, Bangalore",3.9,12.9632326,77.70910643
Arayante Addukula,"Kerala, North Indian, Chinese",700," Whitefield, Bangalore",3.9,12.995013,77.697377
The Restaurant @Whitefield,"South Indian, North Indian, Chinese, Biryani, Beverages",600," Whitefield, Bangalore",3.9,12.97061303,77.75066391
Talk Of The Town,"North Indian, Chinese, Rolls",600," Whitefield, Bangalore",3.9,12.985694,77.708306
Natural Mumbai Kulfi,"Ice Cream, Desserts",100," BTM, Bangalore",3.9,12.906251,77.606085
Grand Vezier Restaurant,"Turkish, European, North Indian",600," Hesaraghatta, Bangalore",3.9,13.07814747,77.49740973
Venky's Dum Biryani,"North Indian, Seafood, Biryani, Chinese",350," Bellandur, Bangalore",3.9,12.92734839,77.66920523
Henchina Mane Restaurant & Bar,"South Indian, North Indian",800," JP Nagar, Bangalore",3.9,12.87050699,77.58325819
Bollywood Platter,"North Indian, Chinese, Kebab",800," Jayanagar, Bangalore",3.9,12.909587,77.563279
Rayalaseema Ruchulu,"Andhra, North Indian",700," Electronic City, Bangalore",3.9,12.920077,77.61296
Bhunakti Restaurant,"Andhra, North Indian, Chinese, Biryani",700," Nagawara, Bangalore",3.9,13.040177,77.620137
Tejas Bar and Restaurant,Chinese,800," Nagarbhavi, Bangalore",3.9,12.95768464,77.51870949
Emerald Green,South Indian,600," City Market, Bangalore",3.8,12.96007603,77.57783845
Jaganath Hotel And Restaurant,"Street Food, North Indian, Biryani, Rolls, Chinese",400," JP Nagar, Bangalore",3.9,12.90720168,77.59508505
ChinaMinaMo,"Chinese, Seafood, Beverages, Juices",700," Brookefield, Bangalore",3.9,12.96423403,77.71502171
Sri Raghavendra Davanagere Benne Dose Hotel,South Indian,200," JP Nagar, Bangalore",3.9,12.90883341,77.57287972
White Fog,"Cafe, Italian, Fast Food",800," Koramangala 6th Block, Bangalore",3.9,12.9373329,77.61944622
Udupi Uphara,"South Indian, Street Food, Chinese",200," Jalahalli, Bangalore",3.9,13.075161,77.529959
Estia - Aloft Hotel,"Mediterranean, Continental, Beverages",1600," Aloft Hotel, Whitefield, Bangalore",3.9,12.99022046,77.73333047
Trishna Restaurant,"North Indian, South Indian, Andhra, Seafood, Biryani, Kebab, Desserts, Beverages",650," Banaswadi, Bangalore",3.9,13.01131039,77.65954088
Treat,"North Indian, Desserts, Beverages",800," Indiranagar, Bangalore",3.9,12.97960669,77.64093815
Upahara Darshini,"South Indian, North Indian, Fast Food, Street Food, Ice Cream, Beverages, Chinese",400," Jayanagar, Bangalore",3.9,12.93292577,77.58434281
Vishnu Garden,"South Indian, North Indian, Chinese, Fast Food, Street Food, Ice Cream, Beverages",400," RT Nagar, Bangalore",3.9,13.02008291,77.59239145
Aqua - The Park Bangalore,"North Indian, Mediterranean, Chinese",3000," The Park, MG Road, Bangalore",3.9,12.97410566,77.61992767
Suchithra Biryani House,"Biryani, Andhra, North Indian, Chinese, Mughlai",500," Old Airport Road, Bangalore",3.9,12.95915006,77.65509881
Richie Rich,"Desserts, Beverages, Fast Food, Ice Cream",450," Race Course Road, Bangalore",3.9,12.98685971,77.57995337
Udupi Grand,"North Indian, South Indian, Chinese",300," Yelahanka, Bangalore",3.9,13.10344305,77.60073144
A2B - Adyar Ananda Bhavan,"South Indian, North Indian, Chinese, Street Food, Desserts, Beverages",700," BTM, Bangalore",3.9,12.91651022,77.60955825
New S.L.V. Gowdru Hindu Miltry Hotel,South Indian,300," Jalahalli, Bangalore",3.9,13.04165339,77.51433179
Ashraya Upachar,"South Indian, North Indian, Chinese",350," KR Puram, Bangalore",3.9,13.01995486,77.70891532
Udupi Aatithya,"South Indian, North Indian, Chinese, Fast Food",300," Bellandur, Bangalore",3.9,12.92568965,77.67644651
29 Degrees North,"North Indian, Chinese, Street Food, Desserts",250," Banaswadi, Bangalore",3.9,13.01363397,77.66050983
Patil Vegetarian,"South Indian, North Indian, Chinese, Beverages, Ice Cream",400," Jalahalli, Bangalore",3.9,13.04068886,77.51881208
The Bangalore Bakery,"Cafe, Fast Food, Bakery",500," Malleshwaram, Bangalore",3.9,12.994259,77.571207
Hotel Prashanth,"North Indian, South Indian",400," Rajajinagar, Bangalore",3.9,12.98811065,77.55405765
Donne Biriyani House,Biryani,300," Indiranagar, Bangalore",3.9,12.97850029,77.63317443
Devi Uphara,"South Indian, Chinese, North Indian, Street Food, Fast Food, Beverages",450," Vijay Nagar, Bangalore",3.9,12.95974505,77.52681915
Antarastriya,"Asian, Fast Food, Chinese, Beverages",450," Malleshwaram, Bangalore",3.9,12.9983606,77.5708295
One Plate Club Restaurant,"Biryani, Mughlai",400," KR Puram, Bangalore",3.9,13.00437056,77.7135485
Meen Chatti,"Kerala, Biryani, South Indian, North Indian, Seafood, Desserts, Beverages",600," Electronic City, Bangalore",3.9,12.85219408,77.65716646
Meen Chatti,"Kerala, Biryani, South Indian, North Indian, Seafood, Desserts, Beverages",600," Electronic City, Bangalore",3.9,12.85219408,77.65716646
Venkataramana Nellore Mess,"South Indian, Andhra, Biryani",300," HSR, Bangalore",3.9,12.89733754,77.65842844
Pizzza Next,"Fast Food, Pizza, Burger, Beverages",400," Malleshwaram, Bangalore",3.9,13.008075,77.556408
Swathi Gardenia,"Andhra, North Indian, Chinese",700," Sahakara Nagar, Bangalore",3.9,13.05908388,77.5931469
VMS Star Biriyani,"Biryani, Chinese",400," Electronic City, Bangalore",3.9,12.87139799,77.65406147
Pathaan Sir,"Rolls, Fast Food",300," BTM, Bangalore",3.9,12.9139707,77.61004876
Northwind,"Chinese, North Indian, Mughlai, Fast Food",800," Seshadripuram, Bangalore",3.9,12.99820445,77.58135416
Birbal Biryani - Sompura,"Biryani, North Indian, Chinese",800," Sarjapur Road, Bangalore",3.9,12.864777,77.769233
Mayuri Multicuisine Family Restaurant,"Andhra, Biryani, North Indian, Chinese, Seafood",750," KR Puram, Bangalore",3.9,13.00488,77.714057
Hyderabad Magic,"North Indian, Chinese, Biryani, Beverages",400," Electronic City, Bangalore",3.9,12.85271577,77.67557379
Odia Dine,"North Indian, Odia",300," Old Airport Road, Bangalore",3.9,12.95624405,77.65610598
Great Indian Spice House,"North Indian, Chinese",300," Varthur Main Road, Whitefield, Bangalore",3.9,12.88232178,77.75607962
None Of Your Business,"Continental, North Indian, Chinese, Italian, European, Beverages",1600," Bannerghatta Road, Bangalore",3.9,12.88592154,77.59647578
NRN Foods Donne Biryani Mane,"Biryani, South Indian",450," Kengeri, Bangalore",3.9,12.91417919,77.50062536
Al Falah,"Chinese, North Indian",300," Yelahanka, Bangalore",3.9,13.10369644,77.57689465
E2P Pizza & Burger,"Italian, Fast Food, Pizza, Sandwich, Burger, Desserts, Beverages",500," Hesaraghatta, Bangalore",3.9,13.06490005,77.50427987
Sandwich Guru,"Fast Food, Sandwich, Beverages, Street Food",250," HSR, Bangalore",3.9,12.90800562,77.64931228
The Lassi Corner,"Beverages, Ice Cream, Desserts, North Indian, Sandwich, Fast Food",350," Whitefield, Bangalore",3.9,12.956666,77.731046
Restaurant Ashwa,"North Indian, Biryani, Chinese",400," Nagarbhavi, Bangalore",3.9,12.97020822,77.49528609
The Trinity Square - Taj MG Road Bengaluru,"North Indian, Continental, Italian, Fast Food, South Indian, Desserts, Beverages",2500," Taj, MG Road, Bangalore",3.8,12.973365,77.619562
Snehajeevi Gowdru Adda Juice And Chats,"Fast Food, Chinese",300," Malleshwaram, Bangalore",3.8,13.005863,77.564848
The Dome Cafe,"Chinese, Fast Food, Beverages",900," Yelahanka, Bangalore",3.8,13.152306,77.568972
The Drive-in - Acre,"Italian, American, Chinese, North Indian, Beverages, Desserts",1000," International Airport, Bangalore",3.8,13.189316,77.64463
Zed The Baker,"Bakery, Continental, Fast Food, Desserts, Beverages",800," Church Street, Bangalore",3.8,12.97585294,77.60256909
Zed The Baker,"Bakery, Continental, Fast Food, Desserts, Beverages",800," Church Street, Bangalore",3.8,12.97585294,77.60256909
Siddy's Pizza,"Pizza, Fast Food",450," Yelahanka, Bangalore",3.8,13.10017863,77.58029533
Gustum,"Kerala, South Indian, Beverages",1800," HSR, Bangalore",3.8,12.91142364,77.6381325
Taj Durbar,"North Indian, Chinese, BBQ",400," Jayanagar, Bangalore",3.8,12.9286068,77.59241156
Koshy's,"North Indian, Beverages, Chinese, Juices, Desserts",800," St. Marks Road, Bangalore",3.8,12.97558503,77.60152068
Chicha's,"North Indian, Chinese",400," Shanti Nagar, Bangalore",3.8,12.9610591,77.5982552
99 Varieties Dosa And Pav Bhaji,"South Indian, Street Food",250," HSR, Bangalore",3.8,12.91224913,77.63786998
Mohaa - New Name Of Sheesha,Fast Food,450," New BEL Road, Bangalore",3.8,13.03009892,77.57077789
The Hidden One,"Asian, Chinese, Fast Food",400," HSR, Bangalore",3.8,12.90080865,77.65168335
NuAir Pebble,"North Indian, Chinese, Continental",2000," Sadashiv Nagar, Bangalore",3.8,13.00498798,77.58456174
Cafe E Fungi,"Burger, Sandwich, Wraps, North Indian, Fast Food",400," Bommanahalli, Bangalore",3.8,12.881679,77.626227
BE HERE,"North Indian, Fast Food, Bar Food",1500," Yelahanka, Bangalore",3.8,13.093151,77.593951
Creative Cup,"Fast Food, North Indian",300," Indiranagar, Bangalore",3.8,12.9635672,77.6420435
Cool Town,"Fast Food, Ice Cream, Desserts, Beverages",300," Hebbal, Bangalore",3.8,13.03678064,77.60496533
Jimi's Beer Cafe,"American, North Indian, Chinese",1800," Indiranagar, Bangalore",3.8,12.97003506,77.63847347
Donne Biryani Kuteera,"Biryani, South Indian",400," KR Puram, Bangalore",3.8,13.021145,77.702313
The Lassi Corner,"Beverages, Juices, Fast Food, Ice Cream, Desserts",300," Marathahalli, Bangalore",3.8,12.95555103,77.69796822
Srinidhi Signature,"South Indian, North Indian, Mughlai, Chinese, Desserts, Beverages",1300," ITPL Main Road, Whitefield, Bangalore",3.8,12.98353127,77.75303096
Biryani By Kilo,"Biryani, Hyderabadi, Mughlai, Kebab",500," Koramangala 6th Block, Bangalore",3.8,12.93697516,77.62454478
Creme Borne,"Desserts, Ice Cream, Beverages",400," Jayanagar, Bangalore",3.8,12.91631512,77.59279411
La Pino'z Pizza,"Pizza, Fast Food",500," Bellandur, Bangalore",3.8,12.91957214,77.66706633
GFC Biryani,Biryani,300," BTM, Bangalore",3.8,12.90945074,77.60738399
Punjabi Pure Veg Restaurant Since 1994,"North Indian, Beverages, Chinese",350," Majestic, Bangalore",3.8,12.97060519,77.57422149
Be High Bros,"Pizza, Burger, Italian, Fast Food, Sandwich, Wraps, Rolls, Continental",500," Electronic City, Bangalore",3.8,12.87466844,77.65416373
Pokket Cafe,"Pizza, Burger, Sandwich, Fast Food, Chinese, Italian, Beverages",500," Jakkur, Bangalore",3.8,13.088874,77.635134
Walleve,"Bakery, Desserts, Fast Food",400," Electronic City, Bangalore",3.8,12.850367,77.657596
Sips N Bites,"North Indian, Chinese, Ice Cream, Desserts, Beverages",400," Bannerghatta Road, Bangalore",3.8,12.85777706,77.58976422
Puppy's Gastronomy,"Continental, Fast Food, Beverages",1000," Vasanth Nagar, Bangalore",3.8,12.9929134,77.5892593
Anand Dum Biryani,Biryani,500," Old Madras Road, Bangalore",3.8,13.078928,77.799331
SR Biriyani House,"Biryani, South Indian",300," Rajajinagar, Bangalore",3.8,13.00073821,77.56053183
Chick Baik,"Fast Food, BBQ, Rolls, Charcoal Chicken, Arabian, Pasta, Beverages",400," Kammanahalli, Bangalore",3.8,13.01578211,77.63932139
Indulge Desi,"North Indian, Street Food, Chinese, Fast Food, Beverages",400," JP Nagar, Bangalore",3.8,12.87141662,77.57619325
Main Lassi Shop,"Beverages, Ice Cream",350," Shivajinagar, Bangalore",3.8,12.985201,77.603501
The Original's Café,"Chinese, Fast Food",400," Kammanahalli, Bangalore",3.8,13.0155087,77.63075039
Kudla - Coraltree,"Seafood, Mangalorean, Beverages",1200," Coraltree, RT Nagar, Bangalore",3.8,13.01813309,77.59202432
Grill Zilla,"Chinese, Kebab",400," KR Puram, Bangalore",3.8,13.004612,77.7181049
Raj Donne Biriyani Mane,"Mughlai, North Indian",550," Rajajinagar, Bangalore",3.8,12.99712181,77.54714426
Shakespert,"Beverages, Fast Food",300," Banashankari, Bangalore",3.8,12.92595075,77.5646802
Donne Biriyani Mane,"Biryani, North Indian, Chinese",400," Hesaraghatta, Bangalore",3.8,13.08985475,77.54651427
Bhukti,"Chinese, North Indian, Andhra, Kebab",300," Nagarbhavi, Bangalore",3.8,12.96739905,77.50339542
Terrace Hut,"Chinese, North Indian, Biryani, Seafood",550," KR Puram, Bangalore",3.8,13.01997467,77.7201226
Namaste Kitchen,"North Indian, Chinese, Fast Food",400," Koramangala 7th Block, Bangalore",3.8,12.9367328,77.6125244
Natural Mumbai Kulfi,"Fast Food, Ice Cream, Desserts, Beverages",200," Electronic City, Bangalore",3.8,12.85105,77.65149459
Gupta's Cafe,"North Indian, Fast Food, Street Food, Desserts",200," Electronic City, Bangalore",3.8,12.86759798,77.69033432
Al Taj,"Chinese, North Indian, Mughlai, Lebanese, Kebab, Biryani, Beverages",700," Koramangala 7th Block, Bangalore",3.8,12.93510958,77.61280775
MyFroyoland,"Desserts, Frozen Yogurt",300," Indiranagar, Bangalore",3.8,12.97213813,77.63584895
Amigos Resto Cafe,"Cafe, Fast Food",500," New BEL Road, Bangalore",3.8,13.027441,77.5764465
No.10 Fort Cochin,"Seafood, Kerala, Biryani",800," St. Marks Road, Bangalore",3.8,12.97069896,77.60076396
Junction Restaurant,"North Indian, Chinese, Thai, Italian, Continental, Beverages",800," Varthur Main Road, Whitefield, Bangalore",3.8,12.92864242,77.73824662
Bobby's Dhaba,North Indian,250," Jalahalli, Bangalore",3.8,13.04717922,77.50249419
Malvan Tadka,"Malwani, Maharashtrian, North Indian",1000," Sahakara Nagar, Bangalore",3.8,13.058681,77.592744
New Alameen Restaurant,"Kerala, North Indian, Chinese",300," Ulsoor, Bangalore",3.8,12.9754514,77.62251433
Mahadev Sweets And Chats,"Mithai, North Indian, Fast Food, Street Food",300," Hesaraghatta, Bangalore",3.8,13.08319797,77.48428937
Hotel Aasare,"Chettinad, Kerala, Seafood",400," Yeshwantpur, Bangalore",3.8,13.01917415,77.55104821
Caf-Eleven,"Cafe, Fast Food, North Indian, Pizza, Beverages",700," Banashankari, Bangalore",3.8,12.92341492,77.55490322
Udta Punjab Cafe,"North Indian, Chinese, Street Food, Beverages",400," Shanti Nagar, Bangalore",3.8,12.96035931,77.59816423
Hotel Cauvery,"South Indian, North Indian",300," Kengeri, Bangalore",3.8,12.93542817,77.49236215
The Grey House Cafe,"Cafe, Desserts, Fast Food, Italian, Beverages",450," HSR, Bangalore",3.8,12.91197,77.66479
Mokha Cafe Lounge,"Continental, Fast Food, Burger, Pizza, Chinese, Beverages",600," Koramangala 5th Block, Bangalore",3.8,12.93354533,77.62261055
The Odia Adda,"North Indian, Chinese, Odia, Biryani",400," Marathahalli, Bangalore",3.8,12.95300048,77.70734053
Mockaholic Restro Beer Cafe,"North Indian, Chinese, Pizza, BBQ",1200," JP Nagar, Bangalore",3.8,12.9155965,77.58571979
Park View Restaurant,"North Indian, Chinese, Continental, Desserts",600," Vijay Nagar, Bangalore",3.8,12.97300429,77.53974102
Jungle Juice Junction,"Beverages, Fast Food, Street Food",200," Nagarbhavi, Bangalore",3.8,12.97777401,77.50594083
Amazing Kati Roll's,"Rolls, Fast Food, Burger",300," HSR, Bangalore",3.8,12.91608604,77.64332157
Buzz A Pizza Wood-Fired Oven Pizza,Pizza,400," Bannerghatta Road, Bangalore",3.8,12.87261289,77.61829186
Ammachiyude Adukkala,South Indian,250," Bannerghatta Road, Bangalore",3.8,12.8736137,77.60248091
Ideal Royal Kitchen,"Biryani, Arabian, North Indian, Chinese",350," Jakkur, Bangalore",3.8,13.0840347,77.6349763
Knowhere,"Finger Food, North Indian, Chinese, Fast Food",1400," Banaswadi, Bangalore",3.8,13.00116028,77.62917593
HBH Hyderabadi Biryani House,"Biryani, North Indian, Chinese, Hyderabadi",450," Bommasandra, Bangalore",3.8,12.82211604,77.68642969
Hotel Aadarsha,"South Indian, North Indian",300," Nagarbhavi, Bangalore",3.8,12.96670181,77.50491623
18th Street Elementz,"Arabian, Fast Food, Chinese, Biryani",400," Indiranagar, Bangalore",3.8,12.96253046,77.64279485
Pavratha,"Street Food, North Indian",300," Sarjapur Road, Bangalore",3.8,12.9107422,77.6809421
Asha Melange,"Cafe, Desserts, Bakery, North Indian, Chinese, Beverages, Fast Food",700," Malleshwaram, Bangalore",3.8,13.001072,77.570993
Summerland Resto Pub,"Finger Food, Fast Food, Chinese, Beverages",1100," Koramangala 5th Block, Bangalore",3.8,12.93424919,77.6165035
San Tung Chinese,Chinese,500," Kumaraswamy Layout, Bangalore",3.8,12.90860008,77.56413136
Cafe Runway,"Chinese, Pizza, Fast Food, Beverages",600," International Airport, Bangalore",3.8,13.20664,77.668479
New Doon Punjabi Dhaba,"North Indian, Chinese",300," BTM, Bangalore",3.8,12.9108382,77.6097173
New Friends,"North Indian, Continental, Chinese, Steak, Beverages",900," BTM, Bangalore",3.8,12.91667198,77.61245102
Authentic Andhra Restaurant,"Andhra, North Indian, Seafood, Chinese",800," HSR, Bangalore",3.8,12.90981807,77.63254713
Cakes Wagon,"Bakery, Desserts",300," Electronic City, Bangalore",3.8,12.85233236,77.66308194
Mylari Biryani Family Restaurant,"Biryani, South Indian",400," Banashankari, Bangalore",3.8,12.92895286,77.54570492
Ziyan's Cafe 27th,"Kerala, South Indian",300," HSR, Bangalore",3.8,12.91131318,77.65226807
Rajasthani Bhojan,Rajasthani,200," Rajajinagar, Bangalore",3.8,12.98745365,77.55569011
Lobby Cafe - Radha Regent,"Continental, American, South Indian, Italian, North Indian, Chinese",2000," Radha Regent Bengaluru, Electronic City, Bangalore",3.8,12.83666108,77.66164105
Sunny Side Bistro,"Cafe, Continental, Italian, Fast Food, Beverages",700," Frazer Town, Bangalore",3.8,13.00189074,77.62352284
Meghana Biryani House,"Biryani, Andhra",400," Sahakara Nagar, Bangalore",3.8,13.056973,77.59982
Krizale Pizza,Pizza,400," Yelahanka, Bangalore",3.8,13.11089802,77.61183929
Seegadi Pure Coastal,Seafood,600," Jayanagar, Bangalore",3.8,12.92470114,77.58272611
Saarangi Fine Dining,"South Indian, Chinese, North Indian, Fast Food, Italian, Desserts, Beverages",900," The Royal Comfort, Bangalore",3.8,12.9307145,77.58524638
Kerala Panoor Restaurant,"Kerala, Seafood, Biryani, South Indian, Chinese, North Indian",350," Bellandur, Bangalore",3.8,12.93064458,77.68501114
NTR - Nellore Tiffin Room,"South Indian, Andhra, North Indian",500," HSR, Bangalore",3.8,12.91706347,77.63101995
Soul Of Kerala,"Biryani, Kerala",400," HSR, Bangalore",3.8,12.91118638,77.63509087
Toast On Terrace,"North Indian, Chinese, Bar Food, Fast Food, Beverages",1300," Kanakapura Road, Bangalore",3.8,12.89675058,77.57054854
Shri Udupi Cafe,"Biryani, North Indian, Chinese",400," New BEL Road, Bangalore",3.8,13.03789681,77.56544665
The Pork Point Coorg Style,Mangalorean,350," Hennur, Bangalore",3.8,13.06462571,77.64730398
Jalandhar Junction,"North Indian, Chinese, Beverages, Desserts",600," Banaswadi, Bangalore",3.8,13.00838898,77.65138865
Zabardast Shawarma Momos & More,"Arabian, Chinese, Sandwich, Beverages",250," Banaswadi, Bangalore",3.8,13.00950881,77.64328234
Ganesh Chats,"Street Food, Desserts",150," Basavanagudi, Bangalore",3.8,12.94887333,77.57749345
Poori House,"Chinese, North Indian",200," Marathahalli, Bangalore",3.8,12.95902688,77.70858608
Lagan Ki Biryani,"North Indian, Biryani",500," Sahakara Nagar, Bangalore",3.8,13.0590242,77.5914533
Hotel Kadamba Veg,"South Indian, North Indian, Street Food, Chinese, Salad, Mithai, Beverages",450," Rajajinagar, Bangalore",3.8,12.99747986,77.54761767
Naatil Evideya,"Kerala, South Indian, Chettinad, Biryani",500," Kammanahalli, Bangalore",3.8,13.02078751,77.63404783
Munchies,"Fast Food, Rolls, Sandwich, Beverages",300," Brigade Road, Bangalore",3.8,12.96768134,77.60602277
Chocoberry,"Ice Cream, Desserts, Beverages",400," Jayanagar, Bangalore",3.8,12.93113866,77.58355021
Dastan-E-Biryani,"Biryani, North Indian, Mughlai, Chinese, Beverages, Desserts",600," Yelahanka, Bangalore",3.8,13.1040256,77.5751026
Foodmode,"North Indian, Fast Food, Chinese, Beverages",300," BTM, Bangalore",3.8,12.9128155,77.6101619
Hotel Tadaka House,"North Indian, Chettinad",350," Bommanahalli, Bangalore",3.8,12.89964421,77.6390297
White Mountain,"Ice Cream, Desserts, Beverages",300," Bannerghatta Road, Bangalore",3.8,12.87613696,77.61401609
Maa Da Dhaba Express,"North Indian, Chinese, Street Food",350," Yelahanka, Bangalore",3.8,13.099942,77.579056
Nellore Mess,"Andhra, South Indian, Chinese, Biryani",450," Rammurthy Nagar, Bangalore",3.8,13.0139234,77.66393133
SLN Lunch Home,South Indian,100," City Market, Bangalore",3.8,12.96618787,77.58439142
Shahi Darbar Roll Centre,"Street Food, Rolls",400," New BEL Road, Bangalore",3.8,13.03251711,77.56560322
Sukh Sagar,"South Indian, North Indian, Chinese, Street Food, Ice Cream, Desserts, Beverages",500," Koramangala 5th Block, Bangalore",3.8,12.93327019,77.62325563
Dialogues,"Chinese, Fast Food, Sandwich, Beverages",600," JP Nagar, Bangalore",3.8,12.90630329,77.58265302
Lungees Foods,"Kerala, Biryani, South Indian, Seafood",350," Sarjapur Road, Bangalore",3.8,12.89998867,77.67524622
Shanthi Sagar,"South Indian, North Indian, Chinese, Beverages",250," Ulsoor, Bangalore",3.8,12.98715276,77.6189832
By 2 Coffee,South Indian,100," Nagarbhavi, Bangalore",3.8,12.97270208,77.5116764
Haji Ali Juice Centre,"Beverages, Fast Food, Street Food, Desserts",300," Jayanagar, Bangalore",3.8,12.92314336,77.58163344
Avocado Cafe,Healthy Food,400," Indiranagar, Bangalore",3.8,12.96996,77.63872
Dine Spot,"North Indian, Biryani, Chinese, Arabian, Beverages, Kerala, South Indian",700," Yelahanka, Bangalore",3.8,13.12128424,77.6173266
Deewar Family Restaurant and Bar,"North Indian, Seafood, Chinese, Mughlai, Beverages",1100," Vijay Nagar, Bangalore",3.8,12.95859592,77.5259662
Kalinga Spices,"North Indian, Odia, Bengali",300," Marathahalli, Bangalore",3.8,12.95026463,77.7156936
The Terminus - The Oterra,"Finger Food, Continental",2500," The Oterra, Hosur Road, Bangalore",3.8,12.85022889,77.66018193
Mayura 1989 Andhra Speciality Restaurant,"Andhra, North Indian, Chinese, Beverages",800," Rajajinagar, Bangalore",3.8,12.9758085,77.55262971
Wok Chow,"Chinese, Thai, Momos",300," New BEL Road, Bangalore",3.8,13.029785,77.562471
Ajji Mane,"South Indian, North Indian, Chinese, Fast Food, Beverages",250," Rajarajeshwari Nagar, Bangalore",3.8,12.91708145,77.50005137
Jcubez,"Finger Food, Fast Food, North Indian, Mangalorean",1300," Banashankari, Bangalore",3.8,12.92577004,77.56428793
Spice Up,"Chinese, North Indian, Mughlai, Seafood, Biryani",800," JP Nagar, Bangalore",3.8,12.90938636,77.59334262
Shaken & Stirred,"Continental, North Indian, Chinese, Seafood, Desserts, Beverages",1500," Race Course Road, Bangalore",3.8,12.98002309,77.57697746
Kullad Cafe,"Cafe, North Indian, Fast Food, Beverages",300," BTM, Bangalore",3.8,12.91263475,77.61003133
92 Cafe Colony,"Chinese, North Indian",500," Banashankari, Bangalore",3.8,12.92401489,77.55346086
Moto Store & Café,"Cafe, Pizza, Desserts",500," Yelahanka, Bangalore",3.8,13.122717,77.631698
Moto Store & Café,"Cafe, Pizza, Desserts",500," Yelahanka, Bangalore",3.8,13.122717,77.631698
Madurai Idly Shop,"South Indian, Chinese",300," Koramangala 7th Block, Bangalore",3.8,12.93613105,77.61479259
Bhattara Bhojana,South Indian,300," Banashankari, Bangalore",3.8,12.93821385,77.55604483
Sri Rajarajeshwari Iyer Mess,South Indian,250," Malleshwaram, Bangalore",3.8,13.00660992,77.56923594
Udupi Aatithya,"South Indian, North Indian, Chinese, Street Food, Beverages",400," Whitefield, Bangalore",3.8,12.96181165,77.74776243
Spot 360 - DoubleTree Suites by Hilton,"North Indian, South Indian, Chinese, Thai, Italian, Burger, Sandwich, Pizza",1500," DoubleTree Suites By Hilton, Sarjapur Road, Bangalore",3.8,12.92016961,77.66572304
Nanav Store & Cafe,"Continental, Fast Food, Desserts, North Indian, Asian",1000," Indiranagar, Bangalore",3.8,12.967228,77.642183
Pie Square,"Fast Food, Beverages, Italian",700," JP Nagar, Bangalore",3.8,12.90644447,77.5852209
Poha On Wheels,"Street Food, Gujarati",150," Sarjapur Road, Bangalore",3.8,12.91353541,77.67845012
Roll N Rock,"Chinese, North Indian, Rolls",300," Kumaraswamy Layout, Bangalore",3.8,12.90751836,77.56400127
Raichur Biryani House,"North Indian, Chinese, Biryani",400," HSR, Bangalore",3.8,12.91496089,77.64464021
Park N Eat,"Chinese, North Indian",300," KR Puram, Bangalore",3.8,13.01745658,77.70473409
Hotel Malabar,"Kerala, Chinese",350," Kaggadasapura, Bangalore",3.8,12.97397203,77.67876461
Star Ambur Biryani Kabaab,"Biryani, Fast Food",200," Jayanagar, Bangalore",3.8,12.92654,77.60156
New Naidu Hotel,"Andhra, Chinese, North Indian, Ice Cream, Desserts, Beverages",400," Peenya, Bangalore",3.8,13.01777638,77.51438577
Isiri Cafe,"South Indian, Chinese, Street Food",350," Bannerghatta Road, Bangalore",3.8,12.8832379,77.6075362
Rambhavan Sweets,Mithai,200," Nagarbhavi, Bangalore",3.8,12.96099252,77.51197111
Too Much Chutney,"South Indian, Beverages",300," Indiranagar, Bangalore",3.8,12.96604836,77.64903769
Machili,Bengali,350," Malleshwaram, Bangalore",3.8,12.99842202,77.5700577
Lekhana Tiffins,South Indian,150," Kengeri, Bangalore",3.8,12.94150173,77.49263473
Vaishali Deluxe,"North Indian, Chinese, Andhra, Biryani",600," Banashankari, Bangalore",3.8,12.92367765,77.55308535
Khopcha,"Fast Food, Chinese",300," Sahakara Nagar, Bangalore",3.8,13.0579516,77.58757621
Dhansagar Restaurant,"North Indian, Mughlai, Chinese, Biryani, Seafood",750," BTM, Bangalore",3.8,12.91354652,77.60655586
Sri Skanda Sagar,"South Indian, North Indian, Chinese, Beverages",300," Kengeri, Bangalore",3.8,12.9112783,77.484976
Sri Curries,"Biryani, Andhra, North Indian",350," Sahakara Nagar, Bangalore",3.8,13.06283334,77.59243067
Hotel Udupi Sagar,"South Indian, Chinese",200," Rammurthy Nagar, Bangalore",3.8,13.0203315,77.68422458
Arogya Thaana,"Beverages, Juices, Fast Food, Healthy Food",350," Whitefield, Bangalore",3.8,12.98245053,77.76708607
China Garten,"Chinese, Asian",400," Domlur, Bangalore",3.8,12.96566576,77.63999797
Punam's Ice Creams,"Desserts, Ice Cream",300," Rajarajeshwari Nagar, Bangalore",3.8,12.92197968,77.50706568
Nandanam Family Restaurant,"Kerala, Chinese, South Indian",350," BTM, Bangalore",3.8,12.92311265,77.6136845
Hotel Tanish,South Indian,250," HSR, Bangalore",3.8,12.9198889,77.65212491
East West Corridor,"Tibetan, Chinese, Fast Food, Desserts",350," Rajarajeshwari Nagar, Bangalore",3.8,12.92604976,77.51570642
Chaska P2B,"Chinese, Italian, North Indian",200," Yelahanka, Bangalore",3.8,13.1311,77.5737
Big Man Bistro,"Salad, Burger, Pasta, Fast Food",500," Kammanahalli, Bangalore",3.8,13.01086155,77.62976803
Om Sai Ram Food Junction,"North Indian, Chinese, Biryani",100," New BEL Road, Bangalore",3.8,13.03092106,77.5622707
Nati Palace,"Andhra, North Indian, Chinese, Biryani",300," JP Nagar, Bangalore",3.8,12.89935923,77.58591726
La' Meze,Fast Food,350," Nagawara, Bangalore",3.8,13.05370143,77.63171632
Chai Meat Samosa,"Fast Food, Beverages",200," Whitefield, Bangalore",3.8,12.9799069,77.7525965
Indian Spice Route,"South Indian, Biryani, North Indian",350," Jalahalli, Bangalore",3.8,13.06681881,77.50624392
La Kulfi,"Desserts, Ice Cream",100," CV Raman Nagar, Bangalore",3.8,12.97258087,77.6788082
Snack Me,"Fast Food, Street Food",250," BTM, Bangalore",3.8,12.909786,77.603668
Lazeez Point,"North Indian, Chinese",500," Jakkur, Bangalore",3.8,13.08380017,77.63605613
Krishna Cafe,"Fast Food, Pizza, Beverages",400," New BEL Road, Bangalore",3.8,13.072577,77.556427
Kozhikoden Flavours,Kerala,400," Kaggadasapura, Bangalore",3.8,12.975286,77.673332
Cha Canteen,"North Indian, Fast Food, Chinese, Beverages",500," Marathahalli, Bangalore",3.8,12.96715204,77.70235062
Raidan Restaurant,"Arabian, Chinese, North Indian",500," Kammanahalli, Bangalore",3.8,13.0188831,77.63653893
New Swagath Friends Corner,"South Indian, North Indian, Chinese",500," KR Puram, Bangalore",3.8,13.02375156,77.70750113
Rajwadi,"North Indian, Rajasthani, Fast Food, Street Food, Biryani, Mithai, Beverages",500," Brookefield, Bangalore",3.8,12.96424482,77.71501366
White Horse,"Finger Food, Chinese, North Indian",1100," Malleshwaram, Bangalore",3.8,13.00785324,77.55701043
Brown Burger Co.,"Fast Food, Burger, Sandwich, Wraps, Beverages",450," Sarjapur Road, Bangalore",3.8,12.870296,77.767208
The Urban Roof,"Italian, Chinese, Kebab, Fast Food, Beverages",800," Kalyan Nagar, Bangalore",3.8,13.02366402,77.63964929
Samovar,"Kerala, South Indian, Chinese",500," Kammanahalli, Bangalore",3.8,13.0180364,77.63616979
B1,"Continental, Burger, Italian, Pizza, North Indian, Salad, Seafood",1100," New BEL Road, Bangalore",3.8,13.07214649,77.55629662
Ashok Vattika,"South Indian, North Indian, Biryani, Chinese",400," Jayanagar, Bangalore",3.8,12.92875287,77.58163512
Banchharam,"Mishti, Street Food",300," Ulsoor, Bangalore",3.8,12.96988248,77.63097938
Karibu - The Zuri,"South Indian, North Indian, Continental",2000," The Zuri Hotels, Bangalore",3.8,12.99062589,77.72311695
The Swathi Deluxe,"North Indian, Seafood, Chinese, Biryani",750," Marathahalli, Bangalore",3.8,12.93810896,77.69918963
Food Springs,"Chinese, Asian, Beverages",500," Jayanagar, Bangalore",3.8,12.92493544,77.58478571
New Sri Banashankari Donne Biriyani Corner,"Chinese, Biryani, Mughlai",300," Basavanagudi, Bangalore",3.8,12.94170302,77.55727027
Brahmin Cafe,South Indian,100," Banashankari, Bangalore",3.8,12.94619625,77.55617492
New Udupi Grand,"South Indian, North Indian, Street Food, Beverages, Chinese",600," HSR, Bangalore",3.8,12.91702753,77.62990851
Kadak Biryanis & Grill,"Biryani, Kebab, North Indian, Chinese, Lebanese",500," Jakkur, Bangalore",3.8,13.06605751,77.59834427
Mangalore Kitchen,"Mangalorean, Seafood, Chinese, North Indian, Andhra, Mughlai, Arabian",500," Vijay Nagar, Bangalore",3.8,12.97611333,77.53221408
Nandishwara Mudde Oota,"South Indian, Chinese",400," Rammurthy Nagar, Bangalore",3.8,13.0376331,77.6728319
Cafe Mandala,"Chinese, North Indian",600," New BEL Road, Bangalore",3.8,13.03301752,77.56913166
Nammura Baduta,"Andhra, Biryani, Kebab, North Indian, Chinese, South Indian",400," Sankey Road, Bangalore",3.8,28.64605277,77.34840129
Iyer's Tiffin Centre,"South Indian, Chinese",100," Banashankari, Bangalore",3.8,12.94064693,77.56435096
The Dennys,"North Indian, Chinese, Beverages",900," Jayanagar, Bangalore",3.8,12.91656414,77.59679832
Udupi Nalapaka,"South Indian, North Indian, Chinese",400," Bellandur, Bangalore",3.8,12.93172325,77.68610984
The Grill & Cheese Cafe,"Continental, Fast Food",450," Frazer Town, Bangalore",3.8,12.99507838,77.61455186
Hillstation Cafe,"Fast Food, Desserts, Beverages",400," Rammurthy Nagar, Bangalore",3.8,13.00871925,77.66657632
Karavali Kitchen,"Chinese, Biryani, Mughlai, North Indian, Seafood",500," Nagarbhavi, Bangalore",3.8,12.97782988,77.49962054
Comet Rooftop Resto Bar,"Finger Food, Continental, Beverages, North Indian",1700," Marathahalli, Bangalore",3.8,12.96125424,77.70115972
Ginger Lake View,"North Indian, Chinese, Andhra, Kebab, Mangalorean, Mughlai, Finger Food",800," Rajarajeshwari Nagar, Bangalore",3.8,12.90752489,77.49080546
Lak Patisserie & Cafe,Cafe,400," HSR, Bangalore",3.8,12.91579389,77.65138898
Illusion,Fast Food,2100," International Airport, Bangalore",3.8,13.20497305,77.63470195
Udupi Palace,"South Indian, North Indian, Street Food, Fast Food, Chinese",400," HSR, Bangalore",3.8,12.90833112,77.64918588
Sri Byrava Biriyani,"Biryani, North Indian",250," Magadi Road, Bangalore",3.8,12.98527848,77.48065967
Coco Jumbo,"Continental, Chinese, Italian, Fast Food, Beverages",600," Infantry Road, Bangalore",3.8,12.97991037,77.60726262
Al Noor,"North Indian, Chinese",250," Shivajinagar, Bangalore",3.8,12.98762876,77.6119756
Yediyur Ramanna Military Hotel,South Indian,400," Jayanagar, Bangalore",3.8,12.93038054,77.57626835
Parivar,"North Indian, Chinese",500," Jayanagar, Bangalore",3.8,12.9267445,77.58636151
Let's Talk Over Table,"Beverages, Chinese, Fast Food, Seafood, Desserts",800," Jeevan Bhima Nagar, Bangalore",3.8,12.96810379,77.65157405
RB Food Point,"North Indian, Chinese",300," Bommasandra, Bangalore",3.8,12.8251854,77.6859757
RB Food Point,"North Indian, Chinese",300," Bommasandra, Bangalore",3.8,12.8251854,77.6859757
Sagar Delicacy,"North Indian, Chinese, South Indian",400," Ulsoor, Bangalore",3.8,12.98753141,77.61861641
Cheta's Kitchen,"Kerala, South Indian, Seafood",350," New BEL Road, Bangalore",3.8,13.0749891,77.56154574
Priyadarshini Veg,"South Indian, North Indian, Chinese",400," Sarjapur Road, Bangalore",3.8,12.88348499,77.75158156
Eat Raja,"Beverages, Juices",200," Malleshwaram, Bangalore",3.8,13.00284857,77.57031519
Thalassery Cafe,Beverages,200," Marathahalli, Bangalore",3.8,12.95694981,77.70295948
Kava Bar - Fairfield By Marriott,"North Indian, South Indian, Continental",1800," Fairfield by Marriott,Rajajinagar , Bangalore",3.8,12.98366391,77.56012715
The Egg Factory,"Continental, Italian",750," New BEL Road, Bangalore",3.8,13.02783664,77.57287938
Tiger Trail - Regenta Place,"North Indian, Mughlai",900," Shivajinagar, Bangalore",3.8,12.98416605,77.60069959
Ragoo's,"Italian, North Indian, Pasta, Pizza, Desserts, Salad",700," Jayanagar, Bangalore",3.8,12.93379008,77.57381413
Magnolia Cakes & Cookies,Fast Food,300," Brookefield, Bangalore",3.8,12.95887789,77.71859977
Hotel Karavali Food Point,"Mangalorean, South Indian, North Indian, Chinese",400," Vijay Nagar, Bangalore",3.8,12.97287361,77.54017018
Laziz Pizza,"Pizza, Fast Food, Sandwich, Burger, Beverages",400," Vijay Nagar, Bangalore",3.8,12.96153065,77.52631288
Gorbandh Sweets & Snacks,"Street Food, North Indian, Mithai",400," BTM, Bangalore",3.8,12.90777686,77.61085577
Southinn,"South Indian, North Indian, Fast Food, Beverages",300," HSR, Bangalore",3.8,12.91055239,77.63256591
Bistro 1427,"Cafe, Pizza, Fast Food, North Indian, Beverages",800," Rajarajeshwari Nagar, Bangalore",3.8,12.91096122,77.52099909
Gama Gama,"South Indian, Beverages",200," Banashankari, Bangalore",3.8,12.924891,77.55103614
Kalpavruksha,"South Indian, North Indian, Street Food, Sandwich, Beverages, Chinese",350," Bannerghatta Road, Bangalore",3.8,12.90336627,77.60188177
Chinese Square,"Chinese, Fast Food, Beverages",200," Basavanagudi, Bangalore",3.8,12.93914905,77.57142965
The Rolling Pin,"Bakery, Salad, Italian, Raw Meats, Desserts",700," Domlur, Bangalore",3.8,12.9754692,77.64128929
The Modak,"North Indian, Street Food, Chinese",400," Bellandur, Bangalore",3.8,12.9217408,77.66545013
Karavali Lunch Home,"South Indian, Mangalorean, Biryani",350," Kumaraswamy Layout, Bangalore",3.8,12.90597289,77.56307188
Angel's Kitchen,Kerala,150," Whitefield, Bangalore",3.8,12.97792326,77.76984739
Whitefield Baking Company - Bengaluru Marriott Hotel Whitefield,"Bakery, American, North Indian, South Indian, Salad",1000," Bengaluru Marriott Hotel Whitefield, Bangalore",3.8,12.97907955,77.72746447
Whitefield Baking Company - Bengaluru Marriott Hotel Whitefield,"Bakery, American, North Indian, South Indian, Salad",1000," Bengaluru Marriott Hotel Whitefield, Bangalore",3.8,12.97907955,77.72746447
Donne Biriyani Mane,"Biryani, South Indian",350," Kaggadasapura, Bangalore",3.8,12.97274292,77.67820571
De Ranthal,"Kerala, South Indian, North Indian, Biryani, Mughlai, Beverages",300," HSR, Bangalore",3.8,12.89977526,77.65028995
Roy's Cafe,"Continental, Fast Food, Beverages",400," Banashankari, Bangalore",3.8,12.92482205,77.55081519
New Swathi Grand Pure Veg,"South Indian, Chinese, North Indian",450," Yeshwantpur, Bangalore",3.8,13.0299092,77.55954411
Just Bake,"Bakery, Desserts, Fast Food",500," Vijay Nagar, Bangalore",3.8,12.9604887,77.53004149
Neelanjanam North Karnataka's Veg Divine,"North Indian, South Indian, Beverages",350," Vijay Nagar, Bangalore",3.8,12.96754509,77.53545385
J B Bakery,Bakery,300," RT Nagar, Bangalore",3.8,13.02081985,77.59244744
Hotel Gurukrupa Bhats Canteen,South Indian,200," Peenya, Bangalore",3.8,13.01814028,77.50265513
Janatha Military Hotel,"South Indian, North Indian",350," Bommasandra, Bangalore",3.8,12.82012218,77.69091401
The Curry- Taste Of Madurai,"Biryani, South Indian, Seafood",500," Hennur, Bangalore",3.8,13.06462408,77.6473318
Hotel Manu,"Kerala, South Indian, Chinese, North Indian, Biryani, Beverages",400," HSR, Bangalore",3.8,12.91630564,77.63747368
Maria's Goan Kitchen,"Goan, Biryani, Seafood",750," Koramangala 4th Block, Bangalore",3.8,12.93670159,77.62965068
Sree Spicy Hub,"Andhra, Biryani, South Indian, North Indian, Chinese",600," Jeevan Bhima Nagar, Bangalore",3.8,12.96773786,77.65307643
Halli Mane Donne Biriyani,"Biryani, Seafood",400," Rajajinagar, Bangalore",3.8,13.00097179,77.55303506
Kijiji - Chal Yaha Khate Hai,"North Indian, Street Food",300," Nagawara, Bangalore",3.8,13.04024823,77.61980295
Mayura Sagar,"Chinese, North Indian, South Indian, Beverages, Ice Cream",400," Brookefield, Bangalore",3.8,12.97040425,77.71268718
Ashirvaad Grand,"Chinese, North Indian, South Indian",350," BTM, Bangalore",3.8,12.92555404,77.60879349
Cake House - Story Cafe,"Cafe, Fast Food, Beverages",650," Kalyan Nagar, Bangalore",3.8,13.02186024,77.63999663
NV Naidu Hotel,"Biryani, North Indian",300," City Market, Bangalore",3.8,12.9632741,77.57743444
Biriyani Katte,"Biryani, Mughlai",250," Magadi Road, Bangalore",3.8,12.98273476,77.4855604
Fish And Dish,"Mangalorean, Chinese",350," JP Nagar, Bangalore",3.8,12.86662101,77.58090891
Awesome Foods,South Indian,300," BTM, Bangalore",3.8,12.92076012,77.6132939
Manchatti Magic Kitchen - The No. 1 Choice Of Malayalees,"Kerala, South Indian, Chinese",300," Sarjapur Road, Bangalore",3.8,12.86041,77.58977
Krishna Vijayashree,"North Indian, Chinese, Mughlai",450," Bannerghatta Road, Bangalore",3.8,12.87876773,77.61016913
Arabian Shawarma,"Lebanese, Fast Food",300," Whitefield, Bangalore",3.8,12.9285712,77.7385819
House Of Mandiness,"Biryani, Chinese",500," Bommasandra, Bangalore",3.8,12.842794,77.64593
FB Cakes,Bakery,500," Jakkur, Bangalore",3.8,13.05612592,77.63181159
Cafe Iftar,"South Indian, Chettinad, Chinese, Lebanese, Biryani, Mithai, North Indian, Rolls",400," Frazer Town, Bangalore",3.8,12.99921489,77.61588357
Shree Jodhpur Sweets,"Mithai, Street Food",100," Electronic City, Bangalore",3.8,12.85027138,77.65622064
Kahvila,"Cafe, Beverages, Fast Food",500," JP Nagar, Bangalore",3.8,12.90622094,77.59332553
Prachyuth Food Point,"North Indian, Chinese",400," Yelahanka, Bangalore",3.8,13.07975358,77.59279814
Thattukada - Kerala Street Food,"Kerala, Beverages",200," Thippasandra, Bangalore",3.8,12.97169742,77.65191637
Tandoori Cha,"Beverages, Tea, Street Food",100," Marathahalli, Bangalore",3.8,12.95249827,77.70023268
Nandishwara Lunch Home,South Indian,100," Shanti Nagar, Bangalore",3.8,12.95552032,77.58583747
Bhaijaan Barbeques,"BBQ, Lebanese",300," BTM, Bangalore",3.8,12.92429429,77.60929339
Arya Bhavan Sweets,"Mithai, Street Food",300," MG Road, Bangalore",3.8,12.9761754,77.60232266
The Banana leaf,South Indian,250," Rammurthy Nagar, Bangalore",3.8,13.01318677,77.6675979
Slug,"Continental, European, Italian",1600," Nagawara, Bangalore",3.8,13.04495689,77.62084465
Pramukh Family Restaurant,"North Indian, Chinese, Mughlai, Beverages",700," Basavanagudi, Bangalore",3.8,12.94381845,77.57287301
Roastopolis,"Asian, Continental, Desserts",1000," Jayanagar, Bangalore",3.8,12.91723896,77.57934015
Bamboo Shoots,"South Indian, Chinese, Seafood",600," Rajarajeshwari Nagar, Bangalore",3.8,12.90343392,77.52407927
Pavilion Restaurant,"North Indian, Chinese, Desserts, Beverages",1000," Comfort Inn Insys, Yeshwantpur, Bangalore",3.8,13.02811919,77.55882695
Cream Chemistry,"Desserts, Ice Cream",350," Frazer Town, Bangalore",3.8,12.99690587,77.61150721
Manwar Energy Addaa,"Street Food, Fast Food, North Indian, Chinese",700," Basavanagudi, Bangalore",3.8,12.9474549,77.57991884
Sai Baba Restaurant,"North Indian, Chinese, Biryani",500," Rajarajeshwari Nagar, Bangalore",3.8,12.91645597,77.50018246
Godavari Delights,"Andhra, North Indian, Biryani, Chinese",450," Electronic City, Bangalore",3.8,12.8508444,77.65715104
Nava Durga Nellore Mess,"Andhra, Chinese, North Indian, Seafood, Biryani",500," Rammurthy Nagar, Bangalore",3.8,13.01385807,77.66395614
Trupthi Restaurant,"North Indian, Chinese",500," Nagarbhavi, Bangalore",3.8,12.97052155,77.52650868
Juice Junction Food Court,"Fast Food, Beverages, Juices, Sandwich",300," HSR, Bangalore",3.8,12.91500795,77.65173163
Lassi Cafe,"Beverages, Street Food, Fast Food, North Indian, South Indian",350," HSR, Bangalore",3.8,12.89872553,77.65849449
Old Mumbai Ice Cream,"Ice Cream, Desserts, Beverages",300," Banashankari, Bangalore",3.8,12.92350348,77.56984748
Cafe Olive,"Cafe, European, Beverages, Italian",550," Bellandur, Bangalore",3.8,12.93443578,77.697354
Mothi Restaurant,"North Indian, Mughlai, Chinese",400," Whitefield, Bangalore",3.8,12.96965083,77.75007784
Cafe Zamorin,"Chinese, Kerala, North Indian, Fast Food",350," Hennur, Bangalore",3.8,13.05855683,77.64321837
Donne Biriyani Angadi Mane,"Biryani, South Indian",300," New BEL Road, Bangalore",3.8,13.02920724,77.56118663
C Corner,"Pizza, Burger, Sandwich, Fast Food, Desserts, Beverages",200," Kumaraswamy Layout, Bangalore",3.8,12.90923701,77.56323986
Cookie Man,Desserts,300," Forum Mall, Koramangala, Bangalore",3.8,12.93471484,77.61155147
Momo's Corner,"Rolls, Chinese",300," Indiranagar, Bangalore",3.8,12.9669274,77.650053
Chetty's Coffee,"South Indian, Chettinad",400," Indiranagar, Bangalore",3.8,12.9812734,77.63681352
Sreenidhi Sagar,"South Indian, North Indian, Chinese, Beverages",400," Sahakara Nagar, Bangalore",3.8,13.058718,77.584862
Kanti's,"Mithai, Street Food, Beverages",300," Marathahalli, Bangalore",3.8,12.94067013,77.69616209
Artinci - Indulge Guilt Free!,"Desserts, Ice Cream, Beverages",300," Thippasandra, Bangalore",3.8,12.972435,77.653551
Paani Kum Chai,"Fast Food, Rolls",200," Jayanagar, Bangalore",3.8,12.92854994,77.59307072
Sri Maruthi Hotel,"Chettinad, South Indian, Chinese, Mughlai, Biryani, Andhra",300," Basaveshwara Nagar, Bangalore",3.8,12.98894863,77.54693437
Gymers Joint,"Healthy Food, Salad, Sandwich, Beverages",350," Kumaraswamy Layout, Bangalore",3.8,12.90925532,77.56344605
Parathe Ghar Ke,North Indian,150," Bellandur, Bangalore",3.8,12.92139441,77.67604049
The Biryani Paradise,"Biryani, South Indian",400," Richmond Road, Bangalore",3.8,12.96565237,77.59096317
Yele Oota,"South Indian, Biryani",300," HSR, Bangalore",3.8,12.90828438,77.65053838
Bean Muse,"Italian, North Indian, Fast Food, Desserts, Beverages",700," HSR, Bangalore",3.8,12.9126939,77.65245382
Deliceto Pastries,"Bakery, Desserts, Fast Food, Beverages",500," HSR, Bangalore",3.8,12.91477559,77.63538558
30th State Cafe,"Cafe, Chinese, Beverages",500," Yelahanka, Bangalore",3.8,13.10667747,77.60126989
Gerry's Hot Dogs,"Fast Food, Chinese",200," Marathahalli, Bangalore",3.8,12.9513161,77.69990712
Jhakaas Snacks Centre,Maharashtrian,200," Bannerghatta Road, Bangalore",3.8,12.90337248,77.60290939
The Noodle Theory,Fast Food,350," Jakkur, Bangalore",3.8,13.083795,77.636214
Purani Dilli Se,"North Indian, Mughlai",300," BTM, Bangalore",3.8,12.913952,77.610959
Chick 'N' Cone,"Fast Food, Beverages",250," Hebbal, Bangalore",3.8,13.049801,77.59754933
Sailor 16,"Continental, Chinese, Fast Food, Beverages",500," Sanjay Nagar, Bangalore",3.8,13.03038695,77.5701725
Chats Point,"Fast Food, Street Food",150," Basavanagudi, Bangalore",3.8,12.93983427,77.56665934
Koithio Kitchen,"Chinese, Momos",250," New BEL Road, Bangalore",3.8,13.03290614,77.56626002
Ksheera Sagar,"South Indian, North Indian, Chinese",350," Koramangala 8th Block, Bangalore",3.8,12.94100081,77.61727463
The London Shakes Cafe,"Beverages, Fast Food, Pasta, Street Food, Sandwich",200," Hennur, Bangalore",3.8,13.03152151,77.63589453
Momos Corner,Chinese,250," HSR, Bangalore",3.8,12.91110566,77.62929428
Brahmashree Upahar,"South Indian, North Indian, Chinese, Street Food",350," Kengeri, Bangalore",3.8,12.94966537,77.49096237
Brahmashree Upahar,"South Indian, North Indian, Chinese, Street Food",350," Kengeri, Bangalore",3.8,12.94966537,77.49096237
Udupi Ruchi,"South Indian, Chinese, North Indian, Beverages",200," Vijay Nagar, Bangalore",3.8,12.97347444,77.54451502
Maruthi Sweet Corner,"Mithai, Street Food, Beverages",250," Bommasandra, Bangalore",3.8,12.80692905,77.69834239
Basaveshwara Khanavali,South Indian,200," HSR, Bangalore",3.8,12.91699942,77.63126504
Karavali Lunch Home,"Mangalorean, Seafood, South Indian, Chinese",600," Nagarbhavi, Bangalore",3.8,12.97925826,77.51577515
TEX MEX Grill,"American, Mexican, Italian, Steak, Burger, Sandwich, Healthy Food, Desserts",1000," Kalyan Nagar, Bangalore",3.8,13.02176323,77.64053743
Ujwal Restaurant,"Mangalorean, Seafood, North Indian, Chinese, South Indian",700," Vasanth Nagar, Bangalore",3.8,12.99205158,77.59473603
Upahara Darshini,"North Indian, Chinese, Beverages, Juices, Ice Cream",700," Basavanagudi, Bangalore",3.8,12.93644279,77.5769731
Food Club Restaurant,"North Indian, Chinese, Rolls",500," Bommasandra, Bangalore",3.8,12.73182476,77.70640679
Kitchen Garden,"Chinese, North Indian, Rolls",400," Kumaraswamy Layout, Bangalore",3.8,12.90793503,77.56417025
New Punjabi Dhaba,"North Indian, Chinese",250," HSR, Bangalore",3.8,12.91951342,77.64891163
7 Days Restaurant,"North Indian, Chinese, Arabian",400," Electronic City, Bangalore",3.8,12.851776,77.66388807
Kitchen King,"Rolls, Fast Food, Biryani",400," Nagawara, Bangalore",3.8,13.03996374,77.62037326
Yuan Restaurant,"Thai, Chinese",400," HBR Layout, Bangalore",3.8,13.02317241,77.62966275
Mother's Rasoi,"North Indian, Chinese, South Indian",250," Bannerghatta Road, Bangalore",3.8,12.88351702,77.60660782
Foodies Delight,"North Indian, Fast Food, Beverages",400," Kalyan Nagar, Bangalore",3.8,12.97478229,77.7506106
Hotel New Karavali,"Mangalorean, South Indian, North Indian",300," Banashankari, Bangalore",3.8,12.93986205,77.55345751
Little Kolkata,"Bengali, North Indian, Chinese",300," Koramangala 5th Block, Bangalore",3.8,12.93390216,77.61642102
Desi Doze,"North Indian, Fast Food",400," Whitefield, Bangalore",3.8,12.97110115,77.73078002
Sankalp Reddy Restaurant,"South Indian, Andhra, Biryani",300," Electronic City, Bangalore",3.8,12.85008081,77.65075061
Not Just Parathas,"North Indian, Mughlai, Chinese, Rolls, Kebab",400," Kaggadasapura, Bangalore",3.8,12.97247436,77.67859932
Angaar Biriyani,"Biryani, Chinese, Fast Food",400," Whitefield, Bangalore",3.8,12.98248941,77.76708875
Burger Town,"Burger, Fast Food, Pizza, Sandwich",300," Yeshwantpur, Bangalore",3.8,13.0186368,77.53124245
Jay Jagannath Bengali Mess,"North Indian, Chinese",300," Yeshwantpur, Bangalore",3.8,13.02944602,77.56190043
Jay Jagannath Bengali Mess,"North Indian, Chinese",300," Yeshwantpur, Bangalore",3.8,13.02944602,77.56190043
Appana Restaurant,North Indian,300," BTM, Bangalore",3.8,12.9073324,77.60533813
Mayura Grand,"North Indian, South Indian, Chinese, Biryani",400," Brookefield, Bangalore",3.8,12.96489109,77.71830775
Krishna Vaibhava,"Street Food, North Indian, South Indian, Ice Cream, Beverages, Chinese",500," BTM, Bangalore",3.8,12.91665237,77.60576762
Nandhanna Naati Mane,"Biryani, North Indian, South Indian",350," BTM, Bangalore",3.8,12.91344684,77.61346187
Ice Treat,"Chinese, Fast Food, Burger, Sandwich, Rolls, Street Food, Ice Cream, Beverages",400," HSR, Bangalore",3.8,12.91269488,77.65353173
Kaka-T-Cafe,"Fast Food, American, European, Lebanese, Desserts, Beverages, Juices, Ice Cream",400," HSR, Bangalore",3.7,12.90867884,77.64312509
The Waffle Street,Desserts,350," HSR, Bangalore",3.8,12.89876017,77.65850052
Mangalore Lunch Home,"North Indian, Chinese, Biryani, Seafood",300," RT Nagar, Bangalore",3.8,13.02301104,77.58522157
Chatori Chutney,"South Indian, North Indian, Chinese",300," Yelahanka, Bangalore",3.8,13.09777936,77.56635893
Garage Food Company,"Chinese, Seafood",400," HSR, Bangalore",3.8,12.90875858,77.63770234
Hungry Darjeeling Chinese and Thai,"Chinese, Thai",400," CV Raman Nagar, Bangalore",3.8,12.97633843,77.66609319
Mangatram's,North Indian,250," BTM, Bangalore",3.8,12.91381089,77.61171207
Cafe Chai Garam Chai,"Cafe, Fast Food",500," International Airport, Bangalore",3.8,12.44156326,77.67358325
Punjab Xpress,North Indian,300," Hosur Road, Bangalore",3.8,12.9308,77.6068
Karavali Deluxe,"North Indian, Mughlai, Chinese",500," Yeshwantpur, Bangalore",3.8,13.01912907,77.5571898
Black Sugar Cafe,"Fast Food, Beverages",300," Koramangala 7th Block, Bangalore",3.8,12.93604936,77.61470005
Al Amanah 24/7,Burger,500," Electronic City, Bangalore",3.8,12.830826,77.655014
Etc Foods,"Fast Food, Beverages",300," Basavanagudi, Bangalore",3.8,12.93683491,77.57271778
Daynight Dhaba,"North Indian, Street Food, Fast Food",400," Whitefield, Bangalore",3.8,12.95634324,77.7309336
Hotel Palace,"South Indian, Biryani",300," HSR, Bangalore",3.8,12.90651147,77.63126738
Spices,"North Indian, Chinese, Biryani",450," CV Raman Nagar, Bangalore",3.8,12.98169649,77.66566303
Raj Rasoi,"North Indian, Chinese, Desserts, Beverages, Biryani",500," Koramangala 4th Block, Bangalore",3.8,12.939323,77.628373
Stogo Cafe & Bakery,"Fast Food, Desserts, Beverages",600," Sarjapur Road, Bangalore",3.8,12.90436,77.67593
89 Express Dhaba,North Indian,250," HSR, Bangalore",3.8,12.88841232,77.65684627
SLV Refreshments,"South Indian, Fast Food, Beverages",200," Kumaraswamy Layout, Bangalore",3.8,12.90531993,77.56299578
Eunoia,"Cafe, Continental, Kerala, Biryani",450," Kalyan Nagar, Bangalore",3.8,13.01984609,77.64090523
Donne Biryani House,"Biryani, South Indian",300," Sarjapur Road, Bangalore",3.8,12.912434,77.6812
Jobless Cafe,"Cafe, Fast Food, Salad, Beverages",450," Yelahanka, Bangalore",3.8,13.12211001,77.63049692
Karavali Saviruchi,"Chinese, North Indian, South Indian, Seafood, Mangalorean",400," Bellandur, Bangalore",3.8,12.92699808,77.67800655
Rolls Corner,Rolls,200," Yelahanka, Bangalore",3.8,13.10411573,77.57053647
Angiie's Cafe,"Chinese, Fast Food, South Indian, Beverages, Desserts",450," Sarjapur Road, Bangalore",3.8,12.90233061,77.67613772
Ambur Star Dum Biryani,Biryani,250," Sarjapur Road, Bangalore",3.8,12.9123939,77.68066797
ZEEES,"North Indian, Fast Food, Beverages",300," New BEL Road, Bangalore",3.8,13.02907724,77.57070377
Chai Resto,"Beverages, Fast Food",350," Banaswadi, Bangalore",3.8,13.00143077,77.66158942
Cafe Dacosta,"Bakery, Street Food, Fast Food",200," Frazer Town, Bangalore",3.8,13.00372733,77.6249709
Scoops N Smiles,"Desserts, Fast Food",200," Rajajinagar, Bangalore",3.8,13.00560507,77.55669493
Sathkar Ice Creams,"Ice Cream, Desserts, Beverages",150," Kengeri, Bangalore",3.8,12.92433122,77.48612098
Andhra Mess,"Andhra, Biryani, Kebab",300," Nagawara, Bangalore",3.8,13.041916,77.61583898
Guntur Spice,"South Indian, Biryani, Andhra, Chinese, North Indian",500," Koramangala 1st Block, Bangalore",3.8,12.92087449,77.64515553
Pout,"Beverages, Juices",400," BTM, Bangalore",3.8,12.93586604,77.60764316
Chatar Patar,"North Indian, Street Food",250," Sarjapur Road, Bangalore",3.8,12.91264979,77.69957956
MasalDaani,"Street Food, North Indian",150," BTM, Bangalore",3.8,12.90750806,77.60619086
Aata Uuta Maathu,"North Indian, Chinese",400," JP Nagar, Bangalore",3.8,12.910464,77.581986
Shri Hari Bhojnalaya,"North Indian, Chinese, Rolls, Beverages",400," Yeshwantpur, Bangalore",3.8,13.03192556,77.56284826
Bademiyan's Kitchen Restaurant,"Biryani, North Indian, Chinese, Rolls",500," Nagawara, Bangalore",3.8,13.062436,77.633304
Reyniks Flavours,North Indian,150," Electronic City, Bangalore",3.8,12.8314235,77.7008218
Akshatha Nati Style,"South Indian, Chinese, North Indian",500," Vijay Nagar, Bangalore",3.8,12.9730056,77.53974102
Akshatha Nati Style,"South Indian, Chinese, North Indian",500," Vijay Nagar, Bangalore",3.8,12.9730056,77.53974102
Pugals Biryani,"Kerala, Biryani, Chinese, North Indian",400," Electronic City, Bangalore",3.8,12.84615332,77.65885256
Eaternet,"North Indian, Chinese, Street Food",300," Koramangala 2nd Block, Bangalore",3.8,12.926028,77.617806
Tea Samskruthi,"Beverages, Tea",200," Malleshwaram, Bangalore",3.8,13.00719859,77.57121205
Trupthi Thindi,South Indian,200," Sahakara Nagar, Bangalore",3.8,13.0691471,77.5808465
Mogambo Chai,"Fast Food, Rolls, Street Food, Tea, Beverages",150," HSR, Bangalore",3.8,12.91620826,77.64470089
Delight Bistro,"North Indian, Fast Food",300," Sahakara Nagar, Bangalore",3.8,13.07021803,77.58169605
Saffron-The Wonder Spice,"North Indian, Chinese, Mughlai, Biryani",400," Kumaraswamy Layout, Bangalore",3.8,12.91048932,77.56687157
The Lassi And Juice Park,"Desserts, Ice Cream, Juices, Beverages",200," Banashankari, Bangalore",3.8,12.94259866,77.54664537
Healthy Bakes 'n' Brew,Bakery,150," Jayanagar, Bangalore",3.8,12.91766575,77.5772021
Basavanagudi Ice Cream Corner,"Ice Cream, Beverages, Desserts",200," Basavanagudi, Bangalore",3.8,12.943751,77.567674
Chula Chowpatty,"North Indian, Chinese, Street Food",550," BTM, Bangalore",3.8,12.90594969,77.60590408
Iksha Juice Junction,"Juices, Beverages",100," JP Nagar, Bangalore",3.8,12.9021708,77.58434583
Namma Kudla Restaurant,"North Indian, Biryani, Chinese, Seafood, Beverages, South Indian, Desserts",450," Wilson Garden, Bangalore",3.8,12.94429748,77.59728681
Sri Udupi Upachar,"South Indian, Chinese, Beverages",400," Bommanahalli, Bangalore",3.8,12.89964748,77.62955211
Ladles,"North Indian, Chinese",500," Nagarbhavi, Bangalore",3.8,12.97184117,77.49689709
Droolz,"North Indian, Fast Food, Street Food, Rolls",400," Brookefield, Bangalore",3.8,12.95885208,77.71395419
Cauvery Punjabi Khana,"North Indian, South Indian",300," Majestic, Bangalore",3.8,12.97290138,77.56956182
Shawarma Adda,"Lebanese, Fast Food, Beverages",350," Bommanahalli, Bangalore",3.8,12.90546079,77.62936067
Hotel Oro,North Indian,150," Jalahalli, Bangalore",3.8,13.04930486,77.5170482
Sri Lakshmivenkateshwara Military Hotel,"North Indian, Chinese, Biryani, Andhra, Mughlai, Seafood",500," Rajarajeshwari Nagar, Bangalore",3.8,12.90262932,77.52074964
Hyperscoop Natural And Premium Ice Creams,"Desserts, Ice Cream",200," Vijay Nagar, Bangalore",3.8,12.96431866,77.54072171
New Sher-E- Punjab Hotel,North Indian,300," City Market, Bangalore",3.8,12.96025574,77.58064874
Royal Chowpatty,"Street Food, North Indian",100," Electronic City, Bangalore",3.8,12.827866,77.663442
Thrissurkaarans Thattukada,"South Indian, Biryani",250," BTM, Bangalore",3.8,12.93004919,77.6097839
Lassi Magic,"Beverages, Ice Cream, Desserts, Fast Food",200," Jalahalli, Bangalore",3.8,13.08933551,77.48575889
Hotel Aroma,"Biryani, Mughlai",250," HSR, Bangalore",3.8,12.90856772,77.65071373
Sri Udupi Deluxe,"North Indian, Chinese, South Indian, Fast Food, Beverages",400," Marathahalli, Bangalore",3.8,12.96721151,77.68254586
The Tea Planet,"Tea, Beverages, Fast Food",250," BTM, Bangalore",3.8,12.9211127,77.6109667
Facecake,"Bakery, Desserts",600," Sanjay Nagar, Bangalore",3.8,13.02577059,77.58077312
Bengaluru Donne Biriyani Katte,South Indian,250," Majestic, Bangalore",3.8,12.97688731,77.57601488
Chettinad Chettiars,"Chettinad, South Indian",400," Koramangala 8th Block, Bangalore",3.8,12.94391321,77.61848599
The Food Farmm,"North Indian, Chinese, Mughlai, Desserts",600," BTM, Bangalore",3.8,12.90726878,77.6069703
Sri Raghavendra Upahar,"South Indian, Chinese",150," Rammurthy Nagar, Bangalore",3.8,13.01486974,77.66530629
Dreams Unlimited,Sandwich,150," Jakkur, Bangalore",3.8,13.06901776,77.62586944
Taj Hotel,"North Indian, Chinese",200," Bannerghatta Road, Bangalore",3.8,12.88081015,77.59974372
Taj Hotel,"North Indian, Chinese",200," Bannerghatta Road, Bangalore",3.8,12.88081015,77.59974372
Chaats Village,"Chinese, Fast Food, Street Food, Beverages",300," Kanakapura Road, Bangalore",3.8,12.85916429,77.54215099
Cafe Vishala,"Cafe, Desserts, Fast Food, Beverages",400," Kanakapura Road, Bangalore",3.8,12.81956838,77.5140183
The Farmer's Son,Juices,200," Indiranagar, Bangalore",3.8,12.973188,77.646751
Bone And Meat,"North Indian, Chinese, Biryani, Kebab",450," Whitefield, Bangalore",3.8,12.964368,77.753934
Sai Samosa & Vada Pav Centre,Street Food,150," Bannerghatta Road, Bangalore",3.8,12.88939477,77.60195956
Cane Fresh,"Juices, Beverages",100," Frazer Town, Bangalore",3.8,12.99731978,77.61016879
Bobby's Cafe,"Lebanese, Fast Food, Tea",250," BTM, Bangalore",3.8,12.91760175,77.60359802
Aarogya Bhavan,"South Indian, North Indian, Chinese, Fast Food, Beverages",400," Bommanahalli, Bangalore",3.8,12.88801064,77.64929015
Shiv Shankar Hotel,"North Indian, Chinese",250," Electronic City, Bangalore",3.8,12.8519195,77.66395479
Surakshith Chinese,"Chinese, Fast Food",200," Sadashiv Nagar, Bangalore",3.8,13.00463353,77.58024674
ABC Meal & Biryani,"Biryani, South Indian, Chinese",450," Electronic City, Bangalore",3.8,12.8492829,77.6697135
Pure Coffee,"Beverages, Coffee",100," Jayanagar, Bangalore",3.8,12.9233708,77.5814705
Clickety Clack,"Fast Food, BBQ",500," Vijay Nagar, Bangalore",3.8,12.97392989,77.53589943
Hotel Chirag,South Indian,300," Banaswadi, Bangalore",3.8,13.027166,77.654797
Savipriya Military Hotel,South Indian,300," Rajajinagar, Bangalore",3.8,13.00116845,77.55302668
New Grand Prashanth Family Restaurant,"South Indian, Chinese, Ice Cream",350," Rajajinagar, Bangalore",3.8,12.97835164,77.54438326
Hotel Paradise,"South Indian, Kebab",200," Jayanagar, Bangalore",3.8,12.92847054,77.59290978
HB Lajawaab,"North Indian, Chinese",500," Sarjapur Road, Bangalore",3.8,12.9130803,77.6801206
Naati Mane Ruchi,"Chinese, Kebab, Biryani",500," Marathahalli, Bangalore",3.8,12.97523969,77.69391406
Nilavara Restaurant,Kerala,300," Kadubeesanahalli, Bangalore",3.8,12.9400251,77.69212369
Uncle's Cuisine,"North Indian, South Indian, Chinese",250," HSR, Bangalore",3.8,12.926966,77.661923
Berlin Cafe,"Fast Food, Beverages",200," Sarjapur Road, Bangalore",3.8,12.89861316,77.6754688
Kitchen Paradise,"Chettinad, Biryani, South Indian",400," Inorbit Mall, Whitefield, Bangalore",3.8,12.979306,77.72857
Karavali Fish Magic,"South Indian, Chinese, North Indian, Seafood",300," JP Nagar, Bangalore",3.8,12.9023695,77.58448597
Nimma Mane,South Indian,100," Domlur, Bangalore",3.8,12.96200965,77.6375461
TeaDarzi,"Fast Food, Italian, Chinese, Continental, Beverages, Bakery",300," Electronic City, Bangalore",3.8,12.84152689,77.64741998
Jhatpat Street Food,Street Food,150," Bellandur, Bangalore",3.8,12.92307441,77.66578775
Bangarpet Chats,Street Food,100," Brookefield, Bangalore",3.8,12.95890664,77.71904837
Lassi & Juice,"Desserts, Beverages",100," Shivajinagar, Bangalore",3.8,12.98529024,77.60553863
New Udupi Grand,"South Indian, North Indian, Chinese",400," RT Nagar, Bangalore",3.8,13.02648791,77.58758258
Digvijay Fruit Juice Center & Ice Cream Parlor,"Juices, Ice Cream",100," Yelahanka, Bangalore",3.8,13.108283,77.578614
Moti Mahal Delux Tandoori Trail,"North Indian, Mughlai, Chinese",900," Hebbal, Bangalore",3.8,13.04911085,77.5966166
The Coffee Bean & Tea Leaf,"Cafe, Fast Food, Desserts, Beverages",700," 1 MG Road Mall, MG Road, Bangalore",3.8,12.97377764,77.62030318
Tetto,Continental,1300," Koramangala 1st Block, Bangalore",3.8,12.92806958,77.63715852
Swiss Cream,"Ice Cream, Beverages, Desserts",250," Old Madras Road, Bangalore",3.8,12.99433679,77.66661923
Swiss Cream,"Ice Cream, Beverages, Desserts",250," Old Madras Road, Bangalore",3.8,12.99433679,77.66661923
Northern Gate- Gateway Hotel,North Indian,1900," The Gateway Hotel, Residency Road, Bangalore",3.8,12.97227636,77.60880288
Brindavan Grand,"North Indian, South Indian, Chinese",800," Varthur Main Road, Whitefield, Bangalore",3.8,12.94259474,77.74751097
Mango Greens,"North Indian, Asian, Continental, Fast Food",1000," Hennur, Bangalore",3.8,13.06941589,77.69262302
Money Heist Bar & Kitchen,"North Indian, Chinese, Fast Food, Street Food",1000," Whitefield, Bangalore",3.8,12.9676988,77.7493209
Indian Food Court,"North Indian, Chinese, Fast Food",400," Electronic City, Bangalore",3.8,12.85481659,77.66545381
Desi Flavours,"North Indian, Mughlai",400," Koramangala 1st Block, Bangalore",3.8,12.92715493,77.63782237
Lassi Adda,"Beverages, Sandwich, Fast Food",200," Electronic City, Bangalore",3.8,12.85160537,77.65613012
The Bong Tikka Connection,"Bengali, North Indian",400," Whitefield, Bangalore",3.8,12.99265596,77.70284772
Mukati Kitchen,"North Indian, Continental, Chinese, Italian",500," Thippasandra, Bangalore",3.8,12.97276318,77.66522046
Swad Restaurant,"Chinese, North Indian, Beverages",500," BTM, Bangalore",3.8,12.91134194,77.60110158
Dine AT Dawn,"North Indian, Chinese, Mughlai, Mangalorean",500," BTM, Bangalore",3.8,12.91654504,77.60229808
Maa Bargabhima Restaurant,Bengali,400," Whitefield, Bangalore",3.8,12.98250047,77.76686953
North Masala,"North Indian, Chinese",200," Bommanahalli, Bangalore",3.8,12.89873174,77.62983575
Chai World,"Beverages, Fast Food",200," Sarjapur Road, Bangalore",3.8,12.91304227,77.67970942
Sri Udupi Grand,"South Indian, North Indian, Chinese, Beverages",400," Brigade Road, Bangalore",3.8,12.96739382,77.60840993
SaladTimes,"Salad, Fast Food, Beverages",300," Yeshwantpur, Bangalore",3.8,13.02477986,77.54844915
Oye Lassi,"Beverages, Desserts, Ice Cream, Fast Food, Momos",300," Indiranagar, Bangalore",3.8,12.972556,77.648639
Santosh Chats Center,"North Indian, Chinese",200," Yelahanka, Bangalore",3.8,13.102704,77.572413
RR Kabab Corner,"North Indian, Chinese, Bengali",350," Marathahalli, Bangalore",3.8,12.95300407,77.70733986
Nutberry,"Desserts, Beverages, Fast Food, Ice Cream, Juices",200," HSR, Bangalore",3.8,12.90876707,77.63811909
1 Fahrenheit,"Desserts, Ice Cream, Beverages",300," Nagawara, Bangalore",3.8,13.040157,77.620158
Tasty Biryani,Street Food,250," Marathahalli, Bangalore",3.8,12.96779667,77.70427309
New Mumbai Pavbhaji,Street Food,150," Kaggadasapura, Bangalore",3.8,12.98522327,77.67350681
7 Days Juice And Spice,"Fast Food, Beverages, Juices",150," Jayanagar, Bangalore",3.8,12.93135041,77.57277478
Tiny Treats,"Fast Food, North Indian, Beverages",350," Whitefield, Bangalore",3.8,12.98774474,77.68904451
Arabian Corner,"Arabian, Fast Food",250," KR Puram, Bangalore",3.8,13.00455,77.716353
The Street Kitchen,"Fast Food, Chinese, Beverages",300," New BEL Road, Bangalore",3.8,13.03412711,77.56413706
Big Paratha House,North Indian,300," HSR, Bangalore",3.8,12.91557689,77.64901791
Abi's Cafe & Restaurant,"North Indian, Chinese",350," Yelahanka, Bangalore",3.8,13.083237,77.588317
Chicken Express,Fast Food,200," Bommanahalli, Bangalore",3.8,12.91116252,77.62421016
The Juice Box,"Juices, Beverages, Desserts, Fast Food, Chinese",200," Rammurthy Nagar, Bangalore",3.8,13.0113509,77.67632481
Babu Tiffin Center,North Indian,300," Kumaraswamy Layout, Bangalore",3.8,12.91075141,77.56274801
Happieats,"North Indian, Chinese, Biryani",400," KR Puram, Bangalore",3.8,13.00419285,77.72101644
Mughal Indian,"Mughlai, Biryani, North Indian",500," BTM, Bangalore",3.8,12.918463,77.614143
Mellow Foodies Zone,"Chinese, Fast Food, North Indian, South Indian",500," Whitefield, Bangalore",3.8,13.005434,77.730775
First Bite,"North Indian, Chinese",500," Sarjapur Road, Bangalore",3.8,12.894334,77.678026
House Of Tasty Food,"North Indian, Beverages",400," Koramangala 1st Block, Bangalore",3.8,12.92824049,77.63697848
Aahar Family Restaurant,"Andhra, Chinese",400," Hebbal, Bangalore",3.8,13.04949169,77.59714466
Wow Chaats,"Street Food, Sandwich, Beverages",300," Kalyan Nagar, Bangalore",3.8,13.030986,77.653263
Shake Wake,"Beverages, Rolls, Sandwich",200," Marathahalli, Bangalore",3.8,12.948353,77.711723
Shabaab Rolls,"Rolls, Burger, Fast Food",250," Yelahanka, Bangalore",3.8,13.1036164,77.5756927
GVR Biryani Bistro,"Chinese, North Indian",300," Whitefield, Bangalore",3.8,12.98185298,77.76178066
Mr. Tadka,North Indian,300," CV Raman Nagar, Bangalore",3.8,12.99277292,77.66342741
Pick Natura,"Beverages, Juices",200," Marathahalli, Bangalore",3.8,12.96357535,77.70969585
Whatsup Lassi Park,"Beverages, Fast Food, Desserts",200," BTM, Bangalore",3.8,12.9108501,77.60993075
San-Diego Cream N Crunch,"Desserts, Ice Cream",250," Whitefield, Bangalore",3.8,12.99188039,77.72093598
The Samosa Estate,"Street Food, Fast Food, Lebanese",250," Marathahalli, Bangalore",3.8,12.95323083,77.69996278
Food Decker,"Fast Food, Desserts, Beverages",400," Koramangala 5th Block, Bangalore",3.8,12.93290225,77.61425916
Malli Mane Food Court,South Indian,250," BTM, Bangalore",3.8,12.91394521,77.61063684
Frozen Juices N Cafe House,"Fast Food, Beverages",200," Sarjapur Road, Bangalore",3.8,12.91304521,77.67971881
Coastal Aroma,"South Indian, Chinese, Mangalorean",350," Whitefield, Bangalore",3.8,12.98486879,77.73284264
Food Instinct,"Continental, Healthy Food, North Indian, Biryani",300," Indiranagar, Bangalore",3.8,12.98236545,77.63904417
The Farmer and The Chef,North Indian,450," Sarjapur Road, Bangalore",3.8,12.89276934,77.70816351
Belgian Swirls Fusion,"Desserts, Fast Food",300," Sarjapur Road, Bangalore",3.8,12.90757424,77.66371205
Kaapi Corner,South Indian,100," Banashankari, Bangalore",3.8,12.93869747,77.54896715
Sinclair's Barbeque,"Burger, Sandwich, Beverages, BBQ",500," Banaswadi, Bangalore",3.8,13.00628357,77.65136551
Bellandur Kerala Mess,"South Indian, Kerala, Biryani",200," Bellandur, Bangalore",3.8,12.9278026,77.67565358
Crunchy Kitchen,Chinese,400," Yelahanka, Bangalore",3.8,13.09633664,77.62616951
Hunger Buds,North Indian,250," BTM, Bangalore",3.8,12.91511906,77.61554025
Hunger Buds,North Indian,250," BTM, Bangalore",3.8,12.91511906,77.61554025
Raghavendra Bhavan,"South Indian, North Indian, Chinese",300," Banaswadi, Bangalore",3.8,13.00863987,77.65588738
Salkara Malabar Kitchen,"North Indian, Chinese",300," BTM, Bangalore",3.8,12.92515961,77.61164334
New Indian Biryani Restaurant,"North Indian, Chinese, Biryani",300," Indiranagar, Bangalore",3.8,12.97907,77.6417531
Sidhika Food Centre,"North Indian, Chinese",300," KR Puram, Bangalore",3.8,13.023585,77.707111
Blend Your Shake,"Beverages, Fast Food, Ice Cream",250," Sarjapur Road, Bangalore",3.8,12.9029171,77.6761386
Shiva's Naram Garam,"Street Food, Chinese, North Indian",250," Banaswadi, Bangalore",3.8,13.01937276,77.65346166
Soul Konnet,"Street Food, Fast Food",250," Malleshwaram, Bangalore",3.8,13.00666056,77.56397579
Ruchika Biriyani,South Indian,300," Whitefield, Bangalore",3.8,12.97782478,77.7086612
Spicy Paradise,"South Indian, North Indian, Chinese",200," Kadubeesanahalli, Bangalore",3.8,12.94070967,77.69600518
Anamika Bakery,Bakery,200," Sarjapur Road, Bangalore",3.8,12.90687553,77.69560017
Chef Sisters Kitchen,North Indian,200," Whitefield, Bangalore",3.8,12.915238,77.717574
New Andhra House,"Andhra, Biryani, North Indian",450," Electronic City, Bangalore",3.8,12.85022039,77.65729386
Tree Top,"Continental, Chinese, North Indian, South Indian",1000," Wilson Garden, Bangalore",3.8,12.94778459,77.5945466
Saara's Cafe - SS Lumina Hotel,"North Indian, South Indian, Chinese, Arabian",800," Koramangala 7th Block, Bangalore",3.8,12.93615915,77.61672344
Sizzling Szechuan,Chinese,600," Rammurthy Nagar, Bangalore",3.8,13.01533491,77.66666885
Coastal King Restaurant,"Seafood, North Indian, Chinese",900," Coastal King, Bangalore, Bangalore",3.8,13.04379933,77.52083816
Fish Factory-Citrus Hotel,Seafood,2600," Citrus Hotels, Cunningham Road, Bangalore",3.8,12.98631118,77.59550884
Dumont,"Ice Cream, Beverages, Desserts",300," Church Street, Bangalore",3.8,12.97328821,77.6033362
Garden Bar & Restaurant,"North Indian, Chinese",800," Yelahanka, Bangalore",3.8,13.08097596,77.59285346
Punjabi Chaap Corner,"North Indian, Chinese, Fast Food",650," Indiranagar, Bangalore",3.8,12.967453,77.641725
The Oriental Spice - Ashraya Hotel,Oriental,1300," Ashraya Hotel, Infantry Road, Bangalore",3.8,12.9837005,77.59366013
Cafe Treat - The Pride Hotel,"North Indian, South Indian, Mughlai, Continental, Chinese, Desserts, Beverages",900," The Pride Hotel, Bangalore",3.8,12.96465552,77.59971052
Bademiyan Kebabs,"Kebab, Hyderabadi, Biryani, Charcoal Chicken",600," Orion Mall, Malleshwaram, Bangalore",3.8,13.01164719,77.55526766
Pop Inn Restaurant,"North Indian, Odia, Bengali, Chinese, South Indian",250," Whitefield, Bangalore",3.8,12.9696545,77.7482562
Punjab Kadhai,"North Indian, Chinese",350," Kaggadasapura, Bangalore",3.8,12.99562689,77.68635996
Madhuban Restaurant,"North Indian, Chinese, Seafood",450," Marathahalli, Bangalore",3.8,12.94847044,77.70434786
Camille's Ice Cream,"Desserts, Beverages, Ice Cream",100," Domlur, Bangalore",3.8,12.95631593,77.64129885
Kakal Kai Ruchi,"South Indian, North Indian, Chinese, Fast Food, Street Food, Beverages",500," JP Nagar, Bangalore",3.8,12.89722512,77.58597795
Grill & The Goat,"North Indian, Mughlai, Chinese, Beverages",600," Indiranagar, Bangalore",3.8,12.982293,77.639297
Slounge - Lemon Tree Hotel,Finger Food,1600," Lemon Tree Hotel, Whitefield, Bangalore",3.8,12.97254035,77.71785546
Mangoa,"Goan, Mangalorean, South Indian, Seafood, Portuguese, Konkan",800," BTM, Bangalore",3.8,12.9353096,77.6076666
Spice House,"Andhra, South Indian, Chinese",600," Banashankari, Bangalore",3.8,12.92636445,77.5645595
Sri Krishna Aramane,"South Indian, North Indian, Street Food, Chinese, Ice Cream, Desserts, Juices, Beverages",350," Kumaraswamy Layout, Bangalore",3.8,12.90571962,77.55824659
Alankrutha,"North Indian, Chinese, Biryani",550," BTM, Bangalore",3.8,12.913606,77.6128
Hongkong Garden,"Chinese, Thai, Seafood, Momos",500," Kaggadasapura, Bangalore",3.8,12.97459835,77.67879747
Twilight Global Restaurant,"Beverages, Kebab, Chinese, North Indian, Mughlai, Biryani, Desserts",800," Kalyan Nagar, Bangalore",3.8,13.02111972,77.64176153
Brown Burger Co,"Burger, Fast Food, Beverages",500," Rajarajeshwari Nagar, Bangalore",3.8,12.9056255,77.51256019
Aishwarya Parkland,"Chinese, North Indian",700," Bannerghatta Road, Bangalore",3.8,12.8845057,77.59615861
Fuel Resto Bar,"Finger Food, Mediterranean, North Indian, Beverages",2000," The Pride Hotel, Bangalore",3.8,12.96450881,77.59967297
KA 51 Restocafe,"Chinese, North Indian, Fast Food",600," Bommasandra, Bangalore",3.8,12.8305125,77.63955859
Shimla Mirch,"Sandwich, Fast Food, Italian, Biryani, North Indian, South Indian, Pizza",350," BTM, Bangalore",3.8,12.9254808,77.6105591
Swadist Pakhal Restaurant,"North Indian, Chinese, Bengali, Biryani",600," Sarjapur Road, Bangalore",3.8,12.90262311,77.7059089
The Lakefront Kitchen,"North Indian, Chinese, Mughlai",600," Electronic City, Bangalore",3.8,12.87463223,77.67864564
Golden Tree Restaurant,"Chinese, Mughlai, Biryani, South Indian, Fast Food, Beverages, Ice Cream",600," BTM, Bangalore",3.8,12.90620623,77.61129197
Lol Pub,"North Indian, Beverages",800," Kadubeesanahalli, Bangalore",3.8,12.94159944,77.69756455
Ashwa Fine Dine,"North Indian, Chinese, Andhra, Finger Food",400," Vijay Nagar, Bangalore",3.8,12.97131352,77.5249986
Manhattan,Finger Food,1700," Hotel Southern Star, Lavelle Road, Bangalore",3.8,12.97467382,77.59940509
Manhattan,Finger Food,1700," Hotel Southern Star, Lavelle Road, Bangalore",3.8,12.97467382,77.59940509
Paaro,"North Indian, Street Food, Chinese, South Indian, Beverages, Continental",400," Bannerghatta Road, Bangalore",3.8,12.88103371,77.5985954
Envy,Finger Food,1100," Hotel La Classic, Bangalore",3.8,12.7836371,77.75712971
Samavar,"North Indian, South Indian, Chinese, Continental, Italian",1000," Casa de Bengaluru, Koramangala, Bangalore",3.8,12.93621732,77.62229908
Happy Belly Restaurant,"Chinese, Thai",700," Yelahanka, Bangalore",3.8,13.059427,77.592649
Sri Thirumala Deluxe Family Restaurant,"Andhra, Chinese, North Indian",900," Yelahanka, Bangalore",3.8,13.09092849,77.59376708
Kairali Restaurant,"Kerala, South Indian, Seafood, Biryani",200," Bellandur, Bangalore",3.8,12.928115,77.67931949
Thottathil Food House,"Kerala, South Indian, Biryani",300," BTM, Bangalore",3.8,12.92658633,77.61499107
Kadala Teera,"Seafood, Mangalorean",500," Sarjapur Road, Bangalore",3.8,12.89807223,77.67535049
Navya's,"Andhra, Biryani, North Indian, Chinese, Hyderabadi, Mughlai, Seafood",700," Bommanahalli, Bangalore",3.8,12.89243915,77.62863312
Gongura Biriyani House,"Andhra, Biryani, Seafood, Chinese",700," Nagawara, Bangalore",3.8,13.04191143,77.61583798
Venessa,"North Indian, Fast Food, Asian, Mughlai, Desserts",1200," BTM, Bangalore",3.8,12.918089,77.60829
The Spice Town,"BBQ, North Indian, Beverages",900," Rajarajeshwari Nagar, Bangalore",3.8,12.92912605,77.51432005
Achayyan's,"Kerala, South Indian",350," Indiranagar, Bangalore",3.8,12.96836909,77.64801577
Altaf Chillies Restaurant,"North Indian, Chinese, Mughlai, Rolls",300," Frazer Town, Bangalore",3.8,13.00374138,77.62286302
Sri Maruthi Miltry Hotel,"South Indian, Chinese",400," Rajajinagar, Bangalore",3.8,13.00024818,77.55255159
Crepito,"Pizza, Burger, Sandwich, Fast Food, Chinese, Street Food, Beverages, Desserts",600," Rajajinagar, Bangalore",3.8,12.99746973,77.54508164
Ice Cafe & Lassi Shop,"Beverages, Juices",200," BTM, Bangalore",3.8,12.9086906,77.60400038
Narthaki Family Restaurant,"North Indian, Mughlai",500," Majestic, Bangalore",3.8,12.97708105,77.57564507
Maharaja Biryani House,"Biryani, Andhra, North Indian, Beverages",700," Koramangala 8th Block, Bangalore",3.8,12.94360475,77.62106996
Adiga's,"South Indian, North Indian, Chinese, Street Food, Desserts, Ice Cream, Beverages",500," HSR, Bangalore",3.8,12.91158344,77.63240598
Shaap,"Kerala, Seafood",500," Indiranagar, Bangalore",3.8,12.96850469,77.64020048
Hari Super Sandwich,"Sandwich, Fast Food",200," BTM, Bangalore",3.8,12.912486,77.606404
The Fast Food,South Indian,150," Malleshwaram, Bangalore",3.8,13.00872415,77.56312318
The Fast Food,South Indian,150," Malleshwaram, Bangalore",3.8,13.00872415,77.56312318
Hotel Prakruthi,South Indian,350," Vijay Nagar, Bangalore",3.8,12.97232406,77.54091684
Bogineni Black,"Cafe, Fast Food",500," Whitefield, Bangalore",3.8,13.01017718,77.7590666
Udupi Kitchen,"South Indian, Chinese, Street Food, Desserts, Beverages",300," Vijay Nagar, Bangalore",3.8,12.971652,77.53774412
From Hill To Station,"Cafe, Coffee, Fast Food, Desserts",500," Hennur, Bangalore",3.8,13.06014181,77.65310694
Udupi Upahar,"North Indian, South Indian, Chinese, Beverages",300," JP Nagar, Bangalore",3.8,12.90429441,77.58579925
Taaza Mithai,"Mithai, Street Food",100," JP Nagar, Bangalore",3.8,12.91413834,77.58585826
Momoz,"Chinese, Momos, Seafood",500," Kammanahalli, Bangalore",3.8,13.01525063,77.6310575
Tripti Hotel & Restaurant,"North Indian, Bengali",300," New BEL Road, Bangalore",3.8,13.0335091,77.5663942
Majaa Thindi,South Indian,100," New BEL Road, Bangalore",3.8,13.06881919,77.55770143
Chicano,"Fast Food, Pizza",450," Frazer Town, Bangalore",3.8,13.00303118,77.59669706
S.M.S.Evening Fast Food,"Hyderabadi, Chinese, North Indian",300," Varthur Main Road, Whitefield, Bangalore",3.8,12.9568295,77.7425947
Prashanth Naati Corner,"South Indian, Biryani",300," Yelahanka, Bangalore",3.8,13.09347142,77.58266207
Food Manthra,"North Indian, Chinese, Biryani, Rolls",300," Ulsoor, Bangalore",3.8,12.97548832,77.62262095
Maach Misti And More,"North Indian, Bengali, Seafood, Desserts",500," BTM, Bangalore",3.8,12.90727,77.607338
Urban Chulha,"North Indian, Street Food",300," Kammanahalli, Bangalore",3.8,13.01984315,77.64031682
Winni- Cakes & More,"Bakery, Desserts, Fast Food, Beverages",400," RT Nagar, Bangalore",3.8,13.02399263,77.59282261
Kabab King Restaurant,"Chinese, North Indian",300," Banashankari, Bangalore",3.8,12.9171417,77.5688637
Delhi Mess & Restaurant,"North Indian, Chinese, Mughlai",300," Hesaraghatta, Bangalore",3.8,13.08327864,77.48431016
The Kebab Terminal,"North Indian, Mughlai, Kebab, Fast Food",350," Jakkur, Bangalore",3.8,13.09171714,77.65463546
Divyasree Andhra Style Hotel,Andhra,250," CV Raman Nagar, Bangalore",3.8,12.98461266,77.67935604
Hotel Manu,"Andhra, North Indian, Chinese, Biryani",550," Whitefield, Bangalore",3.8,13.002528,77.757083
Hyderabadi Bawarchi,"Biryani, North Indian, Chinese, Mughlai, Seafood",800," Hebbal, Bangalore",3.8,13.0520172,77.6040421
Hyderabadi Biryani Utsav,"Biryani, Hyderabadi, North Indian, Chinese",600," Old Madras Road, Bangalore",3.8,12.99512215,77.66630072
Kasol Cafe,"Bengali, Continental",200," Indiranagar, Bangalore",3.8,12.968678,77.644152
Hoysala Darshini,"South Indian, North Indian, Chinese",400," Kengeri, Bangalore",3.8,12.92461389,77.48521272
Bengali Delicious,"Bengali, North Indian, Chinese, Kebab, Biryani, Beverages",500," Rajarajeshwari Nagar, Bangalore",3.8,12.91718929,77.49983009
Cafe Rossini,"Continental, Italian, Chinese",700," New BEL Road, Bangalore",3.8,13.02736725,77.5766271
Great Room - Holiday Inn Express & Suites,"North Indian, Chinese, Continental, Desserts, Beverages",1200," KR Puram, Bangalore",3.8,13.054937,77.762861
Garden Fresh,"Juices, Healthy Food, Salad, Beverages",200," BTM, Bangalore",3.8,12.91261678,77.61003569
Biryani Pot,"Biryani, North Indian, Chinese, Hyderabadi, Andhra, Wraps",200," Bellandur, Bangalore",3.8,12.9419458,77.70203646
Galaxy Restaurant,"North Indian, Chinese, Arabian, Kerala, Biryani",650," KR Puram, Bangalore",3.8,13.02256647,77.69661672
Bathinda Station,"North Indian, Chinese",700," HSR, Bangalore",3.8,12.91853861,77.65160356
Ayodhya Grand,"North Indian, South Indian, Chinese, Maharashtrian, Street Food, Desserts, Ice Cream, Beverages",550," Nagarbhavi, Bangalore",3.8,12.98003354,77.51076881
Alter Ego D'Deli,"Cafe, Salad, Italian, American, Sandwich, Burger, Beverages, Healthy Food",900," Nagawara, Bangalore",3.8,13.04100674,77.62029797
Suzy Q By 1522,"Asian, Seafood, Street Food, Pizza, North Indian, Chinese, Desserts",1000," Cunningham Road, Bangalore",3.7,12.98395108,77.5967668
GFC Biryani,"Biryani, Kebab, Tamil",300," Rajarajeshwari Nagar, Bangalore",3.7,12.90282508,77.52101518
Tycoons - Fine Dine & Retro Bar,"Continental, North Indian, Chinese, Asian, Mughlai, Desserts, Beverages",1300," Indiranagar, Bangalore",3.7,12.97020288,77.63837874
Happy Brew Bar & Kitchen,"Finger Food, North Indian, Asian, European",1500," Koramangala 5th Block, Bangalore",3.7,12.93370697,77.61504763
The Rasaganga,"South Indian, North Indian, Street Food, Chinese, Beverages",500," Bellandur, Bangalore",3.7,12.92649157,77.67821006
The Cuboidal,"Fast Food, Beverages",500," BTM, Bangalore",3.7,12.91551023,77.60312464
Cholay,"North Indian, Gujarati, Maharashtrian",350," Koramangala 7th Block, Bangalore",3.7,12.93583141,77.61484858
Sri Balaji Tiffin Centre,"North Indian, Chinese",350," Banashankari, Bangalore",3.7,12.93542817,77.56062336
The Cafe Bar,"Fast Food, Sandwich, Beverages",200," Jayanagar, Bangalore",3.7,12.93244509,77.58355055
Carols Pastries & Bakers,"Bakery, Desserts",250," Rammurthy Nagar, Bangalore",3.7,13.01760619,77.6692431
FreshBake,Bakery,250," Electronic City, Bangalore",3.7,12.86998304,77.65880462
Arabian Mataam,"Arabian, North Indian, Mughlai",700," Frazer Town, Bangalore",3.7,13.00041447,77.61777252
Pragnya Sagar,"South Indian, Beverages, Chinese, North Indian",300," HSR, Bangalore",3.7,12.89887293,77.65842207
The Langford Cafe,"Cafe, Beverages, Fast Food, Desserts, Wraps",400," Langford Town, Bangalore",3.7,12.9622876,77.59557517
Bangalore Tiffin Fusion (BTF),"North Indian, Fast Food",250," Whitefield, Bangalore",3.7,12.98126458,77.74773393
Phantom Cafe,"Cafe, Italian, Fast Food, Beverages",400," Koramangala 4th Block, Bangalore",3.7,12.93522198,77.62479253
Le Bistro,"European, Lebanese",1200," UB City, Bangalore",3.7,12.97184052,77.59628568
Ambur Star Briyani ® Since 1890,"Biryani, South Indian, Chinese, Chettinad, North Indian",600," JP Nagar, Bangalore",3.7,12.90349798,77.5857275
Shawarma Time,"Lebanese, Rolls, Fast Food",200," RT Nagar, Bangalore",3.7,13.02659799,77.59064063
Hook Hap,"Continental, Chinese, Fast Food, Beverages",600," Indiranagar, Bangalore",3.7,12.96690708,77.64156288
The Döner Company,"Lebanese, Wraps, Fast Food, Salad, Healthy Food, Rolls, Beverages",500," Koramangala 5th Block, Bangalore",3.7,12.93451322,77.6231879
Snack Bar,"Fast Food, Sandwich, Ice Cream, Beverages",300," Vijay Nagar, Bangalore",3.7,12.964648,77.53377579
New SBFC Food Funda,Fast Food,300," Frazer Town, Bangalore",3.7,13.008583,77.612184
Wow Pizza,"Pizza, Fast Food",400," Jalahalli, Bangalore",3.7,13.0631988,77.50080407
The Deagh,"Mughlai, North Indian, Chinese, Rolls",400," Frazer Town, Bangalore",3.7,13.00055919,77.61480734
The Deagh,"Mughlai, North Indian, Chinese, Rolls",400," Frazer Town, Bangalore",3.7,13.00055919,77.61480734
Flavours Of Ari,"Chinese, Rolls, Arabian, North Indian, Beverages, Pasta, Sandwich, Lebanese",400," HSR, Bangalore",3.7,12.91303377,77.65355386
Kailash Parbat,"Chinese, North Indian, Street Food, Fast Food, Desserts, Beverages",1100," Sadashiv Nagar, Bangalore",3.7,13.00748,77.57986
The Southern Soul,"South Indian, Mangalorean, Beverages",650," Koramangala 7th Block, Bangalore",3.7,12.93622476,77.61468304
Hotel Baaduta,"Biryani, South Indian",300," Jalahalli, Bangalore",3.7,13.05018314,77.51619156
Maggie Break,Fast Food,150," Rajarajeshwari Nagar, Bangalore",3.7,12.90299665,77.51744986
Robot Restaurant,"Chinese, Thai, North Indian, Seafood, Beverages, Desserts",1400," Indiranagar, Bangalore",3.7,12.96477967,77.64178164
GOPIZZA,"Pizza, Fast Food",300," Phoenix Marketcity Bangalore, Whitefield, Bangalore",3.7,12.99766,77.69714
LV Venkateshwara Jolada Rotti Oota,South Indian,300," Malleshwaram, Bangalore",3.7,12.99934491,77.57259071
Minatchi Mess,"Biryani, South Indian, Chinese, Seafood, Desserts",300," Sarjapur Road, Bangalore",3.7,12.8973846,77.70280123
Pratyush's Food Plaza,"Biryani, Odia, North Indian, Chinese, Fast Food",300," JP Nagar, Bangalore",3.7,12.8945733,77.58164283
Karim's Delhi 6,"Mughlai, North Indian",800," St. Marks Road, Bangalore",3.7,12.97217,77.600923
Bong Connection,"Chinese, North Indian, Bengali",550," Yeshwantpur, Bangalore",3.7,13.03006436,77.56236646
Uttara Karnataka Jolada Rotti Mattu Chapati Angadi,"South Indian, Street Food",200," Wilson Garden, Bangalore",3.7,12.9494411,77.5962438
The Naati Bar & Kitchen,"Biryani, South Indian, Seafood",650," Koramangala 6th Block, Bangalore",3.7,12.93612386,77.62177169
Self Love Cafeteria,"North Indian, Chinese, Biryani, Momos",500," Marathahalli, Bangalore",3.7,12.95110469,77.70480987
Shanti Tiffin House,Rajasthani,250," Rajajinagar, Bangalore",3.7,12.98847328,77.55844809
Bowl'd,"North Indian, Chinese",300," Marathahalli, Bangalore",3.7,12.95140988,77.70332359
Donne Biryani Hatti Mane,"Biryani, South Indian",300," Nagarbhavi, Bangalore",3.7,12.95899682,77.52476893
Red Panda-Chinese Food & Momos,Chinese,450," New BEL Road, Bangalore",3.7,13.03515323,77.568375
Bachelor Burgers,"Burger, Fast Food",500," Electronic City, Bangalore",3.7,12.87465308,77.65415266
Punjabi Dhaba,"North Indian, Chinese, Mughlai",500," Majestic, Bangalore",3.7,12.97914378,77.57672118
Trois,"North Indian, Mughlai, Chettinad, Asian, Beverages",1200," Koramangala 5th Block, Bangalore",3.7,12.93619379,77.62178812
Malleswaram Thatte Idly Cafe & By 2 Coffee Point,"South Indian, Beverages",300," Malleshwaram, Bangalore",3.7,13.00668506,77.56392181
India Chai Lounge,"Rolls, Fast Food, Beverages",300," Vasanth Nagar, Bangalore",3.7,12.98910577,77.5926248
Basaveshwar Khanavali,Mangalorean,600," Majestic, Bangalore",3.7,12.98011326,77.57560283
Quaranteens Cafe,"Fast Food, Ice Cream, Beverages",200," Kumaraswamy Layout, Bangalore",3.7,12.91140305,77.56699864
Hotel Vismaya,"South Indian, Andhra, Biryani, Mughlai, North Indian",400," Vijay Nagar, Bangalore",3.7,12.97656811,77.52253063
Tandoori Flames,"Chinese, Lebanese, North Indian",400," Rammurthy Nagar, Bangalore",3.7,13.01924863,77.6841753
Nam Egg Adda,Street Food,150," Rajajinagar, Bangalore",3.7,13.00437873,77.5394091
7th Heaven Cakes And Desserts,"Bakery, Desserts",400," JP Nagar, Bangalore",3.7,12.88487469,77.58264095
Just Punjabi,North Indian,450," Sarjapur Road, Bangalore",3.7,12.894346,77.677617
Kunafeci,"Desserts, Arabian",500," Koramangala 7th Block, Bangalore",3.7,12.9367442,77.6129773
L J Iyengar Bakery,"Bakery, Desserts, Fast Food",400," Jalahalli, Bangalore",3.7,13.05721249,77.54666984
Maruthi Davangere Benne Dosa,South Indian,150," Banashankari, Bangalore",3.7,12.92912736,77.54909456
Melt In Cafe,"Cafe, Italian, Continental",700," Mysore Road, Bangalore",3.7,12.762183,77.32906893
Shree Madhvas Upahara,South Indian,100," JP Nagar, Bangalore",3.7,12.88511165,77.58239686
Redbury Family Restaurant,"Kerala, North Indian, Chinese, Desserts, Beverages, Mughlai",900," Bannerghatta Road, Bangalore",3.7,12.88458904,77.60296538
Raju Gari Biryani,"Biryani, Andhra, Chinese, North Indian, Seafood",400," Bannerghatta Road, Bangalore",3.7,12.8764795,77.59634737
Uutopia Cafe,"Cafe, Fast Food, Desserts",750," Whitefield, Bangalore",3.7,12.96062,77.73255
Podhi Kitchen,"South Indian, Biryani",200," Kammanahalli, Bangalore",3.7,13.0190154,77.63524778
Curry Leaves,"Chinese, North Indian",400," Jayanagar, Bangalore",3.7,12.92299304,77.59710643
Biriyani Mane,"Biryani, Chinese, North Indian, Mughlai",600," Jayanagar, Bangalore",3.7,12.91682492,77.593119
Blytons,"Continental, Asian, Mughlai, Fast Food",1500," Sahakara Nagar, Bangalore",3.7,13.0637746,77.59014945
Hassan Keralapura Military Hotel,South Indian,400," Banashankari, Bangalore",3.7,12.92304729,77.55300052
Nandasree,"Andhra, Chinese, North Indian",800," KR Puram, Bangalore",3.7,13.0097688,77.7092453
Fit Pizza,"Pizza, Fast Food, Rolls",300," Jalahalli, Bangalore",3.7,13.06672605,77.50623185
Abhiruchi,"Andhra, Biryani, North Indian, Chinese, Seafood",650," Kammanahalli, Bangalore",3.7,13.01899841,77.63671696
Abhiruchi,"Andhra, Biryani, North Indian, Chinese, Seafood",650," Kammanahalli, Bangalore",3.7,13.01899841,77.63671696
Rana Vada Pav,"Street Food, Fast Food, North Indian, Pasta",250," BTM, Bangalore",3.7,12.90864354,77.60645393
New Chawla Chicken,"North Indian, Chinese",600," BTM, Bangalore",3.7,12.90868589,77.6064016
Nammura Naati Mane,"South Indian, Biryani",400," Sanjay Nagar, Bangalore",3.7,13.0274324,77.5763795
Mashed Potatoes,"North Indian, Continental, Fast Food",400," Whitefield, Bangalore",3.7,12.9809824,77.7578181
Bombay Dine,"Chinese, North Indian",350," Jalahalli, Bangalore",3.7,13.08388541,77.48385988
Homely Meal Box,"North Indian, Chinese, Biryani",500," Whitefield, Bangalore",3.7,12.95425779,77.72097118
Amata,"Cafe, North Indian, Continental, Burger, Sandwich, Coffee, Beverages, Desserts",500," HSR, Bangalore",3.7,12.91267854,77.64465462
Sukh Sagar Food Court,"Chinese, Street Food, Fast Food, Ice Cream, Desserts, Beverages",300," Majestic, Bangalore",3.7,12.97654949,77.57785052
Guntoor Mirchi,"Andhra, Biryani, North Indian, Chinese",800," ITPL Main Road, Whitefield, Bangalore",3.7,12.98945043,77.72808809
Bun World,"Bakery, Fast Food, Beverages",250," Malleshwaram, Bangalore",3.7,13.00895596,77.56293488
Kunafa World,Desserts,300," New BEL Road, Bangalore",3.7,13.02849091,77.57177833
Chole Bhatura And Parathas,North Indian,400," BTM, Bangalore",3.7,12.916686,77.606264
Ambara Gardenia,"Andhra, North Indian, Chinese, Seafood, Desserts, Beverages",850," Bannerghatta Road, Bangalore",3.7,12.89408209,77.61095267
Wat-A-Burger - India Ka Burger,"Burger, Fast Food, Beverages, Sandwich, Wraps",500," Jayanagar, Bangalore",3.7,12.92219242,77.59348612
Udupi Gardenia ,"South Indian, North Indian, Ice Cream, Beverages, Juices, Chinese",400," Mysore Road, Bangalore",3.7,12.90028836,77.46665619
Shahi Taj,"Rolls, Chinese, North Indian, Mughlai",800," Peenya, Bangalore",3.7,13.0438,77.51159
Srinidhi Upachar,"South Indian, Chinese",300," Electronic City, Bangalore",3.7,12.81460537,77.69185714
Sri Dalma,"Bengali, Odia",500," HSR, Bangalore",3.7,12.92412698,77.65039355
Pattikattan Biriyani,"Biryani, South Indian",300," Electronic City, Bangalore",3.7,12.84187731,77.64818206
Big Cup Cafe,"Cafe, Fast Food, Ice Cream, Beverages, Desserts",600," New BEL Road, Bangalore",3.7,13.028233,77.571188
Hotel Malnad Natti Style,"South Indian, Seafood",500," Nagarbhavi, Bangalore",3.7,12.96034461,77.51253169
Mint Masala,"Chinese, North Indian",650," Sadashiv Nagar, Bangalore",3.7,13.00687191,77.57880036
Guru Greens,"North Indian, Chinese, Seafood",600," Bannerghatta Road, Bangalore",3.7,12.85389481,77.58860987
Kerala Mess Upahar,"Kerala, Biryani, South Indian, Seafood",300," Bellandur, Bangalore",3.7,12.92595794,77.67789155
Swathi Restaurant,"North Indian, Chinese",650," Seshadripuram, Bangalore",3.7,12.98918516,77.57216491
Karavali Fish Magic,"South Indian, North Indian, Beverages",300," JP Nagar, Bangalore",3.7,12.90236362,77.58447826
Bhuvaneshwari Hotel,Hyderabadi,400," RT Nagar, Bangalore",3.7,13.02698115,77.58615296
Shivajinagar Gardi Ustad Pehlwan Kale Bhai Biryani,"North Indian, Mughlai",300," Shivajinagar, Bangalore",3.7,12.98553004,77.60181941
Kapital Kitchen,"Biryani, North Indian, Chinese, Hyderabadi",400," KR Puram, Bangalore",3.7,13.0145718,77.7094189
Willys Top Cafe,"Asian, Continental, Sandwich, Pizza, Pasta, Salad",750," Jayanagar, Bangalore",3.7,12.91649028,77.59316258
Donne Biryani Mane,"Biryani, South Indian",300," Hesaraghatta, Bangalore",3.7,13.0539379,77.50754915
Foodizo,"Chinese, Burger, Pizza, Pasta, Sandwich, Fast Food, Desserts, Beverages",400," Banashankari, Bangalore",3.7,12.9240028,77.56421115
Fat2Fit Healthy Food,"Healthy Food, Beverages",500," HSR, Bangalore",3.7,12.9011786,77.64087942
Pop Hop,"Ice Cream, Desserts",300," Bangalore Central, Bellandur, Bangalore",3.7,12.92607035,77.67526064
Akshay Hotel - Gowdru Mane Oota,South Indian,250," Rajarajeshwari Nagar, Bangalore",3.7,12.90389668,77.51253102
Manchatti Homely Food,"South Indian, Kerala",250," CV Raman Nagar, Bangalore",3.7,12.979438,77.685
WOW! Momo,"Momos, Tibetan",400," HSR, Bangalore",3.7,12.91226449,77.64147788
Bengali Heartbeat,"Bengali, Chinese, North Indian",400," Rajarajeshwari Nagar, Bangalore",3.7,12.92492433,77.52688956
Brews N Bites,"Cafe, Fast Food, Chinese, Sandwich, Beverages",700," Electronic City, Bangalore",3.7,12.8413556,77.64494732
Shahi Kababs & Rolls,"Rolls, Kebab",200," Frazer Town, Bangalore",3.7,12.99484479,77.61627886
Hotel Green Tara,"Chinese, Tibetan, Momos",500," Brigade Road, Bangalore",3.7,12.97278637,77.607099
Sri Guru Nalapaka,"Chinese, North Indian, South Indian",800," KR Puram, Bangalore",3.7,13.00784769,77.69667137
La Pizzeria,Pizza,800," New BEL Road, Bangalore",3.7,13.028018,77.573377
New Royal Darbar,"North Indian, Chinese, Biryani",400," Yelahanka, Bangalore",3.7,13.1037082,77.57693958
Woodfired Cafe,"Pasta, Fast Food, Beverages, Momos",750," Hennur, Bangalore",3.7,13.06434908,77.64880233
Udupi Thindies,"South Indian, Chinese",200," Nagawara, Bangalore",3.7,13.04764205,77.62901366
L V Lunch Home,South Indian,150," Vijay Nagar, Bangalore",3.7,12.96820573,77.53383983
L V Lunch Home,South Indian,150," Vijay Nagar, Bangalore",3.7,12.96820573,77.53383983
Ocean Cake,Bakery,300," Kalyan Nagar, Bangalore",3.7,13.033792,77.633163
Raj Mess,"North Indian, Chinese, Fast Food, Beverages, Street Food",400," Rajarajeshwari Nagar, Bangalore",3.7,12.90246624,77.5205354
Malayali Cafe,"Chinese, North Indian, South Indian, Beverages",300," Old Airport Road, Bangalore",3.7,12.95916117,77.65551522
Brahmin's Khanavali,South Indian,200," St. Marks Road, Bangalore",3.7,12.97199375,77.60090712
Tapas Hideout,"Cafe, Rolls, Fast Food, North Indian, Beverages",400," Indiranagar, Bangalore",3.7,12.968931,77.635949
Raj Restaurant,"Andhra, Biryani",600," Majestic, Bangalore",3.7,12.97184313,77.58092534
K V Canteen,South Indian,150," Commercial Street, Bangalore",3.7,12.9835329,77.60900706
Moonlight Restaurant ,"North Indian, Chinese, Rolls",250," New BEL Road, Bangalore",3.7,13.03400037,77.56736523
King Punjabi Restaurant,"North Indian, Chinese",400," BTM, Bangalore",3.7,12.91794875,77.6126904
Savera Cafe,"Fast Food, Tea, Beverages",100," Shivajinagar, Bangalore",3.7,12.98614881,77.60506589
RK Chinese hut,"Fast Food, Chinese, North Indian, Beverages",600," BTM, Bangalore",3.7,12.9086987,77.6064145
Riches Pizza Burger,"Pizza, Fast Food",300," Peenya, Bangalore",3.7,13.01703682,77.51932908
Hungry B,"North Indian, Rolls, Chinese, Continental",400," Indiranagar, Bangalore",3.7,12.967533,77.636711
Golden Dragon Fast Food And Momo,"Chinese, Momos",300," BTM, Bangalore",3.7,12.9327814,77.6095264
Sri Manjunatha Tandoori Corner,"North Indian, Chinese, Mangalorean",450," Uttarahalli, Bangalore",3.7,12.91263737,77.54058056
Bidar Hyderabad Dum Biryani,"Biryani, North Indian",350," HSR, Bangalore",3.7,12.90870988,77.64757421
Snackkery-Pizza In Cones,"Pizza, Street Food",200," JP Nagar, Bangalore",3.7,12.89221005,77.58158516
The Food Court,"North Indian, Chinese, Biryani, Fast Food",500," Koramangala 4th Block, Bangalore",3.7,12.9352933,77.6295698
Pearl Cafe,"Fast Food, Beverages, Desserts",250," Koramangala 1st Block, Bangalore",3.7,12.9270229,77.6380959
Mandya Gowdru Biriyani Mane,"Chinese, Mughlai, North Indian",400," Uttarahalli, Bangalore",3.7,12.91191841,77.55275846
High On Chai,"Tea, Beverages, Street Food, Sandwich",400," Bellandur, Bangalore",3.7,12.915382,77.699063
Babz Kitchen,"North Indian, South Indian",350," Whitefield, Bangalore",3.7,12.9828775,77.7671266
Coconut Mama,"Beverages, Ice Cream",200," Jayanagar, Bangalore",3.7,12.9200536,77.59297013
Lassi Pluss,"Beverages, Ice Cream",300," Yelahanka, Bangalore",3.7,13.103425,77.576607
Krishna Food Centre,"North Indian, Chinese",250," Ejipura, Bangalore",3.7,12.9402065,77.6288829
Sufi Restaurant & Cafe,"Iranian, Mughlai, Chinese, Seafood",800," Banaswadi, Bangalore",3.7,13.01679934,77.65098061
Swad 'E' Punjab,"North Indian, Chinese, Fast Food, Italian, Beverages",900," Electronic City, Bangalore",3.7,12.84997654,77.66387802
Floating Cafe,Cafe,800," International Airport, Bangalore",3.7,13.188351,77.633682
Dwinks,"Chinese, Italian, North Indian, Bar Food",800," Rajajinagar, Bangalore",3.7,12.99924984,77.54981842
Garden Asia Restaurant,"Asian, Beverages",700," Koramangala 5th Block, Bangalore",3.7,12.93422795,77.61605859
Nammura Upachara,"South Indian, North Indian, Street Food, Chinese, Beverages",300," Basaveshwara Nagar, Bangalore",3.7,12.99584479,77.53962234
Tewari Bros Mithai Shoppie,"Street Food, Mithai",200," Commercial Street, Bangalore",3.7,12.98009333,77.61278596
Wow! China By Wow! Momo,"Chinese, Asian",600," Orion Mall, Malleshwaram, Bangalore",3.7,13.0114096,77.5549029
MG's Fine Dining & Bar - Springs Hotel & Spa,"North Indian, Asian, Continental, Mughlai",800," Springs Hotel & Spa, Basavanagudi, Bangalore",3.7,12.95624111,77.5835301
New Govind Rao Military Hotel,South Indian,350," Majestic, Bangalore",3.7,12.97237177,77.57017169
Shalimar Dine,"Malwani, Chinese, North Indian",500," Jakkur, Bangalore",3.7,13.072594,77.633479
Venkateshwara Sweets And Restaurant,"Street Food, Beverages, Desserts",200," JP Nagar, Bangalore",3.7,12.90634643,77.59071641
Kesar Rajasthani Parotha Point,"North Indian, Rajasthani",300," Basavanagudi, Bangalore",3.7,12.95117168,77.57744081
Rolls N Snacks,"Street Food, Fast Food, Sandwich, Burger, Beverages",200," Vijay Nagar, Bangalore",3.7,12.97161998,77.54700311
Santhrupthii Hotel,South Indian,400," Rajarajeshwari Nagar, Bangalore",3.7,12.91488899,77.51781765
Cardamom- Ghar Ka Swad,"Chinese, North Indian, Rolls",300," BTM, Bangalore",3.7,12.91183116,77.60264184
One Atria Cafe - Radisson Blu Atria,"South Indian, North Indian, Chinese, Biryani",1500," Radisson Blu Atria, Bangalore",3.7,12.98019526,77.58610938
Asia Live,"Asian, Thai, Sushi",1000," Brookefield, Bangalore",3.7,12.96448692,77.71578245
Gowda's Biriyani Corner,"South Indian, Biryani",400," Vijay Nagar, Bangalore",3.7,12.96882651,77.54430916
Shawarma Grill House,"Chinese, Biryani, Mughlai",500," Rajajinagar, Bangalore",3.7,12.99245472,77.55688939
Jodhpur Sweets & Corner,"Desserts, Street Food, Mithai",200," BTM, Bangalore",3.7,12.92204896,77.61405833
Vishal Chaat & Snacks,"Mithai, Street Food",250," Kadubeesanahalli, Bangalore",3.7,12.93659212,77.70328403
Srinathji's,"North Indian, Chinese, Pizza, Street Food",800," Indiranagar, Bangalore",3.7,12.97957484,77.6421649
Gundappa Donne Biryani,"Biryani, South Indian",300," Seshadripuram, Bangalore",3.7,12.99780034,77.58146748
Shahi Chicken Biriyani,"Biryani, Chinese",200," Rajajinagar, Bangalore",3.7,12.99475,77.55527
Hotel Aradhana,North Indian,300," Bannerghatta Road, Bangalore",3.7,12.91156318,77.60008335
Namma Bakery,Bakery,300," Rajarajeshwari Nagar, Bangalore",3.7,12.91529977,77.52068762
i-Bar - The Park Bangalore,"North Indian, Chinese, Mediterranean",3000," The Park, MG Road, Bangalore",3.7,12.97403313,77.61990387
Sri Vishnu Grand,"South Indian, North Indian, Chinese, Street Food",450," Sarjapur Road, Bangalore",3.7,12.90490923,77.67565686
The Flying Squirrel,"Cafe, Fast Food, Desserts, Beverages",400," Brigade Road, Bangalore",3.7,12.97315423,77.60738995
Kshatriya's Kitchen,"Andhra, North Indian, Biryani, Seafood",400," Whitefield, Bangalore",3.7,12.96482084,77.75871422
Cafe Aurora,"Cafe, Continental, Chinese, Fast Food, Desserts, Beverages",600," JP Nagar, Bangalore",3.7,12.91064357,77.59119987
Zayan Kabab Korner,"North Indian, Chinese, Biryani, Kebab",300," Frazer Town, Bangalore",3.7,13.00060296,77.61625405
Kallayi Restaurant,"Mangalorean, Kerala, Chinese",400," KR Puram, Bangalore",3.7,13.00466,77.70999122
Punjab Mail,"North Indian, Chinese, Beverages",650," Malleshwaram, Bangalore",3.7,12.99852362,77.56942503
Royale Dine,"North Indian, Kebab, Biryani, Chinese, Seafood, Desserts, Beverages",600," Sarjapur Road, Bangalore",3.7,12.91180665,77.68202987
Tower Resto Bar,"North Indian, Mughlai, Chinese, Fast Food, Continental, Pasta",900," New BEL Road, Bangalore",3.7,13.03419799,77.56920207
Avon Pub And Kitchen,"Chinese, North Indian, Italian, Fast Food",1000," BTM, Bangalore",3.7,12.91392495,77.61087321
Ecstasy,"Cafe, Continental",600," Indiranagar, Bangalore",3.7,12.970595,77.642095
De Grand Restaurant,"North Indian, Chinese, Kebab, Biryani, Rolls, Kerala, South Indian",400," Banaswadi, Bangalore",3.7,13.01613197,77.65044115
New Udupi Garden,"South Indian, North Indian, Street Food, Beverages, Ice Cream, Chinese, Juices",500," KR Puram, Bangalore",3.7,13.014544,77.709584
Green Chilly,"North Indian, Chinese, Beverages",400," Rajajinagar, Bangalore",3.7,13.00011457,77.55567603
RR Biryani Park,"North Indian, South Indian, Biryani, Andhra, Mughlai, Chinese",300," Rajarajeshwari Nagar, Bangalore",3.7,12.92369857,77.51415208
Brundavan Upchar,"North Indian, South Indian, Chinese",250," BTM, Bangalore",3.7,12.91263,77.546363
Shetty Lunch Home,"Mangalorean, North Indian, Biryani, Chinese",300," RT Nagar, Bangalore",3.7,13.02416837,77.59854175
La Utsav - Grand Mercure,"North Indian, South Indian, Continental, Oriental, Italian, Desserts, Beverages",3000," Grand Mercure, Bangalore",3.7,12.993149,77.662223
La Utsav - Grand Mercure,"North Indian, South Indian, Continental, Oriental, Italian, Desserts, Beverages",3000," Grand Mercure, Bangalore",3.7,12.993149,77.662223
SLV Swadishta,"South Indian, Street Food, North Indian, Beverages",300," Banashankari, Bangalore",3.7,12.92678404,77.56474257
Kannur Restaurant,"South Indian, Kerala, Chinese, Beverages",500," Kammanahalli, Bangalore",3.7,13.01522744,77.63943538
Appaji Mane,South Indian,400," Peenya, Bangalore",3.7,13.02258933,77.50973884
Fish Land Family Restaurant,"Mangalorean, Biryani, Chinese, North Indian",600," Marathahalli, Bangalore",3.7,12.95688838,77.70240393
Tea and Wine Lounge - Radisson Blu Atria,"Cafe, Fast Food, Desserts, Beverages",1000," Radisson Blu Atria, Bangalore",3.7,12.98021487,77.58611642
Two Tender Coco,Beverages,150," RT Nagar, Bangalore",3.7,13.02457767,77.59495664
Sharma Chats,Street Food,100," Kengeri, Bangalore",3.7,12.9236502,77.48625007
Bangaliana,Bengali,600," Koramangala 7th Block, Bangalore",3.7,12.93613955,77.61474799
Lazio Steaks & More,"Continental, Chinese, Steak",1000," Frazer Town, Bangalore",3.7,12.99719858,77.61456627
Amaravathi Bar & Restaurant,"North Indian, Chinese, South Indian",650," Jayanagar, Bangalore",3.7,12.91702295,77.59691399
Desi Khana,"North Indian, Chinese, Street Food, Beverages",500," Whitefield, Bangalore",3.7,12.959835,77.730755
Petuk,"Bengali, North Indian, Chinese, Biryani",400," Whitefield, Bangalore",3.7,12.9825221,77.7669476
Lulu's Family Restaurant,"North Indian, Chinese, Andhra, Rolls, Beverages",400," KR Puram, Bangalore",3.7,13.004622,77.710036
Davangere Butter Dosa Hotel,South Indian,150," Kumaraswamy Layout, Bangalore",3.7,12.90663892,77.56339341
Sri Ruchi Restuarant,"Chinese, North Indian, Mughlai, Biryani, Andhra, Seafood, Lebanese, Beverages",600," Banaswadi, Bangalore",3.7,13.01933781,77.65607312
Keventers - Milkshakes & Ice Creams,"Beverages, Desserts, Ice Cream",400," New BEL Road, Bangalore",3.7,13.039099,77.564152
Malleshwaram Holige Mane,South Indian,200," Malleshwaram, Bangalore",3.7,12.997636,77.570995
Om Shiva Shakthi Chats Centre,"Street Food, Fast Food, Beverages",250," Basavanagudi, Bangalore",3.7,12.94174648,77.5704664
Hotel SLV Grand,"South Indian, North Indian, Chinese, Fast Food, Street Food, Beverages",350," Nagarbhavi, Bangalore",3.7,12.95807608,77.51829945
Hotel Janatha,South Indian,250," Wilson Garden, Bangalore",3.7,12.94847665,77.59815082
Cafe Lazy Lad,"Cafe, Continental, Fast Food, Beverages",400," Kalyan Nagar, Bangalore",3.7,13.019178,77.647181
Mr. Gola,Desserts,100," Mantri Square, Malleshwaram, Bangalore",3.7,12.99165138,77.57054687
Donne Biryani Corner,"Biryani, South Indian",300," Kumaraswamy Layout, Bangalore",3.7,12.9067605,77.5635815
Donne Biryani Corner,"Biryani, South Indian",300," Kumaraswamy Layout, Bangalore",3.7,12.9067605,77.5635815
Chameleon Lounge Bar,"North Indian, Chinese, Finger Food, Desserts",1400," Comfort Inn Insys, Yeshwantpur, Bangalore",3.7,13.02814695,77.55866434
Marwadi Chaat Tiffin Services,"North Indian, Street Food",250," BTM, Bangalore",3.7,12.916686,77.606264
Cafe Cerrise,"Cafe, Continental, Salad",600," Ulsoor, Bangalore",3.7,12.9839024,77.61738963
Calvin's,"Desserts, Bakery, Continental, Salad, Burger, Pizza",600," Whitefield, Bangalore",3.7,13.01061492,77.75968283
Tiwari's,"North Indian, Rajasthani, Street Food",300," Banashankari, Bangalore",3.7,12.92405868,77.56411459
Frozen Coast,"Desserts, Ice Cream",250," Malleshwaram, Bangalore",3.7,13.00769284,77.56093282
Pasta Factory,"Italian, Fast Food",600," Nagawara, Bangalore",3.7,13.04451692,77.62113132
Bansuri Sweets,"Mithai, North Indian, Street Food",200," BTM, Bangalore",3.7,12.9139537,77.61021405
White Horse,"North Indian, Mangalorean, Chinese, Mughlai",400," JP Nagar, Bangalore",3.7,12.90525523,77.5856648
Uttar Karnataka Meals Restaurant,South Indian,200," Jayanagar, Bangalore",3.7,12.91903566,77.59237703
Utsav,"North Indian, Street Food, Chinese",350," Banashankari, Bangalore",3.7,12.92967896,77.55232126
D A Ying Yang Cuisines,Chinese,300," Vasanth Nagar, Bangalore",3.7,12.99735637,77.60106772
Nammura Upahara,South Indian,150," JP Nagar, Bangalore",3.7,12.91504291,77.58725133
Chaat Lane,"Street Food, North Indian, Beverages",200," Whitefield, Bangalore",3.7,12.95583138,77.71787558
Suguna Kabab Corner,"Biryani, Andhra",300," Vijay Nagar, Bangalore",3.7,12.96881801,77.54435174
Havyaka Mess,South Indian,300," Banashankari, Bangalore",3.7,12.93738812,77.54907142
Rotti Mane,South Indian,200," Jayanagar, Bangalore",3.7,12.91909513,77.59178728
All 'Bout Coffee,"Cafe, Beverages",300," Frazer Town, Bangalore",3.7,13.00161731,77.6239131
KL-58 Thalassery Cafe,"Kerala, Tea",100," New BEL Road, Bangalore",3.7,13.06968074,77.55540043
Sri Sai Dosa Center,South Indian,100," Malleshwaram, Bangalore",3.7,13.00104104,77.57233657
Hot Coffee,"South Indian, Chinese, Street Food",150," Vijay Nagar, Bangalore",3.7,12.96939501,77.53489394
Udupi Sagar,"North Indian, South Indian, Chinese",350," Marathahalli, Bangalore",3.7,12.93325091,77.69678671
Kerala Mess,"Kerala, South Indian",200," Yelahanka, Bangalore",3.7,13.10620822,77.57447094
On The Nose,"Cafe, Italian, Mexican, Chinese",600," BTM, Bangalore",3.7,12.91543376,77.6056077
Biryani Paradise,"Andhra, Biryani",700," Whitefield, Bangalore",3.7,12.98647519,77.7086233
Hyderabadi Bawarchi,"Biryani, North Indian, Chinese, Seafood",750," Yelahanka, Bangalore",3.7,13.09918321,77.58960329
Kim Lee Restaurant,"Chinese, Seafood",700," Rajajinagar, Bangalore",3.7,12.98477176,77.55364828
King's Club,"South Indian, Asian, North Indian, Biryani, Fast Food, Beverages",1200," Nagarbhavi, Bangalore",3.7,12.966615,77.4918571
Barbeque Delight,"North Indian, Biryani, Chinese, Kebab, Seafood, BBQ, Desserts, Beverages",800," Sarjapur Road, Bangalore",3.7,12.90550556,77.67577596
Saara's Grill n Spice - SS Lumina Hotel,"North Indian, Arabian",900," Koramangala 7th Block, Bangalore",3.7,12.93617157,77.61671204
Parsa's,"Kashmiri, North Indian, Rolls",800," Koramangala 5th Block, Bangalore",3.7,12.933811,77.618669
Royal Calcutta Restaurant,"Bengali, North Indian, Chinese, Mughlai, Desserts",500," Koramangala 1st Block, Bangalore",3.7,12.92474885,77.63663515
Nadan Thattukada,"Kerala, South Indian, Beverages",200," BTM, Bangalore",3.7,12.92316,77.61274
Marwari Basa,"Rajasthani, North Indian",300," Nagawara, Bangalore",3.7,13.04147734,77.62189943
Burger Man,"Burger, Fast Food",300," New BEL Road, Bangalore",3.7,13.0326703,77.56636195
Burger Man,"Burger, Fast Food",300," New BEL Road, Bangalore",3.7,13.0326703,77.56636195
South Spicy Bites Xpress,"Seafood, Chinese, Malwani, North Indian",400," Sahakara Nagar, Bangalore",3.7,13.06101841,77.58735828
Kulcha Haveli,North Indian,350," Bellandur, Bangalore",3.7,12.92458088,77.67430075
Kadalu Sea Food Restaurant,"Seafood, South Indian, North Indian, Mangalorean, Biryani",500," Vijay Nagar, Bangalore",3.7,12.958559,77.53371444
Kenny's Restaurant,Chinese,450," Frazer Town, Bangalore",3.7,13.0009398,77.6297027
Gowdru Mane Oota,"South Indian, Andhra",400," JP Nagar, Bangalore",3.7,12.90479998,77.58037012
Mango Tree Grand,"Andhra, North Indian",700," Bellandur, Bangalore",3.7,12.92335969,77.67132752
Coorg Lunch Home,South Indian,250," Kammanahalli, Bangalore",3.7,13.02571637,77.63093211
Hotel Brundavan,"North Indian, Chinese, South Indian",250," Bannerghatta Road, Bangalore",3.7,12.87629908,77.61459041
Khans Kitchens,"Chinese, North Indian, Fast Food, Biryani, Mughlai, BBQ",400," Jakkur, Bangalore",3.7,13.088037,77.634982
Nature's Caff,"Cafe, Chinese, Fast Food, Beverages",500," Sadashiv Nagar, Bangalore",3.7,13.00626822,77.58230232
Vijayanagara Samrat Food Corner,Biryani,350," Vijay Nagar, Bangalore",3.7,12.96817796,77.53395617
Durga Chats,"Street Food, Beverages",150," Vijay Nagar, Bangalore",3.7,12.96730234,77.54229113
New Darbar Restaurant,"North Indian, Chinese, Rolls, Kebab, Mughlai, Biryani, Seafood",450," Sanjay Nagar, Bangalore",3.7,13.02930752,77.57866055
Falooda Cafe,"Beverages, Desserts",200," BTM, Bangalore",3.7,12.9245652,77.61502795
BKC- Bangalore Kitchen Cafe,"Fast Food, Beverages, North Indian, Italian, Mexican, Lebanese",400," HSR, Bangalore",3.7,12.912544,77.652334
Majaa Express,"South Indian, Street Food, Chinese",300," Nagarbhavi, Bangalore",3.7,12.97782335,77.50603538
Ganesh Food Joint,"South Indian, North Indian, Chinese, Fast Food, Desserts, Beverages",250," Frazer Town, Bangalore",3.7,13.00147945,77.5948735
Wok With Mac,"Chinese, Fast Food, Beverages",500," Indiranagar, Bangalore",3.7,12.96996187,77.63881914
Basaveshwar Khanavali,South Indian,250," Wilson Garden, Bangalore",3.7,12.94858938,77.60043841
Hotel Raghavendra Prasanna,South Indian,250," City Market, Bangalore",3.7,12.96893596,77.57526252
Empark Inn Restaurant,"North Indian, Chinese",350," Jayanagar, Bangalore",,12.94110015,77.59326249
Punjab Express,"North Indian, Street Food",300," New BEL Road, Bangalore",3.7,13.02508267,77.57984474
Mr Savji,South Indian,250," Rajajinagar, Bangalore",3.7,12.99783693,77.55483817
Chops N Grills,"Cafe, Continental, Fast Food",800," Kammanahalli, Bangalore",3.7,13.01603626,77.63386074
Meaww Milkshakes And Waffles,"Beverages, Desserts",350," New BEL Road, Bangalore",3.7,13.030879,77.569885
The Jade Kitchen,"Chinese, Thai, Beverages, North Indian",600," Jayanagar, Bangalore",3.7,12.91863861,77.58602891
Equinox Bar - DoubleTree Suites By Hilton,"Finger Food, Lebanese, Continental, Beverages",2300," DoubleTree Suites By Hilton, Sarjapur Road, Bangalore",3.7,12.92016961,77.66572304
Kafe Together,"Fast Food, Burger, Chinese, Beverages",400," Banashankari, Bangalore",3.7,12.92654287,77.5506147
The Kitchen,"Andhra, Biryani, Mughlai, Chinese, Seafood, North Indian",800," JP Nagar, Bangalore",3.7,12.89214305,77.58157175
Food Star,"North Indian, Chinese, Mughlai, Rolls",500," Kammanahalli, Bangalore",3.7,13.01461168,77.63491988
Gurukrupa Paratha House,"North Indian, Chinese, Mughlai",500," Old Airport Road, Bangalore",3.7,12.95986104,77.64473643
Tawa Ghar Ka,North Indian,350," HSR, Bangalore",3.7,12.91533735,77.63217263
Nandighosha,"Bengali, Seafood, North Indian, Biryani, Odia",700," Marathahalli, Bangalore",3.7,12.95156508,77.69798465
Shagun Sweets & Foods,"Mithai, North Indian, Street Food, Chinese",400," BTM, Bangalore",3.7,12.91397266,77.6061894
Food Zone,"North Indian, Chinese, Konkan, Seafood, Rolls, Mughlai",400," Basaveshwara Nagar, Bangalore",3.7,12.98830046,77.53812265
Food Zone,"North Indian, Chinese, Konkan, Seafood, Rolls, Mughlai",400," Basaveshwara Nagar, Bangalore",3.7,12.98830046,77.53812265
Kaapi Kuteera,"South Indian, Beverages",100," Kanakapura Road, Bangalore",3.7,12.89122205,77.56011643
Dragon Chilly,"Chinese, North Indian, Biryani",500," Rajarajeshwari Nagar, Bangalore",3.7,12.9166161,77.49984853
Meat And Eat,"Burger, Rolls, Fast Food, Beverages",500," JP Nagar, Bangalore",3.7,12.89910889,77.58589715
Nammura Donne Biriyani,"Biryani, South Indian",400," Basavanagudi, Bangalore",3.7,12.93689242,77.57581137
Chick Inn,Fast Food,350," Rajajinagar, Bangalore",3.7,12.99796989,77.55551342
Ramji Chaiwale,"Fast Food, Sandwich, Street Food, Tea, Beverages",250," Old Airport Road, Bangalore",3.7,12.9601355,77.64485847
Kwality Cakes N Bakes,Bakery,500," HSR, Bangalore",3.7,12.91447756,77.63289079
Hotel Kakathiya,"Andhra, North Indian, Chinese, Biryani",350," Nagawara, Bangalore",3.7,13.04124511,77.62192961
89 Express Dhaba,Rajasthani,150," BTM, Bangalore",3.7,12.916688,77.606279
Taste Of India,"North Indian, Chinese, Rolls",400," Yelahanka, Bangalore",3.7,13.1052823,77.5768108
Paranthe Sardar De,"North Indian, Street Food",200," Bellandur, Bangalore",3.7,12.92457663,77.67429907
The Sanctuary,"Sandwich, Fast Food, Beverages",450," Banaswadi, Bangalore",3.7,12.9990143,77.62438282
Annapurna Bengali Restaurant,"Bengali, North Indian, Chinese, Rolls, Biryani",450," Whitefield, Bangalore",3.7,12.98427811,77.73368418
Hot Attack,"North Indian, Chinese, Biryani",400," Electronic City, Bangalore",3.7,12.85064468,77.65750241
Goodluck Resto Cafe,"Cafe, Fast Food, Beverages",500," Bannerghatta Road, Bangalore",3.7,12.87618632,77.6146226
4th Tea Block,"Tea, Beverages, Street Food",200," Jayanagar, Bangalore",3.7,12.92661117,77.58488595
Mira's Dial-A-Cake,"Bakery, Desserts",300," Kanakapura Road, Bangalore",3.7,12.88005646,77.5441033
Multi Cakes,"Bakery, Fast Food",400," JP Nagar, Bangalore",3.7,12.89244373,77.58177895
Cake Mile- The Pastry Stop,"Desserts, Bakery",300," Yelahanka, Bangalore",3.7,13.09411181,77.58276735
Vasanth Vihar - Since 1965,"South Indian, Beverages, Chinese",300," Banashankari, Bangalore",3.7,12.93745511,77.54925381
Eat 'N' Pack,"North Indian, Fast Food, Chinese, South Indian",450," Bannerghatta Road, Bangalore",3.7,12.88796064,77.61055302
Hello Cafe,"Fast Food, Burger, Biryani, Rolls",300," Electronic City, Bangalore",3.7,12.84881153,77.67204836
Zaikedar Kitchen,"Bengali, North Indian, Chinese",300," HSR, Bangalore",3.7,12.8943,77.6592
Bisi Bisi Thindi,"South Indian, Street Food",150," Nagarbhavi, Bangalore",3.7,12.96171493,77.51085263
Curries And Pickles,"Andhra, North Indian, Biryani, Chinese",400," KR Puram, Bangalore",3.7,13.01923883,77.7084865
Desi Adda,"North Indian, Fast Food",300," Rajarajeshwari Nagar, Bangalore",3.7,12.91701217,77.50007048
The Sip Shop,"Fast Food, Ice Cream, Desserts, Beverages",400," Basavanagudi, Bangalore",3.7,12.95790683,77.56570715
Mangala Hotel,"Kerala, Chinese, North Indian, South Indian",300," Sarjapur Road, Bangalore",3.7,12.9193912,77.67096911
Kulfi & More,Ice Cream,100," BTM, Bangalore",3.7,12.91353606,77.60627758
Coffee Club,"Juices, Beverages, Fast Food",250," Nagarbhavi, Bangalore",3.7,12.98058437,77.51227822
New Udupi Upahar,"South Indian, North Indian, Chinese",400," Kalyan Nagar, Bangalore",3.7,13.0215,77.64139
Singh Punjabi Restaurant,"North Indian, Chinese, Fast Food",200," BTM, Bangalore",3.7,12.924237,77.614479
Bellur Donne Biriyani,"Biryani, Kebab",200," Kanakapura Road, Bangalore",3.7,12.89378599,77.55433358
Kalpavruksha Naati Mane,South Indian,250," CV Raman Nagar, Bangalore",3.7,12.9851442,77.66760997
Tito's Pizza,"Pizza, Fast Food, Beverages",600," Rajarajeshwari Nagar, Bangalore",3.7,12.92529686,77.51724299
Milk N Shakes,"Beverages, Ice Cream, Desserts",300," Koramangala 8th Block, Bangalore",3.7,12.94149716,77.61625975
Taste Buds,"North Indian, Street Food, Chinese, Beverages",400," Jalahalli, Bangalore",3.7,13.04790824,77.50643872
Apoorva Halli Mane,"South Indian, Mughlai, Andhra, Chinese, Seafood",350," JP Nagar, Bangalore",3.7,12.86592186,77.57990006
Granmas Kitchen,"North Indian, Chinese, Kebab, Mughlai, Rolls, Seafood, Beverages",400," CV Raman Nagar, Bangalore",3.7,12.99227961,77.66405303
Kor Cafe,"Kerala, North Indian",250," Koramangala 1st Block, Bangalore",3.7,12.93007403,77.63321131
Hotel Annalakshmi,"South Indian, Chinese",300," Yelahanka, Bangalore",3.7,13.12833474,77.57248778
My Little China,"Chinese, Seafood, Desserts",500," Hennur, Bangalore",3.7,13.05463684,77.64530607
Hotel Amrapali,"Andhra, Chinese, North Indian",350," Yelahanka, Bangalore",3.7,13.10423851,77.60347769
Desi Inn,"North Indian, Chinese",300," Shanti Nagar, Bangalore",3.7,12.96016556,77.5877006
Parathas & More,"North Indian, Chinese, Street Food, Juices",150," Bommanahalli, Bangalore",3.7,12.89551977,77.63442233
Namana Restaurant,"North Indian, Chinese, Mangalorean, Seafood, Mughlai",350," Basaveshwara Nagar, Bangalore",3.7,12.98660391,77.53718656
Chaat Adda,"Street Food, Beverages, Fast Food",200," Jayanagar, Bangalore",3.7,12.92203589,77.58806303
Mini Wok,"Chinese, Seafood",400," Thippasandra, Bangalore",3.7,12.97095478,77.65044317
Karnataka Hindu Military Hotel,South Indian,400," Kengeri, Bangalore",3.7,12.91071089,77.48457335
Carnival Cakes & Breads,"Bakery, Street Food",300," Sarjapur Road, Bangalore",3.7,12.92745132,77.66941208
Gowdru Mane,"Andhra, North Indian, Chinese",300," New BEL Road, Bangalore",3.7,13.06943449,77.56298438
Dine In,"Kerala, South Indian, North Indian, Chinese",400," Brigade Road, Bangalore",3.7,12.96901438,77.60950159
Peachy's Cafe,"Cafe, Pasta",450," Sarjapur Road, Bangalore",3.7,12.881444,77.758625
Mallu In Me By Big Pitcher,Kerala,400," Old Airport Road, Bangalore",3.7,12.96014595,77.64722317
Mayura Vybhava,"South Indian, North Indian, Chinese, Street Food",250," Whitefield, Bangalore",3.7,12.976934,77.725144
Chole Kullche,North Indian,400," BTM, Bangalore",3.7,12.906022,77.607403
Sri Sagar Veg,"South Indian, Chinese",200," Banaswadi, Bangalore",3.7,13.02655161,77.66073111
Roti Land,"Chinese, North Indian, South Indian",400," Kengeri, Bangalore",3.7,12.93356624,77.49152798
Hangout Cafe,"Cafe, Beverages, Mughlai, Fast Food",300," HBR Layout, Bangalore",3.7,13.03946759,77.62947869
Kuteera Cafe,"Cafe, Fast Food, Beverages",400," KR Puram, Bangalore",3.7,13.0487856,77.761025
Hotel Fish Land,"Mangalorean, Chinese",400," Hebbal, Bangalore",3.7,13.02732217,77.58597493
E2P Pizza & Burger,"Italian, Fast Food, Pizza, Sandwich, Burger, Desserts, Beverages",500," Vijay Nagar, Bangalore",3.7,12.96678938,77.5436547
New Select Hotel,"South Indian, Kebab",300," Richmond Road, Bangalore",3.7,12.9643314,77.60632552
Doctor Juice,"Beverages, Healthy Food, Salad",400," Indiranagar, Bangalore",3.7,12.971523,77.634606
Amadora Gourmet Ice Cream & Sorbet,"Desserts, Ice Cream",500," Forum Shantiniketan Mall, Whitefield, Bangalore",3.7,12.9892,77.7279
BBQ Ride 46,BBQ,200," BTM, Bangalore",3.7,12.91302691,77.6100501
Namaste Cafe,"South Indian, Chinese",200," Basaveshwara Nagar, Bangalore",3.7,12.99547759,77.53906846
The Krishna Grand,"North Indian, South Indian",400," New BEL Road, Bangalore",3.7,13.07237575,77.55662285
Pizza 99,Pizza,300," Kanakapura Road, Bangalore",3.7,12.88587873,77.54537601
Lassi Bistro,"Beverages, Ice Cream, Fast Food",200," Rajajinagar, Bangalore",3.7,12.99683008,77.55131878
Hangout Cafe,"Fast Food, Italian, Beverages",400," Kalyan Nagar, Bangalore",3.7,13.01972723,77.64191279
Ram Prasad Veg,South Indian,200," Shivajinagar, Bangalore",3.7,12.98404256,77.60295566
Aalohi Restaurant,"Chinese, North Indian, Assamese, South Indian",600," Whitefield, Bangalore",3.7,12.96735592,77.7539067
Udupi Holige Mane,South Indian,100," Basavanagudi, Bangalore",3.7,12.9395464,77.57207371
Gourmet Kitchen,"Chinese, North Indian, Biryani",400," HSR, Bangalore",3.7,12.90866021,77.64148023
Food Thread,"North Indian, Fast Food, Street Food, Tea, Beverages",400," Koramangala 5th Block, Bangalore",3.7,12.93302903,77.62322947
Sri Prasanna Military Hotel,South Indian,250," Magadi Road, Bangalore",3.7,12.97565821,77.56034508
Taran Sagar,"North Indian, Chinese",300," Rajajinagar, Bangalore",3.7,13.01945867,77.53921162
Annapoorneshwari Iyer Mess,South Indian,200," New BEL Road, Bangalore",3.7,13.0742765,77.5574738
Nalanda Multicuisine Restaurant,"Chinese, Andhra, Chettinad, Fast Food",600," HSR, Bangalore",3.7,12.91586447,77.65115798
Kerala Kitchen,"South Indian, Kerala, Chinese",300," Frazer Town, Bangalore",3.7,13.00339249,77.62276948
Basava's Foods,"South Indian, Street Food",250," Malleshwaram, Bangalore",3.7,12.999358,77.572123
Jwala Indian & Chinese Fast Food,"North Indian, Chinese",200," Kalyan Nagar, Bangalore",3.7,13.03105768,77.65342411
New Kabab Zone,"North Indian, Chinese, BBQ, Fast Food, Rolls, Kebab",600," Bommanahalli, Bangalore",3.7,12.89937459,77.6293895
Green Hyderabad Biryani House,"Biryani, Hyderabadi, Andhra, North Indian",800," Whitefield, Bangalore",3.7,12.98830732,77.72984829
Shimmer - Taj Yeshwantpur,"Chinese, Japanese",1500," Taj Yeshwantpur, Bangalore",3.7,13.02879992,77.54041962
Sunshine Restaurant,"South Indian, North Indian, Mughlai, Andhra, Chinese, Kebab, Biryani",500," Whitefield, Bangalore",3.7,13.0165479,77.7619719
Bamboo House,"Biryani, Chinese, North Indian",600," Hesaraghatta, Bangalore",3.7,13.07937606,77.49690983
Highland Nectar - ITC Gardenia,"Continental, South Indian",2500," ITC Gardenia, Bangalore",3.7,12.96721869,77.59556182
Al Ameen Rolls Corner,"Rolls, Fast Food",200," Kammanahalli, Bangalore",3.7,13.01572037,77.63949975
Doon Food Court,"North Indian, Chinese, Kebab, Biryani, Rolls",400," Jalahalli, Bangalore",3.7,13.06375206,77.50368241
Magix's Paratha Roll,"Fast Food, Chinese, Mughlai, Rolls",400," BTM, Bangalore",3.7,12.916721,77.60366678
Dum Biryani Hub,"Biryani, North Indian, Chinese",450," BTM, Bangalore",3.7,12.9230901,77.6128443
Ammus Restaurant,"North Indian, Fast Food, Kebab, Rolls, Beverages",300," BTM, Bangalore",3.7,12.93294898,77.61039712
KBC - Kebab Biryani Curry,"North Indian, Chinese, Kebab, Biryani",400," KR Puram, Bangalore",3.7,13.00314323,77.71271333
KBC - Kebab Biryani Curry,"North Indian, Chinese, Kebab, Biryani",400," KR Puram, Bangalore",3.7,13.00314323,77.71271333
Kaka Food Corner,North Indian,300," Whitefield, Bangalore",3.7,12.967461,77.70392
Aaharaa,"South Indian, Chinese, North Indian",300," Rammurthy Nagar, Bangalore",3.7,13.02072642,77.68540006
Mayonaise,"Fast Food, Pizza, Beverages",500," Banaswadi, Bangalore",3.7,13.02348567,77.65817296
Krun Tummy,"North Indian, Chinese",300," Electronic City, Bangalore",3.7,12.849009,77.654979
Ambur Dum Biriyani,Biryani,200," Bellandur, Bangalore",3.7,12.93155366,77.68472817
Delhi 6,"North Indian, Chinese",250," BTM, Bangalore",3.7,12.90739973,77.60618404
Biryani Nights,"Biryani, North Indian, Chinese",400," BTM, Bangalore",3.7,12.92049607,77.61059359
Sweet Chills,"Desserts, Ice Cream, Beverages, Bakery, Fast Food",500," Vijay Nagar, Bangalore",3.7,12.96004989,77.52685033
Shruti Delicacy,"South Indian, North Indian, Chinese, Beverages",350," Koramangala 8th Block, Bangalore",3.7,12.94360116,77.62113735
Crunchie Corner,"Fast Food, Continental, Desserts",450," Brookefield, Bangalore",3.7,12.96447875,77.71567952
Sri Gurudev Darshini,"South Indian, Chinese",300," HSR, Bangalore",3.7,12.90933636,77.63913363
Khana Khazana,North Indian,300," Electronic City, Bangalore",3.7,12.828286,77.670723
Maddy's Cafe,"Fast Food, Pasta",600," Hennur, Bangalore",3.7,13.05810184,77.64369372
Chatter Platter,"North Indian, Chinese, Fast Food",300," BTM, Bangalore",3.7,12.9090161,77.61400703
Raghavendra Bakery,Bakery,200," BTM, Bangalore",3.7,12.92455507,77.61505812
K R Catering Services,"South Indian, Rolls, Biryani, Beverages",300," Whitefield, Bangalore",3.7,12.974569,77.75526
Bachelor's Special Biriyani,"North Indian, Biryani, South Indian, Chinese, Fast Food",450," Electronic City, Bangalore",3.7,12.832784,77.646847
Sardaar Ka Chulla,"North Indian, Mughlai",450," Kadubeesanahalli, Bangalore",3.7,12.9352148,77.6949675
Food Empire,"North Indian, Seafood",400," Rajajinagar, Bangalore",3.7,12.98195165,77.54752345
NoName Restaurant,"North Indian, Chinese, Fast Food, Biryani",400," Rammurthy Nagar, Bangalore",3.7,13.02262331,77.68990081
Sasu Maa Ki Rasoi,"North Indian, Chinese",300," Sarjapur Road, Bangalore",3.7,12.883967,77.68233
Fritz Haber,"Ice Cream, Desserts, Fast Food, Beverages",400," Koramangala 8th Block, Bangalore",3.7,12.94440923,77.61738695
New Ambur Hot Dum Biryani,Biryani,150," Sahakara Nagar, Bangalore",3.7,13.06297639,77.59238005
Foodishq,North Indian,450," Whitefield, Bangalore",3.7,12.98952675,77.68811035
Krussh,"Beverages, Juices, Fast Food, Desserts",200," Kammanahalli, Bangalore",3.7,13.02296793,77.63685208
Cafe Salutare,"Healthy Food, Sandwich, Salad, Beverages, Juices",400," HSR, Bangalore",3.7,12.89812975,77.63838496
Meet Punjabi Restaurant,"North Indian, Chinese, Street Food",300," Jalahalli, Bangalore",3.7,13.04095931,77.5175273
The Taste Of North,"North Indian, Chinese",400," Nagawara, Bangalore",3.7,13.04003004,77.6223705
Cafe Chaippu,"Kerala, Coffee",150," Sarjapur Road, Bangalore",3.7,12.90358818,77.67622355
Sandwich Souk,"Chinese, Sandwich, Burger, Rolls, Lebanese, Italian, Beverages, Juices",200," Bommanahalli, Bangalore",3.7,12.91177887,77.62434963
Sri Maruthi Fast Food,South Indian,100," Jalahalli, Bangalore",3.7,13.0634137,77.53050819
Idly Paradise,"South Indian, Beverages",250," Whitefield, Bangalore",3.7,12.96883925,77.76706897
Sultan’s Creams & Faloodas,"Ice Cream, Desserts, Fast Food, Beverages",250," RT Nagar, Bangalore",3.7,13.02313615,77.59456303
Om Sweets & Namkeens,"North Indian, Street Food",200," Electronic City, Bangalore",3.7,12.85016024,77.65692908
Tumbowls,"North Indian, Biryani",350," Bellandur, Bangalore",3.7,12.922315,77.676139
Tumbowls,"North Indian, Biryani",350," Bellandur, Bangalore",3.7,12.922315,77.676139
Ohh Bangalore,"Chinese, North Indian, Street Food, Rolls, Fast Food",300," Rajarajeshwari Nagar, Bangalore",3.7,12.91718406,77.49981366
Srushti Coffee,South Indian,300," Malleshwaram, Bangalore",3.7,13.00769023,77.56407402
Brindavan Coffee Katte,"South Indian, Chinese, Beverages",200," Kumaraswamy Layout, Bangalore",3.7,12.929627,77.534911
I Cake,"Bakery, Beverages, Fast Food",250," Malleshwaram, Bangalore",3.7,13.00815966,77.57120937
Mr. Chaiwala,"Tea, Fast Food",100," Kalyan Nagar, Bangalore",3.7,13.021438,77.6404288
Udupi Ahara,"South Indian, North Indian, Chinese",250," Rajajinagar, Bangalore",3.7,13.00855526,77.54341867
Thayee Touch,"Chinese, North Indian",400," JP Nagar, Bangalore",3.7,12.90557288,77.58548878
Cafe Oleiva,"Italian, Continental, Chinese, Biryani, Bakery, Beverages",500," Jeevan Bhima Nagar, Bangalore",3.7,12.96412131,77.65658174
MKS Shalimar,"Biryani, South Indian, Kerala, Chinese",550," KR Puram, Bangalore",3.7,13.01649848,77.71727342
Sash Cafe,"Fast Food, Beverages",600," Hennur, Bangalore",3.7,13.06978525,77.6520079
Magic Fill,"North Indian, Chinese, Mughlai",300," Basavanagudi, Bangalore",3.7,12.93971402,77.57987894
Hotel Avakaay,"North Indian, Biryani, Andhra, Chinese",500," Electronic City, Bangalore",3.7,12.85083851,77.65716746
Hotel Akshaya,"Andhra, North Indian, South Indian",350," Vijay Nagar, Bangalore",3.7,12.95820383,77.53503107
Midnight Dine Out,"North Indian, Chinese, Fast Food",500," Marathahalli, Bangalore",3.7,12.99665138,77.68686321
Organa,"Fast Food, Ice Cream, Beverages",200," Brookefield, Bangalore",3.7,12.96710891,77.71865979
The Cake Lair,"Bakery, Fast Food, Beverages, Pasta",600," BTM, Bangalore",3.7,12.92292115,77.6141559
Limra Hotel,"Chinese, North Indian",300," BTM, Bangalore",3.7,12.905467,77.60911837
The Taste Of Tandoori,"North Indian, Chinese",350," Electronic City, Bangalore",3.7,12.84771092,77.6725677
Ajji Mane Badoota,"Biryani, South Indian",200," Kanakapura Road, Bangalore",3.7,12.87612258,77.56694902
The Malgudi Days,"North Indian, Chinese",350," BTM, Bangalore",3.7,12.9135597,77.6050041
Swiss Bakery Cafe - Gokulam Grand Hotel & Spa,"Cafe, Bakery",400," Gokulam Grand Hotel & Spa, New BEL Road, Bangalore",3.7,13.04253594,77.55496725
Coffee Thindi,South Indian,150," Kalyan Nagar, Bangalore",3.7,13.019821,77.647496
New Karavali Restaurant,"North Indian, Seafood, Mangalorean, Chinese",450," Yeshwantpur, Bangalore",3.7,13.01965858,77.55809538
Hotel Rhythms,"North Indian, South Indian, Fast Food, Street Food",150," Marathahalli, Bangalore",3.7,12.9516301,77.7168617
Garden City Mobile Biryani,Biryani,300," Majestic, Bangalore",3.7,12.97433632,77.57046405
Royal Dine Family Restaurant,Chinese,350," BTM, Bangalore",3.7,12.90931349,77.61135031
Kabab Rolls,"Chinese, Rolls",300," Vijay Nagar, Bangalore",3.7,12.96154078,77.52630986
Chutney Sauce,"North Indian, Chinese, South Indian",350," Old Airport Road, Bangalore",3.7,12.95898833,77.64552534
Venky's Kitchens,"Beverages, South Indian, Chinese, Continental, Fast Food",300," BTM, Bangalore",3.7,12.914642,77.616253
Thindi Cafe,"South Indian, Fast Food, Street Food, Beverages",200," Banaswadi, Bangalore",3.7,13.0295672,77.66579144
Green Donne Biriyani And Kabab Center,"Biryani, Mangalorean",200," Malleshwaram, Bangalore",3.7,12.99909663,77.57806275
Big Boss Combo,"North Indian, Chinese",300," Jalahalli, Bangalore",3.7,13.03523115,77.56446831
Dhadoom,Fast Food,500," Koramangala 1st Block, Bangalore",3.7,12.926378,77.633553
Canara Coastal Restaurant,"Seafood, North Indian, Chinese",400," RT Nagar, Bangalore",3.7,13.03235999,77.60826509
Club Pizza 360,"Pizza, Fast Food",500," Sahakara Nagar, Bangalore",3.7,13.05825044,77.5861533
Annur Bismillah Star Biryani,"North Indian, Biryani",200," Whitefield, Bangalore",3.7,12.99686406,77.6911772
Hunger Monks,"Beverages, Desserts, Ice Cream, Fast Food, Momos",400," CV Raman Nagar, Bangalore",3.7,12.9923566,77.663953
Hotel Al Zaika,"North Indian, Chinese, Arabian, Biryani",400," HSR, Bangalore",3.7,12.92300252,77.64984202
Onix Cafe,"Fast Food, Beverages",400," Shivajinagar, Bangalore",3.7,12.99294476,77.60697126
Graffiters Food Hub,"Fast Food, Mughlai, Biryani, Beverages",200," Indiranagar, Bangalore",3.7,12.969886,77.650715
B COOL CAFE,"Fast Food, Beverages",300," Yelahanka, Bangalore",3.7,13.10296955,77.57176157
Rajaram Bakery,"Bakery, Street Food",150," City Market, Bangalore",3.7,12.96512829,77.57527057
Vani Hindu Military Hotel,South Indian,250," Indiranagar, Bangalore",3.7,12.97845259,77.62944851
Eat Point,"North Indian, Mughlai",400," Thippasandra, Bangalore",3.7,12.9715994,77.65199617
Dream Scoopers,"Ice Cream, Desserts",200," Kalyan Nagar, Bangalore",3.7,13.0211465,77.64198516
Bottle And Kullad,"Beverages, Desserts, Juices",300," Brookefield, Bangalore",3.7,12.96422717,77.71502607
Adithya Mess,"Chinese, North Indian, Biryani",300," Bannerghatta Road, Bangalore",3.7,12.86540444,77.59909831
Lakshmi Mess,South Indian,150," Malleshwaram, Bangalore",3.7,12.99627765,77.5711336
Ahmed's Chicken Biryani And Kabab Center,"Biryani, Chinese",200," BTM, Bangalore",3.7,12.9171708,77.6056189
House Of Belgian,Desserts,300," Banashankari, Bangalore",3.7,12.93881543,77.56363079
Kemcho,"Street Food, South Indian",200," HBR Layout, Bangalore",3.7,13.019849,77.641104
Midnight Biryani,"Biryani, South Indian",300," BTM, Bangalore",3.7,12.909182,77.608317
Cafemoon,"South Indian, Fast Food, Beverages",250," Koramangala 7th Block, Bangalore",3.7,12.933168,77.610871
Mangalore Chef,"Mangalorean, Chinese, Seafood",400," BTM, Bangalore",3.7,12.90665788,77.61125542
Roshe Boshe,"North Indian, Chinese, Bengali",350," KR Puram, Bangalore",3.7,13.022155,77.706102
Srivari Mess,"Andhra, South Indian",300," BTM, Bangalore",3.7,12.911875,77.606456
Roll & Rolls,"Rolls, Sandwich",200," Sarjapur Road, Bangalore",3.7,12.913052,77.679806
Kaapi Right,"Cafe, Street Food, Beverages, Desserts",300," Indiranagar, Bangalore",3.7,12.982351,77.639197
My Paratha,North Indian,200," Marathahalli, Bangalore",3.7,12.93662578,77.70070139
Andhra Bites,"Andhra, Chinese, Arabian, North Indian",450," Electronic City, Bangalore",3.7,12.862158,77.654519
Shanthi's Kitchen,South Indian,100," Marathahalli, Bangalore",3.7,12.95000715,77.70080633
Sera's Cuisine,"South Indian, Biryani, Fast Food",250," Koramangala 8th Block, Bangalore",3.7,12.9403728,77.6182929
Chokhi Chai,"Mithai, Street Food",300," BTM, Bangalore",3.7,12.922251,77.610552
Aadvik's Kitchen,"Chinese, North Indian, South Indian",300," Bommanahalli, Bangalore",3.7,12.89029191,77.64593337
Shapana Dhaba,"North Indian, Chinese",400," Bommanahalli, Bangalore",3.7,12.916823,77.605161
Khamoshh,North Indian,400," Varthur Main Road, Whitefield, Bangalore",3.7,12.94690955,77.71460194
Sreenidhi Family Restaurant ,"Chinese, North Indian, Mughlai, Seafood",600," CV Raman Nagar, Bangalore",3.7,12.97520735,77.66633056
I Love My Breakfast,"Street Food, Fast Food, Beverages",200," Whitefield, Bangalore",3.7,12.983204,77.706052
The Culinarian,"Asian, Chinese, Desserts, Biryani",600," Hennur, Bangalore",3.7,13.05590736,77.64476191
Mirchi Malabari,"South Indian, North Indian, Kerala, Biryani",400," Electronic City, Bangalore",3.7,12.84416225,77.66561811
Xpress Chai,"Tea, Beverages, Fast Food",300," Koramangala 5th Block, Bangalore",3.7,12.93472007,77.61680424
Sri Sai Juice Bangarpet Chats,"Beverages, Street Food",200," Yelahanka, Bangalore",3.7,13.09342505,77.58282635
Chinese Bowl,"Chinese, Thai",300," HBR Layout, Bangalore",3.7,13.036906,77.640812
Spices - The Taste of Hyderabad,"North Indian, Chinese",350," RT Nagar, Bangalore",3.7,13.03033743,77.60123033
Barrack 'O' Biriyani,"Biryani, Kebab",300," Electronic City, Bangalore",3.7,12.846472,77.682516
Fujian Express,"Thai, Chinese",600," Jakkur, Bangalore",3.7,13.089144,77.635394
Chicken World,"North Indian, Chinese, Fast Food, Beverages",500," Hesaraghatta, Bangalore",3.7,13.08966371,77.48613607
Bake N Joy,"Bakery, Desserts, Beverages, Fast Food",250," Kammanahalli, Bangalore",3.7,13.02278827,77.6370519
Halli Mane Food Court,South Indian,100," Frazer Town, Bangalore",3.7,12.99324728,77.59826582
Biryani Magic,"Biryani, North Indian",550," Jakkur, Bangalore",3.7,13.070988,77.633719
Mr. Delicious,"Chinese, North Indian, Mughlai",400," Whitefield, Bangalore",3.7,12.98873331,77.71848077
Sri Sai Durga 99 Variety Dosa,South Indian,250," HBR Layout, Bangalore",3.7,13.018304,77.653644
Siridhanya Upahara Darshini,South Indian,150," Frazer Town, Bangalore",3.7,12.99565237,77.60822285
Hotel Shreekshetra,"North Indian, Chinese",300," Sarjapur Road, Bangalore",3.7,12.91327005,77.67876193
Spice Mystery,Fast Food,150," BTM, Bangalore",3.7,12.92601,77.615448
Bhojana Restaurant,"North Indian, Chinese, Rolls",300," Whitefield, Bangalore",3.7,12.99078989,77.72157166
Bengaluru Tiffin's,South Indian,200," Vijay Nagar, Bangalore",3.7,12.96866151,77.50029378
Bismilla Vaniyambadi Biriyani,"Biryani, Kerala, Chinese",250," Domlur, Bangalore",3.7,12.96032697,77.63740629
New Mathura Grand,"South Indian, North Indian, Chinese, Beverages, Juices",300," Majestic, Bangalore",3.7,12.97843691,77.57952858
Tasty Corner,South Indian,200," New BEL Road, Bangalore",3.7,13.03211828,77.56718472
Single Teas,"Beverages, North Indian",200," Bannerghatta Road, Bangalore",3.7,12.89198094,77.60148849
Mandya Gowdru Hotel,South Indian,300," Brookefield, Bangalore",3.7,12.95919515,77.71632392
Naga's,"Andhra, Biryani, North Indian",400," Jakkur, Bangalore",3.7,13.08959,77.635422
Lassi And Juice,"Beverages, Ice Cream, Juices, Desserts",200," Shivajinagar, Bangalore",3.7,12.98550946,77.6054528
Chai Era,"Tea, Beverages, Fast Food",200," Kadubeesanahalli, Bangalore",3.7,12.93568567,77.69493431
Chai Era,"Tea, Beverages, Fast Food",200," Kadubeesanahalli, Bangalore",3.7,12.93568567,77.69493431
Basawa Hotel,South Indian,250," BTM, Bangalore",3.7,12.91417625,77.61314236
301 Baker Street,"Fast Food, Italian, Beverages, Desserts",400," Residency Road, Bangalore",3.7,12.9685367,77.60127693
Veggie Planet Restaurant,"North Indian, Biryani, Fast Food",300," Indiranagar, Bangalore",3.7,12.9684978,77.6407888
Golden Paradise,"North Indian, Chinese",300," Whitefield, Bangalore",3.7,12.96812601,77.75599882
Rao Kebab Biryani House,"Biryani, North Indian, Maharashtrian",400," Rajajinagar, Bangalore",3.7,12.99844456,77.55467255
Crazy Hunger,"Fast Food, Chinese, Beverages",300," Thippasandra, Bangalore",3.7,12.9747898,77.67872237
Phulka Ghar,North Indian,200," Koramangala 7th Block, Bangalore",3.7,12.935462,77.607733
Aryans Kitchen,"South Indian, North Indian, Chinese",300," BTM, Bangalore",3.7,12.91299692,77.61482522
Caferia,"Fast Food, Street Food",200," Frazer Town, Bangalore",3.7,13.00156961,77.59489026
Game Of Hungers,"North Indian, Chinese",300," Bellandur, Bangalore",3.7,12.920203,77.676913
Dakkhan Bistro,"South Indian, Street Food, Beverages",250," Whitefield, Bangalore",3.7,12.95874,77.732049
London Bubble Co.,"Desserts, Beverages",400," Sarjapur Road, Bangalore",3.7,12.91520043,77.71756478
Nagsuu,Chinese,200," Seshadripuram, Bangalore",3.7,12.98946119,77.5758288
Vetha Kitchen,"South Indian, Chinese, Fast Food, Beverages",250," Rammurthy Nagar, Bangalore",3.7,13.01177916,77.6732292
Deli Counter - Gateway Hotel,"Bakery, Desserts",500," The Gateway Hotel, Residency Road, Bangalore",3.7,12.97240346,77.60864597
Bombay Kulfis,"Desserts, Ice Cream",200," HSR, Bangalore",3.7,12.8987922,77.65834797
Hot Pot Cafe,"Chinese, Fast Food",400," Yelahanka, Bangalore",3.7,13.12239474,77.63019685
Aromaa Bowl,"Chinese, North Indian, Fast Food, Seafood, Mughlai",400," Marathahalli, Bangalore",3.7,12.95753794,77.71517996
The Lassi Junction,"Beverages, Fast Food, Ice Cream",250," Kammanahalli, Bangalore",3.7,13.01476554,77.63408471
Dumbo's Kitchen,Chinese,200," Bommanahalli, Bangalore",3.7,12.88180047,77.64770094
Nandhi Delicious Food Center,"South Indian, Chinese",300," Ulsoor, Bangalore",3.7,12.97404946,77.62252338
Juicy Bites Cafe,"Fast Food, Sandwich, Beverages",200," Jayanagar, Bangalore",3.7,12.92176368,77.58512769
Ambur Hot Dum Biriyani,"Biryani, South Indian",200," Banaswadi, Bangalore",3.7,13.00723746,77.64069568
Holly Pipe Cafe,"Cafe, Beverages, Fast Food",400," Yelahanka, Bangalore",3.7,13.122209,77.630094
K Kitchen,"Street Food, North Indian",200," Kanakapura Road, Bangalore",3.7,12.82188426,77.51457453
The Cafe Aside,"Cafe, Fast Food, Beverages",400," Whitefield, Bangalore",3.7,13.010127,77.758939
Urban Theory,"North Indian, Chinese",450," Sarjapur Road, Bangalore",3.7,12.915463,77.717262
Jack & Jo Resto,"North Indian, Chinese, Biryani, Chettinad",400," Marathahalli, Bangalore",3.7,12.94765203,77.70521036
Pancharangi Cafe,"Fast Food, Beverages",200," Koramangala 1st Block, Bangalore",3.7,12.9180811,77.63055995
Cheers Life,"Beverages, Juices",300," Varthur Main Road, Whitefield, Bangalore",3.7,12.95973263,77.7478506
Flavours Of Champaran,"North Indian, Fast Food, Chinese",300," New BEL Road, Bangalore",3.7,13.03246779,77.5667445
Zuma's Spice Corner,"North Indian, Chinese, Fast Food",400," Frazer Town, Bangalore",3.7,13.0016405,77.59498414
Food Castle,"Biryani, Chinese, Fast Food, North Indian, Beverages, South Indian, Kebab, Desserts",550," Nagawara, Bangalore",3.7,13.0412957,77.6222511
BBQ Garage,"BBQ, Rolls",400," Brookefield, Bangalore",3.7,12.9634025,77.71074425
Frisyken's,Fast Food,300," Hesaraghatta, Bangalore",3.7,13.0511362,77.50789851
Curry Flavours,"South Indian, North Indian, Chinese",400," Kadubeesanahalli, Bangalore",3.7,12.93739466,77.6935761
Blends And Wraps,Fast Food,150," BTM, Bangalore",3.7,12.92139,77.611545
Andhra Bites,Andhra,300," Electronic City, Bangalore",3.7,12.86212568,77.65450907
Grace Hotel,South Indian,200," Bommasandra, Bangalore",3.7,12.79789795,77.71757483
Soul Indian Specialty - Svenska Design Hotel,"North Indian, Kebab, Mughlai, Desserts",2000," Svenska Design Hotel, Electronic City, Bangalore",3.7,12.83926055,77.65925758
Rannaghar,"Bengali, Chinese",600," Kaggadasapura, Bangalore",3.7,12.972333,77.6785
Donne Biryani Mane,"Biryani, South Indian",400," Whitefield, Bangalore",3.7,12.96790972,77.74860766
Sri Rajasthani Foods,"Rajasthani, Chinese",200," JP Nagar, Bangalore",3.7,12.89977735,77.58549327
KOTI  Andhra Cuisine,"Andhra, Chinese, Biryani",400," Rajarajeshwari Nagar, Bangalore",3.7,12.91554487,77.50046041
Viceroy's Sarathi,"North Indian, Chinese, Mughlai",750," Indiranagar, Bangalore",3.7,12.97913378,77.64239553
Akshara,"North Indian, South Indian, Chinese",700," Bommasandra, Bangalore",3.7,12.82394872,77.68478934
Venadu Restaurant,Kerala,700," Electronic City, Bangalore",3.7,12.83859,77.622529
Venadu Restaurant,Kerala,700," Electronic City, Bangalore",3.7,12.83859,77.622529
Pallavi North Indian Veg Restaurant,"North Indian, Chinese",500," JP Nagar, Bangalore",3.7,12.90590949,77.59013236
The Ghee Spot,North Indian,400," Brookefield, Bangalore",3.7,12.953727,77.719529
Punjabi Tandoor,"North Indian, Chinese, BBQ, Mughlai, Continental, Desserts, Beverages",700," Kaggadasapura, Bangalore",3.7,12.97409847,77.67176539
Xian,"Chinese, Thai",800," Ulsoor, Bangalore",3.7,12.97763665,77.61896122
Hotel Fish Land,"South Indian, North Indian, Seafood",600," RT Nagar, Bangalore",3.7,13.02736463,77.58598734
The Farm House Bar n Grill,"North Indian, Continental",800," Whitefield, Bangalore",3.7,12.97751,77.713368
99 Variety Dosa & Pav Bhaji,"South Indian, Street Food",200," Kalyan Nagar, Bangalore",3.7,13.026086,77.636972
21 C - La Marvella Sarovar Premiere Hotel,"Continental, Bar Food",2000," La Marvella Hotel, Bangalore",3.7,12.93635881,77.58080699
Gourmet,"North Indian, Chinese, Continental, South Indian",800," Electronic City, Bangalore",3.7,12.821793,77.6592496
The SPR Cafe,"Chinese, Continental, Italian, Fast Food, Beverages",500," Rajarajeshwari Nagar, Bangalore",3.7,12.91983073,77.51392644
DIBL Bistro,"Desserts, Beverages, Sandwich",400," Nagarbhavi, Bangalore",3.7,12.95714324,77.51859784
Spectrum - The Zinc,"North Indian, Italian, Thai",1200," Whitefield, Bangalore",3.7,12.977776,77.757143
Dot.yum - Aloft Hotel,"North Indian, Continental, BBQ, Desserts, Beverages",2000," Aloft Hotel, Whitefield, Bangalore",3.7,12.99021948,77.73332812
Basmati Bar & Restaurant,"North Indian, Chinese, Mughlai, Biryani, Desserts, Beverages",800," Marathahalli, Bangalore",3.7,12.94093546,77.6962563
Alpha - House of Biryani & Tandoor,"Biryani, North Indian, Chinese",800," Whitefield, Bangalore",3.7,12.980216,77.757187
Melange - Hotel Ekaa,"North Indian, Chinese, Continental, Mangalorean",900," Hotel Ekaa, Electronic City, Bangalore",3.7,12.890011,77.6397
Andhra Spice,"North Indian, Andhra, BBQ, Seafood, Chinese",800," Brookefield, Bangalore",3.7,12.96005479,77.71625351
Hyderabad Biryani,"North Indian, Chinese, Biryani",600," Whitefield, Bangalore",3.7,12.99601859,77.69425403
Brundhavana Pure Veg,"South Indian, North Indian, Chinese, Beverages",500," JP Nagar, Bangalore",3.7,12.87298844,77.58365516
Dilli Darbar,"North Indian, Chinese, Biryani, Mughlai",600," Whitefield, Bangalore",3.7,12.9803139,77.7577114
Boss N Dine,"North Indian, Chinese, Seafood, Afghan",650," Nagarbhavi, Bangalore",3.7,12.95683741,77.51860086
Hotel Empark,"South Indian, North Indian, Chinese, Mughlai, Beverages",800," Wilson Garden, Bangalore",3.7,12.94539276,77.59528086
Terrace Lounge,"North Indian, Chinese, Seafood, Mangalorean, Desserts",1800," Bannerghatta Road, Bangalore",3.7,12.87957699,77.60979429
Shaan-E-Panjab,"North Indian, Biryani, Fast Food, Beverages",650," Sarjapur Road, Bangalore",3.7,12.9201012,77.6759124
Donne Biriyani House,"Biryani, South Indian",400," BTM, Bangalore",3.7,12.91983,77.613
Silver Owl Resto Bar,"Chinese, North Indian",700," Hebbal, Bangalore",3.7,13.04974416,77.59731263
The Grill House,"Chinese, Momos, Rolls, Kebab, Fast Food",300," BTM, Bangalore",3.7,12.9136198,77.60409766
Purple Bar,"Bar Food, Continental, North Indian, Italian, Beverages",1700," JP Cordial Hotel, Race Course Road, Bangalore",3.7,12.97920043,77.57508449
Kattappa,"North Indian, Chinese, Beverages",600," BTM, Bangalore",3.7,12.9163744,77.6056012
Linnet Bar & Restaurant,Finger Food,800," Banashankari, Bangalore",3.7,12.9230316,77.55579405
Vrindaj,"North Indian, Mughlai, Chinese, Biryani, Fast Food",300," Marathahalli, Bangalore",3.7,12.9714184,77.69415513
Paradigm Shift Organica,"Continental, Bakery, Desserts, Beverages",1200," HSR, Bangalore",3.7,12.91193671,77.64112182
S.K Green Gardens,"North Indian, Chinese, Seafood, South Indian",550," Bommasandra, Bangalore",3.7,12.78641171,77.74583794
The Hub & The Bar - Hotel Ramada Encore,"North Indian, Continental, Chinese, European, South Indian, Beverages",1700," Domlur, Bangalore",3.7,12.95540857,77.64106482
Swarna Fine Dine,"North Indian, Chinese, Seafood, Mughlai, Desserts, Beverages",900," Nagarbhavi, Bangalore",3.7,12.96700175,77.5053608
Swarna Fine Dine,"North Indian, Chinese, Seafood, Mughlai, Desserts, Beverages",900," Nagarbhavi, Bangalore",3.7,12.96700175,77.5053608
Delight Food,"Andhra, Chinese, Biryani",450," BTM, Bangalore",3.7,12.90892557,77.60264754
Mast Biryani - Fresh Indian Kitchen,"Biryani, North Indian, Mughlai, Fast Food",500," Kadubeesanahalli, Bangalore",3.7,12.94130012,77.69662678
Indus Family Restaurant,"North Indian, Biryani, Chinese",600," BTM, Bangalore",3.7,12.91772752,77.61258312
Ember Grill,"North Indian, Chinese",550," Yelahanka, Bangalore",3.7,13.11405884,77.578968
Tayo Restaurant,"North Indian, Chinese, Mughlai",650," Electronic City, Bangalore",3.7,12.8366094,77.679414
Biryani Paradise,"Biryani, North Indian, Chinese",600," Whitefield, Bangalore",3.7,12.97977022,77.75245294
Swathi Restaurant - The Vintage Inn,"Chinese, North Indian, Seafood",900," Electronic City, Bangalore",3.7,12.87082698,77.65929177
The Chilli Gully,"Chinese, Malwani",600," Sarjapur Road, Bangalore",3.7,12.913683,77.6663
Chicken Darbar,North Indian,200," BTM, Bangalore",3.7,12.91682949,77.60512792
Estate - Bar and Kitchen,"South Indian, Seafood, North Indian",1000," Malleshwaram, Bangalore",3.7,12.994278,77.571234
A1 Garam Masala,"North Indian, Andhra, Chinese",500," Kanakapura Road, Bangalore",3.7,12.88340296,77.56637435
Chamudeshwari Bhavan,"North Indian, South Indian, Chinese",600," Majestic, Bangalore",3.7,12.97606661,77.5757869
Memes  And Memories,"North Indian, Chinese",200," HSR, Bangalore",3.7,12.91262854,77.65221309
Food Portal,"North Indian, Chinese",300," BTM, Bangalore",3.7,12.907141,77.607164
Shoiab Family Restaurant,"North Indian, South Indian, Chinese",600," Electronic City, Bangalore",3.7,12.838075,77.645586
Lima Resto Cafe,"Kerala, North Indian, Chinese, Beverages",600," Yelahanka, Bangalore",3.7,13.12228535,77.63086673
Snacks Express,"Fast Food, Street Food, Beverages",300," BTM, Bangalore",3.7,12.9162,77.6058
Sizzling Tawa,"Chinese, North Indian, Seafood, Fast Food, Beverages, Ice Cream",500," Electronic City, Bangalore",3.7,12.827643,77.66355
Silver Star,"South Indian, Chinese, North Indian, Salad, Beverages",600," Majestic, Bangalore",3.7,12.97888744,77.57916782
SV Restaurant,"Andhra, North Indian, Chinese, Biryani",550," Whitefield, Bangalore",3.7,12.98227443,77.76151713
Nawabi Kitchen,"North Indian, Chinese, Mughlai, Beverages",1100," Jalahalli, Bangalore",3.7,13.04368468,77.51156677
Madrasi Biryani,"South Indian, Biryani",650," Electronic City, Bangalore",3.7,12.8414,77.74735
Wimpie Cafe & Restaurant,"North Indian, Mughlai, Biryani",600," BTM, Bangalore",3.7,12.9192891,77.616082
Donne Biryani Palace,"Biryani, South Indian",300," Vijay Nagar, Bangalore",3.7,12.97219142,77.53855515
Butterly,"Cafe, Chinese, Fast Food, Street Food, Beverages",600," Bannerghatta Road, Bangalore",3.7,12.86161513,77.60013297
Tai Chi,"Chinese, Beverages",900," Sarjapur Road, Bangalore",3.7,12.863547,77.771146
Bay Leaves,"North Indian, Hyderabadi, Continental, Italian, Chinese",1000," Whitefield, Bangalore",3.7,12.9837072,77.7530044
Savitha Family Restaurant,"North Indian, Chinese, Seafood, Beverages, Desserts, Mughlai",500," Koramangala 4th Block, Bangalore",3.7,12.93554646,77.62866396
Mamatha Restaurant,"Biryani, Hyderabadi, North Indian, Chinese, Andhra, Seafood",600," Bommanahalli, Bangalore",3.7,12.892077,77.6265803
Soul Curry Restaurant,"Chinese, North Indian",650," Electronic City, Bangalore",3.7,12.78901661,77.70435054
Mesa Deli - Svenska Design Hotel,"North Indian, Italian",600," Svenska Design Hotel, Electronic City, Bangalore",3.7,12.83926316,77.65925355
Bhavya Military Hotel,"South Indian, North Indian",300," Bannerghatta Road, Bangalore",3.7,12.8586972,77.58771703
Mr.Idli Sweets & Chats,"Chinese, North Indian, Desserts, Beverages, Street Food",350," Sarjapur Road, Bangalore",3.7,12.879042,77.761739
Hotel Udupi Garden,"South Indian, North Indian, Chinese, Beverages, Street Food, Desserts",400," Sanjay Nagar, Bangalore",3.7,13.0388002,77.5717487
Straight Up,"Fast Food, Finger Food, North Indian, Beverages",1500," Hennur, Bangalore",3.7,13.06984502,77.65187144
Straight Up,"Fast Food, Finger Food, North Indian, Beverages",1500," Hennur, Bangalore",3.7,13.06984502,77.65187144
Kabab Korner,"North Indian, Chinese, Mughlai",650," St. Marks Road, Bangalore",3.7,12.97200453,77.60100402
Ghar Ka Khana,North Indian,200," BTM, Bangalore",3.7,12.914274,77.612181
Royal Ritaj Hyderbad Restaurant,"Hyderabadi, Chinese, Mughlai, Biryani",500," Hebbal, Bangalore",3.7,13.05087491,77.60127828
New Biryani Mane,"Biryani, North Indian, Chinese, Mangalorean, Kebab, Seafood",500," Uttarahalli, Bangalore",3.7,12.91073246,77.55125709
SFC Kabab Corner,"Chinese, North Indian, Mughlai",350," Bommasandra, Bangalore",3.7,12.80697743,77.698218
Just Cake,"Bakery, Desserts, Street Food, Fast Food, Chinese, Beverages, Pizza, Sandwich",300," Magadi Road, Bangalore",3.7,13.00020218,77.48683964
Udupi Upachar,"South Indian, North Indian, Chinese, Street Food, Beverages",300," JP Nagar, Bangalore",3.7,12.90334764,77.59180438
Cool Joint,"Beverages, Juices, Street Food, Chinese, Sandwich, Ice Cream, Desserts",300," Nagarbhavi, Bangalore",3.7,12.96707559,77.50377797
Your Cafe,"Chinese, North Indian, Bakery, Fast Food",500," Basavanagudi, Bangalore",3.7,12.94271957,77.54646029
Dwaraka Grand,"South Indian, Chinese, Street Food",300," Kumaraswamy Layout, Bangalore",3.7,12.90948538,77.56557774
Alfhams N Kabab,"North Indian, Mughlai, Chinese, Ice Cream, Beverages, Kebab",300," Banaswadi, Bangalore",3.7,13.02787779,77.66468871
Sannidhi Grand,"South Indian, North Indian, Street Food, Chinese",300," Kammanahalli, Bangalore",3.7,13.01518824,77.63151482
The 4th Meal,"North Indian, Chinese",350," Rajarajeshwari Nagar, Bangalore",3.7,12.9152952,77.5009365
Happy Hours,"Fast Food, Ice Cream, Beverages",300," Seshadripuram, Bangalore",3.7,12.98668297,77.57935759
Sri  Udupi Vaibhav,"South Indian, North Indian, Chinese, Beverages",350," Indiranagar, Bangalore",3.7,12.978708,77.63938
Nalukettu,"South Indian, Biryani, Chinese, Kerala, Fast Food, Beverages",350," Kumaraswamy Layout, Bangalore",3.7,12.90919584,77.56535444
The London Shakes And Cafe,"Beverages, Fast Food, Pizza, Desserts, Pasta",400," Bommasandra, Bangalore",3.7,12.77682664,77.77638361
Terminal Square,"North Indian, Chinese, Lebanese, Beverages",550," Nagarbhavi, Bangalore",3.7,12.96023156,77.50553817
Marmali Kitchen,"North Indian, Chinese",300," Bommasandra, Bangalore",3.7,12.8251061,77.6858517
Sahithya Foodies,"Chinese, Momos",350," Vijay Nagar, Bangalore",3.7,12.97501687,77.53094673
New Krishna Sagar,"South Indian, North Indian, Chinese",300," CV Raman Nagar, Bangalore",3.7,12.99300683,77.66378514
The Burger Shop,"Fast Food, Burger, Beverages, Ice Cream",300," Yelahanka, Bangalore",3.7,13.104435,77.607878
Tiwari's Cafe,"North Indian, Street Food, Fast Food, Beverages",350," Whitefield, Bangalore",3.7,13.0000201,77.7514993
Tiwari's Cafe,"North Indian, Street Food, Fast Food, Beverages",350," Whitefield, Bangalore",3.7,13.0000201,77.7514993
Lassi Paradise,"Beverages, Desserts, Fast Food",200," Electronic City, Bangalore",3.7,12.849032,77.655104
Desi Golden Restaurant,"Chinese, North Indian",350," Electronic City, Bangalore",3.7,12.84921785,77.67417736
Malabar Cafe,"Kerala, North Indian, Chinese, South Indian",300," BTM, Bangalore",3.7,12.930908,77.6062125
Fishing Boat,"Kerala, South Indian, North Indian, Chinese, Seafood",300," New BEL Road, Bangalore",3.7,13.03024662,77.56215859
Mulabagilu Dosa,South Indian,200," Uttarahalli, Bangalore",3.7,12.92006439,77.53938027
Jaishree Pavilion,"North Indian, South Indian, Chinese",700," Thippasandra, Bangalore",3.7,12.97242437,77.65132058
Four Seasons Fast Food Center,"Biryani, Kebab, South Indian",200," Malleshwaram, Bangalore",3.7,13.00820376,77.5707591
Amigo's Chef,"Chinese, Fast Food, BBQ, Lebanese, Beverages",400," Marathahalli, Bangalore",3.7,12.97421054,77.69359924
Kerala Pavilion,"Kerala, South Indian, Chinese",400," Domlur, Bangalore",3.7,12.96033154,77.63717294
New Punjabi Hotel,"North Indian, Chinese",400," Indiranagar, Bangalore",3.7,12.97268966,77.64684465
Nepali Momo Corner,"Chinese, Momos",300," Jalahalli, Bangalore",3.7,13.0655895,77.50076953
Purnabramha Maharashtrian Restaurant,"Maharashtrian, Beverages",800," HSR, Bangalore",3.7,12.91268116,77.64446452
BISO - Citrus Hotels,"South Indian, Chinese, Continental",700," Citrus Hotels, Cunningham Road, Bangalore",3.7,12.98631151,77.59551253
Ayda Persian Kitchen,"North Indian, Iranian, Biryani, Kebab, Mughlai, Beverages",950," Church Street, Bangalore",3.7,12.97434547,77.60722574
Taj Dum Biriyani,"Biryani, Chinese, North Indian",300," Kengeri, Bangalore",3.7,12.91036546,77.48430144
The Illusion Cafe,"Continental, Fast Food, Chinese, Street Food, Beverages",400," Rajajinagar, Bangalore",3.6,12.99730508,77.54815679
Stonny Brook,"Thai, Japanese, Indonesian, Chinese, Italian, North Indian, Desserts, Beverages",1500," Rajarajeshwari Nagar, Bangalore",3.6,12.90501764,77.50466444
BumbleBee Brauhaus,"German, Continental, North Indian, Desserts, Chinese",1500," Indiranagar, Bangalore",3.6,12.969203,77.641463
Plan B X Hangover,"Continental, North Indian, Chinese, Asian, Finger Food, BBQ",1700," HSR, Bangalore",3.6,12.91202037,77.6506782
Socialize,"Cafe, Italian, Continental, Healthy Food, Fast Food, Beverages, Desserts",700," Basaveshwara Nagar, Bangalore",3.6,12.99220415,77.539161
Maven Kitchen,"Chinese, North Eastern, Beverages",500," Ejipura, Bangalore",3.6,12.95059039,77.6235899
Shiva's Military Hotel,"Biryani, South Indian",300," Seshadripuram, Bangalore",3.6,12.99681,77.58029
Hot Crunch,Fast Food,250," BTM, Bangalore",3.6,12.93544554,77.60773902
AGS Grand,"Biryani, South Indian, Chinese, North Indian, Fast Food",400," Marathahalli, Bangalore",3.6,12.95790944,77.70279653
Zamin's Hotel,"North Indian, Chinese",350," Koramangala 1st Block, Bangalore",3.6,12.929667,77.634028
MH10 Maharashtrian Cuisine,"Maharashtrian, Street Food, Seafood, Desserts, Beverages",750," Jayanagar, Bangalore",3.6,12.91642067,77.58584987
Bon Viveur Cakes & Cafe,"Bakery, Fast Food, Beverages",350," BTM, Bangalore",3.6,12.9088499,77.6064627
Shiv Durga Paratha & Fast Food,"Chinese, North Indian",200," Electronic City, Bangalore",3.6,12.853764,77.66420557
Flour Power,"Bakery, Desserts, Continental",1200," Lavelle Road, Bangalore",3.6,12.97463233,77.59941917
Go Italia,"Italian, Fast Food, Continental, Pizza, Sandwich, Pasta, Burger, Beverages",450," HSR, Bangalore",3.6,12.91101252,77.63513278
Delhi Chat,Street Food,150," BTM, Bangalore",3.6,12.90826739,77.60631077
Marwadi Chaat & Tiffin Services,"North Indian, Street Food, Chinese, Beverages",250," Shanti Nagar, Bangalore",3.6,12.96025378,77.59813406
Unlocked Rasoi,"North Indian, Chinese, Mughlai, Biryani, Rolls",550," Brookefield, Bangalore",3.6,12.96463297,77.71643791
JK Biryani House,"North Indian, Biryani",300," Sarjapur Road, Bangalore",3.6,12.86236195,77.77231233
Biryanis,"Chinese, Kebab, Biryani, North Indian, Seafood, Andhra",600," HSR, Bangalore",3.6,12.90923309,77.64007241
Biryanis,"Chinese, Kebab, Biryani, North Indian, Seafood, Andhra",600," HSR, Bangalore",3.6,12.90923309,77.64007241
Wowfillzz,"Ice Cream, Desserts, Beverages",300," Jayanagar, Bangalore",3.6,12.91739746,77.59325512
Pastries Park,Bakery,400," Malleshwaram, Bangalore",3.6,13.00419857,77.57130575
Yash Cafe,"Chinese, Fast Food, Desserts, Beverages",300," Jakkur, Bangalore",3.6,13.117694,77.633278
Annapoorna Andhra Spices,"Andhra, Biryani, North Indian, Chinese",350," Brookefield, Bangalore",3.6,12.96580527,77.71430656
Dum Chai,"Fast Food, Juices, Beverages, Ice Cream",350," Bannerghatta Road, Bangalore",3.6,12.89127042,77.59631552
Rajasthani Dhaba,"Rajasthani, North Indian",400," Shanti Nagar, Bangalore",3.6,12.96030998,77.5981649
The Café By Foodhall,"Cafe, Healthy Food, Asian, Continental, Rolls, Beverages",1200," 1 MG Road Mall, MG Road, Bangalore",3.6,12.97361,77.620757
The Bel Resto Cafe,"North Indian, Chinese, Biryani, Andhra, Sandwich",700," Sanjay Nagar, Bangalore",3.6,13.02783141,77.5734869
New Gowda's Fried Chicken,"Biryani, North Indian",350," Banashankari, Bangalore",3.6,12.95153927,77.54610758
Emperor Fast Food,Chinese,350," Bommanahalli, Bangalore",3.6,12.8811382,77.6493839
Melting Cheese,"Pizza, Sandwich, Fast Food",350," Basavanagudi, Bangalore",3.6,12.95490441,77.56524984
Shivanna Donne Biryani,"Biryani, South Indian",450," Yelahanka, Bangalore",3.6,13.0974633,77.5839847
Hasanambe Benne Dose,South Indian,200," Rajajinagar, Bangalore",3.6,12.98209773,77.55391173
New Gongura's,"Andhra, North Indian, Chinese, Mughlai",550," BTM, Bangalore",3.6,12.91444717,77.61002027
Nandanam Restaurant,"Kerala, South Indian, Chinese",400," Electronic City, Bangalore",3.6,12.85079765,77.66401514
Malenadu Silver Spoons,"Chinese, North Indian, Biryani, Desserts",400," Sahakara Nagar, Bangalore",3.6,13.0597368,77.5812529
The Orgablend Juicery,Beverages,200," Koramangala 1st Block, Bangalore",3.6,12.928869,77.635397
Salasar Balaji Restaurant,"North Indian, Rajasthani, Street Food, Beverages",350," Shanti Nagar, Bangalore",3.6,12.96032076,77.5981525
Freshfuelz,"Continental, North Indian, Chinese, Burger, Sandwich, Pizza, Juices, Beverages",300," Kanakapura Road, Bangalore",3.6,12.89397685,77.55618196
Taj Hotel,"Mughlai, Chinese, South Indian",500," Shivajinagar, Bangalore",3.6,12.98509357,77.60700144
Jagli Tindi ,"South Indian, Beverages",100," Banashankari, Bangalore",3.6,12.92487597,77.55100697
Hotel Savaji's,"South Indian, North Indian",300," Rajajinagar, Bangalore",3.6,12.99709502,77.55026501
Al Zara Mandi Arabian Restaurant,Arabian,900," Frazer Town, Bangalore",3.6,13.00079538,77.61434667
Sri Krishna Sagar,"South Indian, North Indian, Chinese, Street Food",300," Koramangala 6th Block, Bangalore",3.6,12.93726428,77.62463193
Siddu's Chats Centre,Street Food,100," Yelahanka, Bangalore",3.6,13.10219988,77.56693896
Bia Blasta,"North Indian, Kerala, Chinese, Beverages",400," HSR, Bangalore",3.6,12.88485,77.67243
Gelato Factory,"Desserts, Ice Cream",200," HSR, Bangalore",3.6,12.9186824,77.65173465
Coco Dot Nuts,"Beverages, Ice Cream, Desserts",200," Jayanagar, Bangalore",3.6,12.92729839,77.5854405
Shetty Lunch Home,"Mangalorean, Seafood, North Indian, Chinese, Mughlai, Street Food, Beverages",1300," Jayanagar, Bangalore",3.6,12.92096469,77.58368433
Donne Biryani Hatti,"Biryani, South Indian",350," Vasanth Nagar, Bangalore",3.6,12.99229203,77.59344656
Amiel Gourmet,"Continental, Fast Food, Beverages, Pasta",700," Sahakara Nagar, Bangalore",3.6,13.060145,77.581356
Janani Fast Food,"South Indian, Chinese",350," Yelahanka, Bangalore",3.6,13.121372,77.614695
Kadavu Shappu Currys,"Kerala, Chinese, Arabian, North Indian, Biryani, Beverages",400," HSR, Bangalore",3.6,12.91055426,77.64426639
Supista Pizzeria,"Pizza, Fast Food, Beverages",450," Magadi Road, Bangalore",3.6,12.98341333,77.48587288
Tasty Food,"Chinese, North Indian, Fast Food",300," Yeshwantpur, Bangalore",3.6,13.03118441,77.56227963
Dal Roti,"North Indian, Chinese",300," JP Nagar, Bangalore",3.6,12.91396514,77.5861533
Bready Steady Go,"Fast Food, Italian, Pizza, Street Food, Beverages",300," Jayanagar, Bangalore",3.6,12.92408907,77.58602154
Hotel N.G.T Non-Veg,"South Indian, Mangalorean, Biryani",400," Rajarajeshwari Nagar, Bangalore",3.6,12.91485599,77.51968917
Sri Manjunatha Grand,"South Indian, North Indian, Chinese, Ice Cream, Desserts",300," RT Nagar, Bangalore",3.6,13.03503026,77.60461159
Nati Style Biryani Grand Family Resturant,"South Indian, Biryani, Mughlai",400," Jayanagar, Bangalore",3.6,12.9194729,77.59505186
The Grill Theory,"Lebanese, BBQ, Fast Food, Beverages",250," Sarjapur Road, Bangalore",3.6,12.898582,77.7025
Indian Haveli,North Indian,700," Sarjapur Road, Bangalore",3.6,12.88676019,77.74366368
Ganache - The Ritz-Carlton,"Ice Cream, Bakery, Fast Food, Tea, Beverages",600," The Ritz-Carlton, Bangalore",3.6,12.9672501,77.6016758
Tikka Kebab,"Kebab, North Indian, Chinese",350," Electronic City, Bangalore",3.6,12.83529693,77.68111121
Sri Mast Chats,"Street Food, Fast Food",150," New BEL Road, Bangalore",3.6,13.0654478,77.5525881
Hotel Karavali,"Chinese, Malwani, North Indian",400," Magadi Road, Bangalore",3.6,12.98574893,77.48650655
Prashanth Gowdru Badoota,"South Indian, North Indian",450," Bannerghatta Road, Bangalore",3.6,12.8824937,77.59545453
Prashanth Gowdru Badoota,"South Indian, North Indian",450," Bannerghatta Road, Bangalore",3.6,12.8824937,77.59545453
Muzaffarpur Rasoi,"North Indian, Chinese",200," Koramangala 1st Block, Bangalore",3.6,12.92455605,77.63670623
A1 Ambur Dum Biryani And Parota Centre,South Indian,300," Basaveshwara Nagar, Bangalore",3.6,13.00089992,77.54110627
Mangalore Lunch Home,"Mangalorean, Biryani",300," Malleshwaram, Bangalore",3.6,13.00797083,77.57129751
Food Vibes,"Bakery, Fast Food, Street Food, Chinese, Beverages",400," Marathahalli, Bangalore",3.6,12.95761603,77.7006625
Alfresco by Bene -Sheraton Grand Bangalore Hotel at Brigade Gateway,BBQ,2300," Sheraton Grand Bangalore Hotel at Brigade Gateway, Bangalore",3.6,13.01202482,77.55443316
Kashi Food Corner,"North Indian, Street Food, South Indian",250," Electronic City, Bangalore",3.6,12.84897857,77.65505489
Image,"North Indian, South Indian, Chinese",250," BTM, Bangalore",3.6,12.909182,77.608317
Bengaluru Box,"North Indian, Chinese, Mughlai, Street Food",800," BTM, Bangalore",3.6,12.8934261,77.6117905
Kalm Downn Bistro Lounge,"North Indian, Chinese, Fast Food, Sandwich, Pizza, Beverages",600," Nagarbhavi, Bangalore",3.6,12.96725267,77.50174116
Asha Sweets Centre,"Mithai, Street Food",300," JP Nagar, Bangalore",3.6,12.91311972,77.58596286
Fabcafe By Fabindia,"North Indian, Sandwich, Wraps, Street Food, Desserts, Healthy Food, Beverages",1000," Sarjapur Road, Bangalore",3.6,12.917914,77.671152
Shanthi Sagar Grand,"South Indian, Chinese, North Indian, Biryani, Street Food, Ice Cream, Beverages",500," Malleshwaram, Bangalore",3.6,13.00416844,77.57125494
The Courtyard,"Continental, Sandwich, Fast Food, Beverages",1000," Shanti Nagar, Bangalore",3.6,12.95841882,77.59287994
Baisakhi,"North Indian, Beverages, Desserts, Chinese",900," Basavanagudi, Bangalore",3.6,12.94608744,77.57013515
TLP Cafe,"Cafe, Italian",400," Malleshwaram, Bangalore",3.6,13.006917,77.56443277
Naati Sogadu,"North Indian, Chinese",500," Sahakara Nagar, Bangalore",3.6,13.059386,77.592482
New Shanthi Upahar,"South Indian, North Indian, Chinese, Street Food, Beverages, Desserts, Juices",350," Jayanagar, Bangalore",3.6,12.92314827,77.58961502
Addiction,"American, Italian, Mexican, Goan",400," Vijay Nagar, Bangalore",3.6,12.95861944,77.53353607
Donne Biriyani Palace,"Biryani, North Indian",300," JP Nagar, Bangalore",3.6,12.91282168,77.58612178
ROYCE' Chocolate,Desserts,1000," JW Marriott Bengaluru, Lavelle Road, Bangalore",3.6,12.9715674,77.5963484
Punjabi Restaurant Pure Veg,"North Indian, Chinese",300," Electronic City, Bangalore",3.6,12.84759782,77.64999792
Bhukti Family Restaurant,"Andhra, Chinese, North Indian",800," International Airport, Bangalore",3.6,13.2780896,77.7213829
Cafe Olive Planet,"Cafe, Continental",650," Yelahanka, Bangalore",3.6,13.12074319,77.63147727
Cafe Olive Planet,"Cafe, Continental",650," Yelahanka, Bangalore",3.6,13.12074319,77.63147727
Udupi Vaibhav,"North Indian, South Indian, Chinese, Biryani",350," KR Puram, Bangalore",3.6,13.018156,77.705316
Sri Krishna Sagar,"South Indian, North Indian, Chinese, Fast Food",450," BTM, Bangalore",3.6,12.91393769,77.60621052
MBR Dum Biryani County,Chinese,300," Bommasandra, Bangalore",3.6,12.80899919,77.69649602
Far & East - Four Seasons Hotel,"Asian, Chinese, Japanese, Thai",4000," Four Seasons Hotel, RT Nagar, Bangalore",3.6,13.01941294,77.58521821
G. Pulla Reddy Sweets,"Mithai, Street Food",250," Indiranagar, Bangalore",3.6,12.97290366,77.6358952
VFC Food Palace,"North Indian, Chinese, South Indian, Rolls, Arabian, Biryani, Seafood",500," RT Nagar, Bangalore",3.6,13.023763,77.5927864
Karavali Grand,"Mangalorean, South Indian, North Indian",400," Vijay Nagar, Bangalore",3.6,12.95866878,77.52528325
The Whiskey Bar - Radisson Blu Atria,"Finger Food, North Indian",2600," Radisson Blu Atria, Bangalore",3.6,12.98023316,77.58612949
Hatti Punjab Di,"North Indian, Chinese, Fast Food",600," Electronic City, Bangalore",3.6,12.83729101,77.64549013
Tadka Punjabi Restaurant,"North Indian, Chinese",600," Whitefield, Bangalore",3.6,12.981469,77.752335
Delhi Base,"North Indian, Chinese, Beverages, Street Food",300," Electronic City, Bangalore",3.6,12.853054,77.675491
JK Fish Land,"North Indian, Seafood",350," Jayanagar, Bangalore",3.6,12.92958484,77.5728891
Madhappa Hindu Military Hotel,South Indian,300," Banashankari, Bangalore",3.6,12.93333555,77.54587758
MK Green Chilly's,"Biryani, Chinese, Andhra",400," Yelahanka, Bangalore",3.6,13.12168847,77.63054989
Amma Pastries Karnataka,"Bakery, Desserts, Fast Food",200," Nagarbhavi, Bangalore",3.6,12.9788922,77.50783453
Cafe Hops,"Desserts, Bakery",300," JP Nagar, Bangalore",3.6,12.89355198,77.57828169
Hotel Naveena Mane Beegara Oota,South Indian,300," Banashankari, Bangalore",3.6,12.9344564,77.5371351
Dessert Crunch,"Desserts, Beverages, Fast Food",300," Kanakapura Road, Bangalore",3.6,12.8832647,77.54905164
Zaiqa - The Taste,"North Indian, Chinese, Kebab, Mughlai",500," Richmond Road, Bangalore",3.6,12.95813587,77.61586245
The Pulkawala,North Indian,200," Lavelle Road, Bangalore",3.6,12.975068,77.596815
Smileys Resto Cafe,"Fast Food, Continental, Beverages",500," Ulsoor, Bangalore",3.6,12.99076538,77.61942543
Families Food Court,"North Indian, Chinese, Biryani, Mughlai, Rolls",400," HSR, Bangalore",3.6,12.900537,77.651642
Parallel Corner,"Chinese, Fast Food, North Indian, Beverages, Desserts",500," Jakkur, Bangalore",3.6,13.084761,77.634851
Kadamba Foodline,"Chinese, North Indian, South Indian",300," Ulsoor, Bangalore",3.6,12.97135175,77.6276236
Lazy Bear,"North Indian, Chinese, Odia, Healthy Food",350," HSR, Bangalore",3.6,12.89876965,77.65838888
Z Cafe,"Chinese, Fast Food, Beverages",300," Electronic City, Bangalore",3.6,12.85346693,77.66350619
Indian Home Food,"North Indian, Chinese",500," Jayanagar, Bangalore",3.6,12.92644026,77.5780708
The Chunkies,"Desserts, Fast Food, Beverages",250," HSR, Bangalore",3.6,12.9119256,77.64243979
Siro's Grillhouse,"Fast Food, Lebanese, Biryani, Italian, Beverages",600," HSR, Bangalore",3.6,12.90552876,77.64632631
Sri Renuka Tiffanies,South Indian,100," Mysore Road, Bangalore",3.6,12.79672944,77.38363948
Paratha House,"North Indian, Chinese, Mughlai",550," Electronic City, Bangalore",3.6,12.84899557,77.6551481
Burgers Kingdom,"Burger, Fast Food",200," Sahakara Nagar, Bangalore",3.6,13.05742,77.590745
Gobi Mane,Chinese,150," Jalahalli, Bangalore",3.6,13.04624803,77.50951387
IndiWok,"Chinese, Asian, Desserts",500," Jeevan Bhima Nagar, Bangalore",3.6,12.96808484,77.65201695
RK Donne Biriyani Mane,"Biryani, Chinese, North Indian",300," Rajajinagar, Bangalore",3.6,12.98218263,77.55991191
Tasty Food Court- TFC,"Fast Food, Pizza, Beverages",500," Varthur Main Road, Whitefield, Bangalore",3.6,12.94220361,77.74368782
Grubon,"Chinese, North Indian, Mughlai, Biryani, Momos",500," CV Raman Nagar, Bangalore",3.6,12.977426,77.665545
RK Garden Family Restaurant,"Andhra, Chinese, North Indian, South Indian",600," Bommasandra, Bangalore",3.6,12.78368484,77.75710791
Village Restaurant,"Arabian, Kerala, Beverages, Ice Cream",900," Electronic City, Bangalore",3.6,12.84022325,77.65340667
Sri Saravana Bhavan,South Indian,200," Commercial Street, Bangalore",3.6,12.9826655,77.60945365
Hotel Salala,"North Indian, South Indian, Chinese, Kebab, Biryani, Beverages",500," Old Airport Road, Bangalore",3.6,12.95890697,77.65526578
Veruthe Oru Thattukada,"Kerala, South Indian",300," Bannerghatta Road, Bangalore",3.6,12.87610134,77.61733331
Aditya Delights,"Chinese, North Indian, Mangalorean",550," New BEL Road, Bangalore",3.6,13.06945703,77.55510941
TSK - The Sacred Kitchen,"North Indian, Mughlai, Chinese, Biryani",500," Whitefield, Bangalore",3.6,12.99223069,77.72141603
THE BEL ST.,"Cafe, Italian, American, Continental",1100," New BEL Road, Bangalore",3.6,13.03016855,77.57056028
Jyothi Pork  Hotel,"South Indian, North Indian",500," BTM, Bangalore",3.6,12.92872444,77.6093125
The Lobby Lounge - Shangri-La Hotel,"Cafe, South Indian, Street Food, Fast Food, Italian, Beverages",2400," Shangri-La Hotel, Vasanth Nagar , Bangalore",3.6,12.99222309,77.58845966
The Lobby Lounge - Shangri-La Hotel,"Cafe, South Indian, Street Food, Fast Food, Italian, Beverages",2400," Shangri-La Hotel, Vasanth Nagar , Bangalore",3.6,12.99222309,77.58845966
Udupi Navarasa,"South Indian, North Indian, Chinese, Street Food, Beverages",350," Bommanahalli, Bangalore",3.6,12.90337216,77.63133042
Sri Krishna Cake Palace,"Bakery, Street Food, Chinese",250," Jalahalli, Bangalore",3.6,13.04896322,77.51491785
Ragi Nadu,"South Indian, Mughlai, Chinese, North Indian",450," Bommasandra, Bangalore",3.6,12.7924454,77.70635884
Lemon Rice,South Indian,100," Ulsoor, Bangalore",3.6,12.9840357,77.61419646
The Adukkala Restaurant,"Kerala, Beverages",600," Brigade Road, Bangalore",3.6,12.97081102,77.60667622
Gangotree,"Street Food, Fast Food, Beverages",150," Race Course Road, Bangalore",3.6,12.98495243,77.58794602
Sri Krishna Bhavan Sweets,"Mithai, Street Food, Beverages, Desserts, Ice Cream, Juices",250," Sanjay Nagar, Bangalore",3.6,13.03837239,77.57412024
Udupi Kitchen,"South Indian, North Indian, Chinese, Beverages",350," Electronic City, Bangalore",3.6,12.847212,77.680228
Curry Point,North Indian,350," Whitefield, Bangalore",3.6,13.00534667,77.75262695
Cafe Mist,"Italian, American, Continental",500," JP Nagar, Bangalore",3.6,12.91681185,77.59322058
Zephyr,"Italian, Continental, Fast Food, North Indian, Chinese, Beverages",650," Basavanagudi, Bangalore",3.6,12.94826002,77.56890468
Royal Taste The Family Restaurant,"North Indian, Mughlai, Chinese",400," HBR Layout, Bangalore",3.6,13.02607927,77.62514926
Halli Mane Badoota Hotel - Nati Style,South Indian,300," Electronic City, Bangalore",3.6,12.88570289,77.6493096
Bikaner Sweets,"Mithai, Street Food",150," Sahakara Nagar, Bangalore",3.6,13.06398035,77.58677624
Retreat Restaurant,"Chinese, North Indian, South Indian, Fast Food, Beverages",400," RT Nagar, Bangalore",3.6,13.00674582,77.59363163
Theeram Restaurant,"North Indian, Kerala, Biryani",400," Sarjapur Road, Bangalore",3.6,12.90474214,77.70447895
Bangarpet Chats,Street Food,150," Magadi Road, Bangalore",3.6,12.98272594,77.48555537
Bismillah Star Biryani,"Chinese, North Indian, Fast Food, Mughlai",300," Jalahalli, Bangalore",3.6,13.05647566,77.53277432
Pure & Natural,"Healthy Food, Beverages, Fast Food, Italian, Juices, Salad",500," Jayanagar, Bangalore",3.6,12.9243407,77.57805437
Satkriti Saatvik,"North Indian, Chinese, South Indian, Beverages",500," Jayanagar, Bangalore",3.6,12.92434952,77.57801816
Middle East Restaurant,"Arabian, Mughlai, North Indian, South Indian, Chinese, Beverages",750," Kalyan Nagar, Bangalore",3.6,13.02229339,77.63817642
Ambur Dum Biryani,"Biryani, North Indian, Chinese, Mughlai",300," Rajarajeshwari Nagar, Bangalore",3.6,12.91653636,77.50014793
Kabab Palace,"North Indian, Chinese, Mughlai",400," Rajajinagar, Bangalore",3.6,12.97855191,77.55327679
Cafe Kanthari,"Kerala, Fast Food",350," Bommanahalli, Bangalore",3.6,12.88767564,77.62540843
New Prashanth,"Biryani, South Indian",400," Sahakara Nagar, Bangalore",3.6,13.05878183,77.59249605
Mizo Dawr,North Eastern,300," Kammanahalli, Bangalore",3.6,13.0141354,77.63916649
Hotel Kanchan's Fish & Chicken,"Chinese, North Indian, Seafood, Biryani",450," Shivajinagar, Bangalore",3.6,12.98216074,77.60305993
New Taj Restaurant,"North Indian, Mughlai",300," Frazer Town, Bangalore",3.6,12.99924919,77.61591844
Häagen Dazs,"Ice Cream, Desserts, Cafe, Beverages",800," Koramangala 7th Block, Bangalore",3.6,12.93467399,77.61143547
The Sky Lounge - Tamarind Hospitality,"North Indian, Chinese, Continental",1200," Tamarind Hospitality, Bangalore",3.6,13.01217149,77.64763389
Late Night,"North Indian, Chinese",400," Kumaraswamy Layout, Bangalore",3.6,12.90915662,77.56533433
Udupi Park Inn,"South Indian, Street Food, Chinese, Juices, Beverages",300," Hebbal, Bangalore",3.6,13.03491104,77.58924086
Gowdara Hatti,"South Indian, Biryani",300," Malleshwaram, Bangalore",3.6,13.00913902,77.56303936
Gulbarga Refreshment,South Indian,300," Rajajinagar, Bangalore",3.6,12.99305877,77.5550618
Halli Mane Rotti,South Indian,150," Indiranagar, Bangalore",3.6,12.97906877,77.64173102
Halli Mane Rotti,South Indian,150," Indiranagar, Bangalore",3.6,12.97906877,77.64173102
Street 55#,"North Indian, Chinese",400," Nagarbhavi, Bangalore",3.6,12.96349791,77.50500474
Cake Of The Day,"Bakery, Desserts",400," Banashankari, Bangalore",3.6,12.92288226,77.55639084
Nandini Swadista Loka,"North Indian, Chinese, South Indian, Ice Cream, Desserts, Juices, Beverages",400," Rajajinagar, Bangalore",3.6,13.01239656,77.55241815
Dharwad Line Bazaar Mishra Pedha,Mithai,150," Banashankari, Bangalore",3.6,12.91567755,77.55679116
Chef Master,"Biryani, Seafood, Kerala, North Indian, South Indian, Chinese",500," Jayanagar, Bangalore",3.6,12.92374236,77.59715371
Sri Banashankari Donne Biriyani,"Biryani, South Indian, Seafood",300," Banaswadi, Bangalore",3.6,13.0144196,77.64849354
New Udupi Delicacy,"South Indian, North Indian, Chinese",300," Whitefield, Bangalore",3.5,12.98009991,77.72724878
Fish Corner,"North Indian, Chinese, Seafood, Fast Food, Beverages",400," Yeshwantpur, Bangalore",3.6,13.02833935,77.56180555
Food Palace,"North Indian, Chinese, Arabian, South Indian",400," Kengeri, Bangalore",3.6,12.92302507,77.48456396
Chefkraft,"Healthy Food, Salad, Continental, Desserts",500," HSR, Bangalore",3.6,12.91882161,77.64925294
Karnataka Biryani Point,Biryani,250," Rajajinagar, Bangalore",3.6,13.0011446,77.53706116
Lahe Lahe Santhe,"Cafe, Beverages",300," Indiranagar, Bangalore",3.6,12.96675344,77.6483658
Chennupati Canteen,"South Indian, Chinese",300," KR Puram, Bangalore",3.6,13.036415,77.737023
Om Sai Skanda Dosa Camp,South Indian,150," Indiranagar, Bangalore",3.6,12.97982706,77.63917923
Sri Jayalakshmi Bakery,"Bakery, Fast Food, Desserts",200," Shanti Nagar, Bangalore",3.6,12.96223999,77.58955266
The Kerala Central,"Kerala, South Indian, Italian",800," HSR, Bangalore",3.6,12.91576872,77.65154321
South Junction Restaurant,"Kerala, Biryani, South Indian",500," Yelahanka, Bangalore",3.6,13.12278081,77.6302014
Delhi Food Point,"North Indian, Beverages",250," Koramangala 1st Block, Bangalore",3.6,12.9271314,77.63774425
Absolute Chinese,"Chinese, Asian, Continental, Thai",450," Rajajinagar, Bangalore",3.6,13.0073188,77.55451966
Donne Biriyani Angadi Mane,"South Indian, Biryani",250," Rajajinagar, Bangalore",3.6,12.98995028,77.55344812
Namma Madurai,South Indian,200," Thippasandra, Bangalore",3.6,12.9716667,77.65071742
Adda - The Restaurant,"North Indian, Seafood, Chinese, Biryani",500," Bommanahalli, Bangalore",3.6,12.89462755,77.62030922
Udupi Upachar,"South Indian, North Indian, Chinese, Street Food, Beverages",500," Banashankari, Bangalore",3.6,12.92081012,77.56935127
Udupi Upachar,"South Indian, North Indian, Chinese, Street Food, Beverages",500," Banashankari, Bangalore",3.6,12.92081012,77.56935127
Boston Barista - Kappayum Curriyum,Kerala,400," BTM, Bangalore",3.6,12.92042287,77.61080615
Bangalore Tiffins,South Indian,100," Jakkur, Bangalore",3.6,13.071444,77.618366
Tarbouche,"Rolls, Middle Eastern, Lebanese",300," BTM, Bangalore",3.6,12.90828144,77.60639157
Mandara Grand,"North Indian, South Indian, Chinese",300," Rajarajeshwari Nagar, Bangalore",3.6,12.92239829,77.52070505
Calcutta Famous Chats,"Street Food, North Indian",100," Indiranagar, Bangalore",3.6,12.9782497,77.63307218
Ruchi Restaurant,"Kerala, North Indian",300," Jalahalli, Bangalore",3.6,13.04577377,77.52263658
Maria Restaurant,"South Indian, Kerala",300," Jakkur, Bangalore",3.6,13.08543499,77.6348317
Akshay Dum Biriyani,"Biryani, South Indian",450," Jalahalli, Bangalore",3.6,13.03863533,77.50452865
New Udupi Upahar,"South Indian, North Indian, Chinese, Street Food, Beverages",400," Jayanagar, Bangalore",3.6,12.91899383,77.58367695
Delhi Chats,North Indian,300," Rajarajeshwari Nagar, Bangalore",3.6,12.916954,77.52671421
Al Fanar,"Biryani, North Indian, Chinese",350," RT Nagar, Bangalore",3.6,13.02420006,77.59727675
Ambur Biryani Point,"Biryani, Fast Food",300," KR Puram, Bangalore",3.6,13.0561177,77.6473186
Arabian Mexico  Family Restaurant,"North Indian, Chinese, Fast Food, Desserts, Beverages",500," Jakkur, Bangalore",3.6,13.08485271,77.63475224
Bharathi Refreshments,South Indian,100," Wilson Garden, Bangalore",3.6,12.94936868,77.59705078
HP Dhaba,"North Indian, Chinese, Fast Food, Beverages",450," Hesaraghatta, Bangalore",3.6,13.09411017,77.48823289
Iyengar Tiffany's,South Indian,200," Vijay Nagar, Bangalore",3.6,12.96084647,77.52819445
Agarwal Mithai,"Street Food, North Indian, Beverages, Desserts",400," Electronic City, Bangalore",3.6,12.83518252,77.69351341
Chocs Cafe,"Desserts, Lebanese, Sandwich, Kerala, Juices, Beverages, Fast Food",550," RT Nagar, Bangalore",3.6,13.02632524,77.60913279
Hyderabadi Bawarchi,"Andhra, North Indian, Chinese, Seafood, BBQ, Hyderabadi",600," HBR Layout, Bangalore",3.6,13.03213723,77.63564508
The French Corner,"Bakery, Desserts, Beverages",300," Kalyan Nagar, Bangalore",3.6,13.02101715,77.65164379
Kottaram Restaurant,"Kerala, Chinese, North Indian, South Indian",400," BTM, Bangalore",3.6,12.92538607,77.61075217
Urban Flavours,"Mangalorean, North Indian",1000," Attide Hotel, Jakkur, Bangalore",3.6,13.079473,77.592704
Ande Ka Funda,"North Indian, Mughlai, Chinese",400," Banashankari, Bangalore",3.6,12.94034598,77.56460074
Best Of Bengal,Bengali,300," Kadubeesanahalli, Bangalore",3.6,12.94018293,77.69594885
Anagha Upahar,South Indian,200," Kengeri, Bangalore",3.6,12.91782228,77.48346962
Sandwich Eats,"Sandwich, Fast Food, Beverages",250," HSR, Bangalore",3.6,12.90632323,77.63663046
Temperature Juice Bar,"Beverages, Healthy Food",250," BTM, Bangalore",3.6,12.91300491,77.6130965
Odisha Platter,"Odia, Chinese, North Indian, Desserts",500," Marathahalli, Bangalore",3.6,12.95291323,77.70736936
Frozenheit⁶,"Ice Cream, Fast Food",500," Rajajinagar, Bangalore",3.6,13.00477662,77.54927158
Paratha Lounge,"North Indian, Chinese",300," Banaswadi, Bangalore",3.6,13.02054644,77.65652709
Lassi Resto Cafe,"Beverages, Fast Food",200," Electronic City, Bangalore",3.6,12.8503227,77.65629675
Food Magic Restaurant,"Kerala, North Indian, Chinese, Arabian, Beverages",700," Kalyan Nagar, Bangalore",3.6,13.02163583,77.63994064
Roj Ka Khana - Daily Meals,North Indian,400," Whitefield, Bangalore",3.6,12.98023186,77.75746062
Dreamland Food Corner,"Fast Food, Chinese, Ice Cream, Beverages, Sandwich, North Indian",350," Hennur, Bangalore",3.6,13.05727291,77.64410913
Shreedevi,"North Indian, Chinese",600," Indiranagar, Bangalore",3.6,12.98138024,77.64606815
Sai Jagannath Food and Chats Point,"North Indian, Street Food, Chinese",400," Bommanahalli, Bangalore",3.6,12.89449519,77.62024149
Sandwich Station,"Sandwich, Beverages, Juices",250," Basaveshwara Nagar, Bangalore",3.6,12.99760237,77.54051048
Udupi Gokul Cafe,South Indian,300," BTM, Bangalore",3.6,12.91630957,77.60306228
Kolkata Rolls Corner,"Fast Food, Rolls",150," Yelahanka, Bangalore",3.6,13.10456081,77.56972242
Koyla,"North Indian, Mughlai, Rolls",400," HSR, Bangalore",3.6,12.90965532,77.64468312
RS Donne Biryani & Natti Foods,"Biryani, South Indian",300," HSR, Bangalore",3.6,12.91953662,77.64612414
Santushti,"North Indian, Street Food, Beverages",300," Marathahalli, Bangalore",3.6,12.94874361,77.71312337
Al Barack Cafetaria,Arabian,400," Kammanahalli, Bangalore",3.6,13.01978206,77.64047775
Bake Delite,"Bakery, Fast Food, Street Food",400," Kumaraswamy Layout, Bangalore",3.6,12.90085015,77.55979121
Samprith Gowdru Mudde Hotel,"South Indian, Chinese",300," Rammurthy Nagar, Bangalore",3.6,13.0113558,77.66783092
Absolute Chinese,"Chinese, Seafood",500," Kaggadasapura, Bangalore",3.6,12.97650735,77.6758286
Kabab Mandra,"North Indian, Chinese",300," Whitefield, Bangalore",3.6,12.9821627,77.76249748
Kabab Mandra,"North Indian, Chinese",300," Whitefield, Bangalore",3.6,12.9821627,77.76249748
Madurai Idli Dosa Shop,South Indian,200," Marathahalli, Bangalore",3.6,12.94980718,77.70075504
The Mylapore Tiffins,South Indian,150," Kammanahalli, Bangalore",3.6,13.01627733,77.63553075
TIFY Restocafe,"North Indian, Chinese, Fast Food",300," Koramangala 6th Block, Bangalore",3.6,12.935838,77.624899
Bangarpet Chats,Street Food,200," Rammurthy Nagar, Bangalore",3.6,13.02073524,77.67830528
The Olive Cafe,"Fast Food, North Indian, Chinese",450," Hennur, Bangalore",3.6,13.07712854,77.66108651
Roll Me,"Rolls, Fast Food",300," Yelahanka, Bangalore",3.6,13.09955787,77.57804727
Laa Moola Mess,"Andhra, Biryani",200," Yelahanka, Bangalore",3.6,13.12172611,77.61838806
Punjabi Trail,North Indian,500," New BEL Road, Bangalore",3.6,13.027894,77.573492
Delhi 6,"North Indian, Fast Food, Chinese, Rolls",400," KR Puram, Bangalore",3.6,13.01893296,77.70423988
Acharya Tiffins,"South Indian, North Indian, Chinese",300," JP Nagar, Bangalore",3.6,12.89191885,77.57927947
Crusty's Pizza,Pizza,400," Indiranagar, Bangalore",3.6,12.9726155,77.64862262
Arabian Tea Cafe,"Tea, Beverages, Street Food",200," Frazer Town, Bangalore",3.6,13.00082413,77.61285335
Hotel Karavali,"South Indian, Chinese, Biryani",300," Banaswadi, Bangalore",3.6,13.01440523,77.65235156
Goody's Restro Cafe,"Chinese, Thai, North Indian, Fast Food, Biryani, Momos, Salad, Beverages",450," Hennur, Bangalore",3.6,13.05304167,77.64579255
Occasions,"Bakery, Desserts, Beverages",300," New BEL Road, Bangalore",3.6,13.027371,77.5747227
Balaji Mess,"Andhra, South Indian",250," Sahakara Nagar, Bangalore",3.6,13.05789771,77.59599399
Melting Melodies,"Bakery, Desserts",400," Varthur Main Road, Whitefield, Bangalore",3.6,12.956911,77.742816
Yi Moi Chinese Fast Food,"Chinese, Fast Food",450," Kalyan Nagar, Bangalore",3.6,13.01946422,77.64222387
Arabi Kadal ,"Kerala, South Indian",200," Sarjapur Road, Bangalore",3.6,12.89862945,77.67534412
New Karnataka Hindu Military Hotel,"South Indian, North Indian",300," Peenya, Bangalore",3.6,13.0118494,77.50761185
Blaack Forest,Bakery,350," Rammurthy Nagar, Bangalore",3.6,13.02821293,77.67925613
Malnad Nati Style Hotel,South Indian,400," JP Nagar, Bangalore",3.6,12.91105664,77.57609501
Yumjar,"Fast Food, Ice Cream, Desserts, Beverages",300," Basaveshwara Nagar, Bangalore",3.6,12.99184446,77.5368211
Pappu BC,Biryani,400," Shivajinagar, Bangalore",3.6,12.98637848,77.60860506
Baker's Talent,"Bakery, Desserts",300," Richmond Town, Bangalore",3.6,12.9623576,77.6040922
Spice Terrace,"North Indian, Chinese, Fast Food, Street Food, Beverages, Rolls",400," Jalahalli, Bangalore",3.6,13.05901339,77.54589133
New Udupi Shubh Sagar,"South Indian, North Indian, Chinese",400," Whitefield, Bangalore",3.6,12.9926171,77.7138672
Sanje Time,"North Indian, Chinese",250," Magadi Road, Bangalore",3.6,13.051171,77.514534
Joshi's Mumbai Masala,"Street Food, Fast Food",200," Basavanagudi, Bangalore",3.6,12.9579529,77.56215155
NGV Fast Food,"North Indian, Fast Food",250," Koramangala 6th Block, Bangalore",3.6,12.94570448,77.62170229
Kitchen County,"North Indian, Chinese, Arabian",300," Whitefield, Bangalore",3.6,12.9711074,77.7679142
Al Habibi Restaurant,"North Indian, Chinese",300," BTM, Bangalore",3.6,12.91991929,77.61237994
New Swathi Deluxe,"North Indian, Andhra, Biryani, Beverages",500," RT Nagar, Bangalore",3.6,13.02267459,77.59237099
Makkah Cafe,"Street Food, Tea",100," Richmond Town, Bangalore",3.6,12.964171,77.606451
Cafe Delicas,Cafe,800," Attide Hotel, Jakkur, Bangalore",3.6,13.07938063,77.59280853
Kerala Cafe,"Kerala, Beverages",150," Marathahalli, Bangalore",3.6,12.94835935,77.70484239
New Prakash Hotel,South Indian,350," Banashankari, Bangalore",3.6,12.93264802,77.5448161
NEST - Howard Johnson Bengaluru,"North Indian, Chinese, Continental",1800," Howard Johnson Bengaluru Hebbal, Bangalore",3.6,13.04457114,77.62645047
Spice Kitchen,"Andhra, Biryani, Seafood, North Indian",750," Kalyan Nagar, Bangalore",3.6,13.02345594,77.64318846
Puran da Dhaba - The Pride Hotel,North Indian,1700," The Pride Hotel, Bangalore",3.6,12.96451045,77.59967264
Sri Bhagya Grand,"South Indian, North Indian, Chinese, Street Food, Beverages, Fast Food, Sandwich, Juices",450," Bannerghatta Road, Bangalore",3.6,12.89380429,77.61080984
Hotel Chandrika,"South Indian, North Indian, Chinese, Street Food, Fast Food, Biryani, Beverages, Juices",550," Vasanth Nagar, Bangalore",3.6,12.98963894,77.59292319
Sitaar,"North Indian, Chinese, South Indian, Biryani, Desserts, Beverages",800," Bommasandra, Bangalore",3.6,12.80061944,77.71247026
Bhukkhad Baba,"North Indian, Beverages, Desserts",300," JP Nagar, Bangalore",3.6,12.90279828,77.58342717
Homely Delight,North Indian,300," Brookefield, Bangalore",3.6,12.96467545,77.71666624
Pepperwood,"Biryani, Rolls",300," Sarjapur Road, Bangalore",3.6,12.90995598,77.69715853
Juice Land,"Juices, Beverages, Sandwich, Fast Food, Desserts",300," Bannerghatta Road, Bangalore",3.6,12.87641478,77.59609826
4Foodiez,"South Indian, North Indian, Chinese",300," Electronic City, Bangalore",3.6,12.833663,77.64728
Kolkata Famous Kati Roll,Rolls,150," Basaveshwara Nagar, Bangalore",3.6,12.98535199,77.54523687
Bhrami Udupi Sagar,"South Indian, North Indian, Biryani, Beverages, Chinese",300," KR Puram, Bangalore",3.6,13.017032,77.669372
Hunger2Eat,"Fast Food, North Indian, Beverages",400," BTM, Bangalore",3.6,12.91392495,77.61087321
Mummy Dhaba,"North Indian, Mughlai",300," Ulsoor, Bangalore",3.6,12.98417716,77.61413477
Thanjavur Delight,South Indian,200," Whitefield, Bangalore",3.6,12.99385264,77.71736965
Maa Durga Fast Food,"North Indian, Chinese",200," Koramangala 8th Block, Bangalore",3.6,12.9414171,77.62040041
Apna Veg Dhaba,"North Indian, Chinese",300," Bellandur, Bangalore",3.6,12.9256501,77.6763966
Andal Mess,"Biryani, South Indian",300," Whitefield, Bangalore",3.6,12.99426851,77.70034432
Infinity Family Restaurant,"North Indian, Chinese, Seafood, Biryani",350," Kaggadasapura, Bangalore",3.6,12.99475299,77.68546779
Black Cup Cafe,"Cafe, Fast Food",400," BTM, Bangalore",3.6,12.93005409,77.60685761
The Momo Farm,"Momos, Fast Food",400," Jalahalli, Bangalore",3.6,13.04934928,77.54406609
The Momo Farm,"Momos, Fast Food",400," Jalahalli, Bangalore",3.6,13.04934928,77.54406609
Purvanchal Tokri,"North Indian, Mughlai, Chinese",500," Banaswadi, Bangalore",3.6,13.02359771,77.65826449
New Atithi Biryani Corner,"South Indian, Biryani",300," JP Nagar, Bangalore",3.6,12.87677496,77.58398373
Tandoori Chowk,"North Indian, Chinese, South Indian",300," Marathahalli, Bangalore",3.6,12.99111952,77.68795822
Sandwich Cafe,"Fast Food, Sandwich, Pizza",250," RT Nagar, Bangalore",3.6,13.02639351,77.60399032
Singh Saab Dhaba,"North Indian, Street Food, Beverages",400," Malleshwaram, Bangalore",3.6,13.0023066,77.57251427
Yo Snacko,"Beverages, Fast Food, Burger",250," Kaggadasapura, Bangalore",3.6,12.98407523,77.67434131
Davanagere Butter Dosa Corner,South Indian,200," Bannerghatta Road, Bangalore",3.6,12.88490345,77.60995623
Sri Brindavana Vaibhav,"South Indian, North Indian, Chinese, Street Food",200," HBR Layout, Bangalore",3.6,13.02508136,77.63028067
Hungry Singh,"North Indian, Chinese",300," RR Vatika, Rajarajeshwari Nagar, Bangalore",3.6,12.92566906,77.51803827
Classic Shop,"Beverages, Juices, Ice Cream, Fast Food",150," BTM, Bangalore",3.6,12.92090162,77.60089472
Ganga Foods,"South Indian, North Indian, Chinese",200," Marathahalli, Bangalore",3.6,12.94990716,77.70101387
Flodeis,"Desserts, Ice Cream, Beverages",300," Vijay Nagar, Bangalore",3.6,12.97362833,77.54458241
Delight Food,"North Indian, South Indian, Fast Food, Momos, Desserts, Beverages",300," Marathahalli, Bangalore",3.6,12.95954639,77.70155232
Sagar Restaurant & Chats,"South Indian, North Indian, Chinese, Street Food, Beverages",500," Vijay Nagar, Bangalore",3.6,12.97317909,77.54035257
Ice Cafe & Lassi Shop,Beverages,200," Bannerghatta Road, Bangalore",3.6,12.90866903,77.60397021
Bismillah Bawarchi,"North Indian, Chinese, Biryani",300," Brookefield, Bangalore",3.6,12.95626039,77.71523125
My Little China,"Chinese, North Indian, Hyderabadi",400," Hennur, Bangalore",3.6,13.03746827,77.65051693
Atharva Grand,"South Indian, North Indian, Chinese",250," Bommanahalli, Bangalore",3.6,12.91153279,77.62425475
The Zaika Of Banaras,"North Indian, Street Food",350," Kadubeesanahalli, Bangalore",3.6,12.93489816,77.70341579
Burgers Man,"Burger, Fast Food",150," Banaswadi, Bangalore",3.6,13.014722,77.652799
Melting Melodies,"Desserts, Bakery",300," Bellandur, Bangalore",3.6,12.93028284,77.68523511
Kulche D' Hatti,North Indian,400," New BEL Road, Bangalore",3.6,13.02804928,77.57275466
Sai Mango Tree,"North Indian, Chinese",600," BTM, Bangalore",3.6,12.93334862,77.61099726
Shakers Cafe,"Beverages, Fast Food",250," Indiranagar, Bangalore",3.6,12.979,77.64199
Tuckshop Cafe,"Fast Food, Biryani, Continental",200," Bommanahalli, Bangalore",3.6,12.89297057,77.61988174
Cakes And Crumbs,"Bakery, Fast Food",350," JP Nagar, Bangalore",3.6,12.90644872,77.591796
No Less Cafe,"Fast Food, Lebanese, Beverages",350," Marathahalli, Bangalore",3.6,12.95960749,77.70156842
Sabra Famous Kati Rolls,Rolls,200," Marathahalli, Bangalore",3.6,12.95156671,77.69975457
Hotel SD Star Dum Biriyani,Biryani,250," Electronic City, Bangalore",3.6,12.8701056,77.6582554
Dilish Kitchens,"North Indian, Chinese",500," BTM, Bangalore",3.6,12.9058742,77.60444127
Biryani Magic,"North Indian, Biryani",300," BTM, Bangalore",3.6,12.9066801,77.61130203
Crumbs Bakehouse,Bakery,400," Bellandur, Bangalore",3.6,12.925672,77.676496
Shree Guru Sagar Fast Food,"North Indian, South Indian, Chinese",300," Rajajinagar, Bangalore",3.6,12.99582682,77.56387554
Karavali Fine Dine,"Mangalorean, North Indian, Seafood, Chinese, Biryani",450," Rajajinagar, Bangalore",3.6,12.99199898,77.55449988
Manoj Gowdru Mane Mudde Oota,"Biryani, South Indian, North Indian",300," Bommanahalli, Bangalore",3.6,12.88850743,77.62514357
Manoj Gowdru Mane Mudde Oota,"Biryani, South Indian, North Indian",300," Bommanahalli, Bangalore",3.6,12.88850743,77.62514357
Juicemaker,"Beverages, Juices, Fast Food, Sandwich",250," Electronic City, Bangalore",3.6,12.84873112,77.66268242
Srimathi Foods,"North Indian, Chinese",350," KR Puram, Bangalore",3.6,13.00314323,77.71271333
Andhra Paris,"Andhra, North Indian, Chinese",300," Sarjapur Road, Bangalore",3.6,12.90367315,77.67597478
Bangalore Bites,Cafe,550," BTM, Bangalore",3.6,12.91348442,77.60322824
New Juice It Up,"Juices, Beverages, Fast Food",200," Brookefield, Bangalore",3.6,12.96670279,77.71875132
Chick Inn,Fast Food,500," Vijay Nagar, Bangalore",3.6,12.96154895,77.52632428
Flavours Of South,"North Indian, South Indian, Chinese, Seafood, Biryani, Mughlai",600," Bellandur, Bangalore",3.6,12.93438742,77.68951725
Thulungafhuri,"South Indian, Momos, Chinese, Biryani",350," Jalahalli, Bangalore",3.6,13.06735344,77.5077292
D Fusion,"Bakery, Fast Food",250," Bommanahalli, Bangalore",3.6,12.8993991,77.62962084
Cold Station,"Fast Food, Desserts",250," Rajajinagar, Bangalore",3.6,13.00328893,77.54689984
Bangalore Vibes,"North Indian, Chinese, Kebab",300," Hennur, Bangalore",3.6,13.03130494,77.63549957
Vijayawadavari Sandya Andhra Mess,Andhra,200," Electronic City, Bangalore",3.6,12.85084244,77.65712991
Bong Connections,"Chinese, North Indian",350," Whitefield, Bangalore",3.6,12.96978152,77.75199194
Samovar Cafe,"South Indian, Chinese",200," Sarjapur Road, Bangalore",3.6,12.911818,77.680847
Speedbreaker,"North Indian, Chinese, Street Food, Beverages",400," BTM, Bangalore",3.6,12.91312528,77.61603981
Delitan,"Street Food, North Indian, Maharashtrian, Beverages",200," New BEL Road, Bangalore",3.6,13.03534,77.5681
Rayalaseema Kitchen,"Andhra, Biryani",500," BTM, Bangalore",3.6,12.91397723,77.60993712
Soopy Smile Cafe,"Ice Cream, Desserts, Beverages",100," Magadi Road, Bangalore",3.6,12.98273345,77.48556208
South Tadka,"South Indian, Chinese",300," Banashankari, Bangalore",3.6,12.93118637,77.56382223
The Crust Factory,"Bakery, Desserts, Fast Food",400," Comfort Inn Insys, Yeshwantpur, Bangalore",3.6,13.02672767,77.57542145
Lune Cakes,Bakery,250," Kalyan Nagar, Bangalore",3.6,13.02404849,77.65111774
Live Davangere Benne Dosa,South Indian,100," BTM, Bangalore",3.6,12.9197399,77.61163
Cafe Crispy Day,Fast Food,300," Jalahalli, Bangalore",3.6,13.04116998,77.51917686
Chaitanya Grand,"South Indian, North Indian, Chinese",300," Bannerghatta Road, Bangalore",3.6,12.91200076,77.60054804
Roll Magic Fast Food,"Rolls, Chinese",200," Banashankari, Bangalore",3.6,12.93468216,77.53655959
Dine With Singhs,"North Indian, Chinese",300," Koramangala 1st Block, Bangalore",3.6,12.92365903,77.63669416
Thirumala Lassi Shop,"Beverages, Fast Food, Juices, Sandwich",250," Ejipura, Bangalore",3.6,12.94349333,77.62818184
Sunath Pizzeria,"Pizza, Fast Food",400," Bommanahalli, Bangalore",3.6,12.88196585,77.6256837
Naina Nand Food Express,"North Indian, Chinese, Fast Food, Beverages, Desserts, Rolls, Biryani",300," HBR Layout, Bangalore",3.6,13.03221987,77.63498593
Q'seen Food Stories,"South Indian, North Indian",400," HSR, Bangalore",3.6,12.91255077,77.65250545
Aramane Donne Biryani,"Biryani, South Indian, Chinese",350," Kengeri, Bangalore",3.6,12.93735283,77.49257304
Mysore Coffee House,North Indian,200," Whitefield, Bangalore",3.6,12.96144,77.734553
SLV Andhra Mess,"Chinese, Andhra",300," Domlur, Bangalore",3.6,12.95169382,77.63968516
Rotti Mane,South Indian,250," Hosur Road, Bangalore",3.6,12.936469,77.608209
Grill N Chill,"North Indian, Chinese, Rolls",400," BTM, Bangalore",3.6,12.91794418,77.60542732
Amar Hotel,"North Indian, Chinese",300," Yelahanka, Bangalore",3.6,13.09649273,77.57856231
Kaapikada,"Rolls, Fast Food, Beverages",250," Kammanahalli, Bangalore",3.6,13.02088289,77.63537318
U S Pizza ,"Pizza, Fast Food",400," Shivajinagar, Bangalore",3.6,12.9826227,77.60807768
Lazzet Lee,Rolls,600," BTM, Bangalore",3.6,12.910108,77.614419
Karavali Family Hotel,"Seafood, Chinese, Mangalorean, Arabian",700," Jayanagar, Bangalore",3.6,12.9282748,77.59717718
Tandoori Chai & Snacks,"Chinese, Street Food, Fast Food, North Indian, Rolls",250," Kaggadasapura, Bangalore",3.6,12.98370769,77.67671842
Biriyani Katte,"Biryani, South Indian, North Indian",400," Mysore Road, Bangalore",3.6,12.92490832,77.49876492
Badey Miyan Chote Miyan,"North Indian, Chinese, Mughlai",400," Sarjapur Road, Bangalore",3.6,12.90259696,77.70591661
Biryani Paradize,"Andhra, Chinese, Hyderabadi",350," Whitefield, Bangalore",3.6,12.97996951,77.75239628
Icy Hill,"Desserts, Ice Cream, Beverages",250," Electronic City, Bangalore",3.6,12.829622,77.690585
Zaatar Spice,"North Indian, Chinese, Arabian, Seafood, Biryani",450," Electronic City, Bangalore",3.6,12.87035598,77.65724055
Little South Cafe,"Tamil, Biryani",300," Jalahalli, Bangalore",3.6,13.06014442,77.51277007
Carmel Restaurant,Kerala,200," Sarjapur Road, Bangalore",3.6,12.910043,77.698959
Samudra Restaurant,"Andhra, South Indian, Chinese, Fast Food",400," Vijay Nagar, Bangalore",3.6,12.97612215,77.53313307
Veggie Food Joint,"North Indian, South Indian, Chinese",300," Bannerghatta Road, Bangalore",3.6,12.85843734,77.57136561
Andhra Spicy,"Andhra, South Indian, Chinese",400," RMZ Ecoworld, Bellandur, Bangalore",3.6,12.91840397,77.68565856
SIACHI,"Bakery, Desserts",400," Jayanagar, Bangalore",3.6,12.9308109,77.58102156
Bill Board Cafe,"Cafe, Chinese, Fast Food, North Indian",400," Yelahanka, Bangalore",3.6,13.12171329,77.6258681
Ambur Dum Biryani,"Biryani, Kebab",200," Jakkur, Bangalore",3.6,13.06910496,77.60287821
Saptapadi,Bengali,300," KR Puram, Bangalore",3.6,13.0271984,77.6965096
Blends & Wraps,"Fast Food, Rolls, Beverages, Juices",250," Bommanahalli, Bangalore",3.6,12.89909026,77.62983106
Jus Biriyani,Biryani,450," Inorbit Mall, Whitefield, Bangalore",3.6,12.9792852,77.7289031
Mom Made Food,"North Indian, Fast Food",400," Frazer Town, Bangalore",3.6,13.00955422,77.61476208
Lassi Hub,"Juices, Beverages, Fast Food, Ice Cream, Desserts",200," Hebbal, Bangalore",3.6,13.03318541,77.59036705
Halli Hatti Donne Biriyani,"Biryani, North Indian",300," Bommanahalli, Bangalore",3.6,12.896007,77.620628
Snow Desert Cafe,"Fast Food, Rolls, Sandwich, Burger, Pizza, Desserts, Beverages",300," Vijay Nagar, Bangalore",3.6,12.96735984,77.54378211
Khaja Point,"North Indian, Chinese, Biryani",300," BTM, Bangalore",3.6,12.92644419,77.61633217
Padosi Apke Apne,"South Indian, Chinese, North Indian",400," JP Nagar, Bangalore",3.6,12.89163876,77.57495441
The Velu's,"Fast Food, Chinese, North Indian, Beverages",350," Domlur, Bangalore",3.6,12.95282665,77.63993394
MP07 Cafe,"North Indian, Chinese, Beverages, Mughlai, Street Food",400," BTM, Bangalore",3.6,12.912769,77.606276
Roll & Roll,"Fast Food, Rolls",150," Yelahanka, Bangalore",3.6,13.10412324,77.57052675
Sri Murari Family Restaurant,"Biryani, Andhra, Chinese",450," Banashankari, Bangalore",3.6,12.92225516,77.54998606
Egg World,"Street Food, Fast Food",250," Sarjapur Road, Bangalore",3.6,12.913052,77.679806
Gowda's Rasai Naati Style,"North Indian, Chinese, Street Food",250," Nagarbhavi, Bangalore",3.6,12.96994096,77.49246843
Bismillah Tea Point,"Fast Food, Beverages",100," Shanti Nagar, Bangalore",3.6,12.95443782,77.5897887
Arkavathi Biriyani Mane,"North Indian, Chinese, Biryani, Mughlai",400," Kumaraswamy Layout, Bangalore",3.6,12.90566472,77.55827475
Aaradhana Kitchen,"South Indian, Chinese, Andhra",400," Nagawara, Bangalore",3.6,13.04131696,77.62193665
Ramu Kaka,"North Indian, South Indian, Chinese, Mangalorean",500," Electronic City, Bangalore",3.6,12.828286,77.670723
Cake Menu,"Bakery, Desserts",400," Koramangala 1st Block, Bangalore",3.6,12.9209099,77.6332695
Express Cafe,"Desserts, Fast Food, Italian, North Indian, Beverages",600," ITPL Main Road, Whitefield, Bangalore",3.6,12.98630824,77.73238868
Multi Cuisine Cafe,"Biryani, Chinese, Fast Food, Sandwich",400," Hebbal, Bangalore",3.6,13.04908799,77.59701524
DCP Desi Chai Paratha,North Indian,150," ITPL Main Road, Whitefield, Bangalore",3.6,12.95828682,77.71575227
Wrapafella,"Rolls, Fast Food",250," Yelahanka, Bangalore",3.6,13.094336,77.59486
Krishna Leela Grand,"South Indian, North Indian, Chinese, Street Food",350," Hennur, Bangalore",3.6,13.01782015,77.62975026
Amaravati Food Court,"Andhra, North Indian, Chinese",300," Whitefield, Bangalore",3.6,12.990989,77.706297
Limra Eating Point,"Chinese, North Indian, Rolls",300," BTM, Bangalore",3.6,12.9199865,77.6002883
Indus Flavour,"Chinese, North Indian, Kebab, Fast Food, Desserts",600," Hesaraghatta, Bangalore",3.6,13.04742484,77.5079488
The Mik Mak Food Lounge,"Salad, Chinese, Fast Food",300," HBR Layout, Bangalore",3.6,13.0308495,77.6287859
The Mik Mak Food Lounge,"Salad, Chinese, Fast Food",300," HBR Layout, Bangalore",3.6,13.0308495,77.6287859
Crispy Lounge,"Fast Food, Beverages",100," Whitefield, Bangalore",3.6,12.9721643,77.73439497
Basaveshwara Khanavali,South Indian,150," Nagawara, Bangalore",3.6,13.04140548,77.62199264
Malabar Treat,"North Indian, Chinese",500," Koramangala 1st Block, Bangalore",3.6,12.92088136,77.63331894
Ronni's Momos & More,"Momos, Fast Food",200," KR Puram, Bangalore",3.6,13.02343733,77.70654224
Rolls Rice Cafe,"Chinese, Fast Food",400," Kengeri, Bangalore",3.6,12.92509622,77.49884203
Chikkis,"North Indian, Chinese, Mughlai",300," Hennur, Bangalore",3.6,13.0319236,77.65363801
Atithi Veg,"South Indian, North Indian, Chinese",300," International Airport, Bangalore",3.6,13.14426415,77.61847425
Arab Skew,"Arabian, Lebanese",200," Electronic City, Bangalore",3.6,12.84917928,77.68049967
Sri Krishna Grand,"South Indian, North Indian, Chinese",350," Yelahanka, Bangalore",3.6,13.09598788,77.59774245
Delhite Food,North Indian,600," BTM, Bangalore",3.6,12.90728796,77.60714628
Rotti Mane,South Indian,200," Vijay Nagar, Bangalore",3.6,12.95755101,77.52790175
Best Tea Cafe,Cafe,400," Frazer Town, Bangalore",3.6,13.00066438,77.61453878
Gowdru Military Hotel,South Indian,200," Basavanagudi, Bangalore",3.6,12.96022339,77.55956925
Idly Wala,South Indian,100," BTM, Bangalore",3.6,12.92146271,77.60483589
Mistletoe Asia,Bakery,300," Koramangala 5th Block, Bangalore",3.6,12.93477497,77.61333983
Nila Food Corner,South Indian,200," Sahakara Nagar, Bangalore",3.6,13.06897171,77.5808147
Roti Curry,North Indian,300," Sarjapur Road, Bangalore",3.6,12.910065,77.680958
Chillax,"Burger, Sandwich, Fast Food, Juices, Beverages",350," Bommanahalli, Bangalore",3.6,12.89969683,77.62935631
Refresh Bay,"Fast Food, Sandwich, Healthy Food, Beverages",300," Rajarajeshwari Nagar, Bangalore",3.6,12.9219689,77.51819048
Swadh Foods,"South Indian, North Indian",300," Mysore Road, Bangalore",3.6,12.86319682,77.43318122
G.H.S Nonveg,"South Indian, Chinese",300," City Market, Bangalore",3.6,12.96818482,77.5832431
Tintin Da Dhaba,North Indian,300," Marathahalli, Bangalore",3.6,12.95089884,77.70398911
Sapna bakery,Beverages,250," Bommanahalli, Bangalore",3.6,12.90626637,77.62892347
Till The Last Bite,"North Indian, Chinese",300," Bommasandra, Bangalore",3.6,12.75677676,77.7050744
A One Hotel,Biryani,150," Hennur, Bangalore",3.6,13.0577135,77.64870845
Kottaram,South Indian,300," BTM, Bangalore",3.6,12.921275,77.638173
Smack Cafe,Cafe,400," BTM, Bangalore",3.6,12.9251659,77.6095235
Chococraft,Bakery,400," BTM, Bangalore",3.6,12.92190583,77.61422127
Sri Guru Sagar Fast Food,"South Indian, Chinese, North Indian",250," Rajajinagar, Bangalore",3.6,12.99599049,77.56399322
New Chickpet Donne Biryani Manne,"Biryani, South Indian",300," Whitefield, Bangalore",3.6,12.96916173,77.74233766
Panchamukhi Sagar,"North Indian, South Indian, Chinese, Street Food",400," Banaswadi, Bangalore",3.6,13.00798032,77.64181014
Nouvelle Garden,"North Indian, Continental, Chinese",900," JP Nagar, Bangalore",3.6,12.9148818,77.59868827
Durgashree Samruddhi Grand,"Chinese, South Indian, North Indian, Ice Cream, Beverages",500," Magadi Road, Bangalore",3.6,12.98980882,77.50199832
Me So Soy,"Asian, Chinese, Thai, Mughlai, Beverages, Momos",1000," Vega City, Bannerghatta Road, Bangalore",3.6,12.90748535,77.60121759
Sri Sri Tattva Panchamrut,"North Indian, Healthy Food",500," Kanakapura Road, Bangalore",3.6,12.82577387,77.50640586
Sri Sri Tattva Panchamrut,"North Indian, Healthy Food",500," Kanakapura Road, Bangalore",3.6,12.82577387,77.50640586
Kairali Hotel,"Kerala, Chinese",300," New BEL Road, Bangalore",3.6,13.0591669,77.56144077
Assi Tussi Lassi,"Beverages, Ice Cream",200," Koramangala 6th Block, Bangalore",3.6,12.941151,77.623018
Ammana Mane Donne Biriyani,"Biryani, South Indian",300," Vijay Nagar, Bangalore",3.6,12.97728884,77.5358421
Biryani Wala,"Biryani, North Indian, Chinese",400," Whitefield, Bangalore",3.6,12.9554798,77.72001397
Ambur Hot Dum Biryani,"Biryani, North Indian, Chinese",250," Shanti Nagar, Bangalore",3.6,12.95667567,77.59239346
Kulhad Junction,"North Indian, Fast Food, Beverages",250," Electronic City, Bangalore",3.6,12.88596664,77.65607379
Hyderabadi Biryani Mahal,"North Indian, Chinese, Biryani",600," Electronic City, Bangalore",3.6,12.852804,77.663806
Sunaina Sapice,"South Indian, North Indian, Chinese, Beverages",300," Yeshwantpur, Bangalore",3.6,13.02935292,77.56186355
Guru's Rasoi,North Indian,300," Shivajinagar, Bangalore",3.6,12.98428171,77.60905299
Lassi Square,"Beverages, Ice Cream",250," Yelahanka, Bangalore",3.6,13.099581,77.578158
Chick Blast,"Pizza, Sandwich, Wraps, Chinese, Ice Cream, Beverages",350," Banaswadi, Bangalore",3.6,13.0072502,77.65906379
Dwaraka Kitchen,Andhra,250," RT Nagar, Bangalore",3.6,13.03512662,77.60945499
Fried,"Fast Food, Momos",350," Kumaraswamy Layout, Bangalore",3.6,12.9086004,77.56413069
Balto Village Cafe,"Lebanese, Juices, Beverages",350," BTM, Bangalore",3.6,12.92122684,77.61347339
San's Kitchen,"Biryani, South Indian",300," Jalahalli, Bangalore",3.6,13.0899795,77.54649717
Aishwarya Upahar,"South Indian, Chinese",150," Ulsoor, Bangalore",3.6,12.97270404,77.62067903
Aarush's Food Plaza,"North Indian, Chinese",250," Banashankari, Bangalore",3.6,12.93416358,77.53630579
The Spice Pot,Chinese,400," Electronic City, Bangalore",3.6,12.87762411,77.65500762
Ek Bite,"Fast Food, Beverages",400," HSR, Bangalore",3.6,12.9011567,77.6408945
The Milkshake Theory,"Beverages, Desserts",400," Whitefield, Bangalore",3.6,12.972116,77.711877
Akshaya Sweets & Chats,"Mithai, Street Food",200," Jayanagar, Bangalore",3.6,12.92287148,77.59342209
Namma Kadai,South Indian,150," BTM, Bangalore",3.6,12.91923304,77.61301897
Berry Box Cafe,"Fast Food, Sandwich",300," Bannerghatta Road, Bangalore",3.6,12.86644254,77.60074016
Lazeez Fast Food,"North Indian, Chinese, Biryani, Rolls",300," New BEL Road, Bangalore",3.6,13.03414148,77.56645314
Savi Sagar,"North Indian, South Indian, Chinese, Street Food, Beverages",450," Seshadripuram, Bangalore",3.6,12.98987089,77.57229768
Ambari - Shivas Gateway,"North Indian, South Indian, Chinese",1000," International Airport, Bangalore",3.6,13.19244018,77.64673166
Tasty Paradise,"North Indian, Mughlai, Chinese, Beverages",550," Malleshwaram, Bangalore",3.6,12.98996008,77.57265676
The Social Cafe,"Burger, Fast Food, Lebanese, North Indian, Chinese, Beverages",600," Hesaraghatta, Bangalore",3.6,13.06719798,77.5007008
Tycoon,"Andhra, North Indian, Continental, Chinese, Beverages, Desserts",800," OSR Hotel, Rajarajeshwari Nagar, Bangalore",3.6,12.90572681,77.52105944
Millies Cookies,"Desserts, Beverages, Ice Cream",300," Phoenix Marketcity Bangalore, Whitefield, Bangalore",3.6,12.99704079,77.6966583
College Street,"North Indian, Chinese, Bengali",300," Yeshwantpur, Bangalore",3.6,13.03558979,77.5630853
Waffle Cream Shakes,"Desserts, Ice Cream, Beverages",400," Koramangala 7th Block, Bangalore",3.6,12.936443,77.614404
Mayur,"Andhra, North Indian, Chinese",500," BTM, Bangalore",3.6,12.92096763,77.62013454
Atithii,"North Indian, Bengali",750," Sahakara Nagar, Bangalore",3.6,13.059047,77.592125
The London Shakes 1950,"Beverages, Fast Food",200," Bommasandra, Bangalore",3.6,12.78836236,77.70449169
Punjabi's Food Corner,"Chinese, North Indian",300," CV Raman Nagar, Bangalore",3.6,12.97786386,77.6581401
The Shack,"North Indian, Chinese, Fast Food, Beverages",550," Hesaraghatta, Bangalore",3.6,13.07364389,77.50264574
Navrang Kabab Korner,"North Indian, Mughlai, Chinese",500," Rajajinagar, Bangalore",3.6,12.99087319,77.55784258
Mama's Restaurant,"North Indian, Chinese, Biryani",500," Nagawara, Bangalore",3.6,13.05744732,77.62709521
Hyderabad Darbar,"Andhra, South Indian, Chinese",700," Electronic City, Bangalore",3.6,12.85285,77.675583
Andhra Ruchulu,"Andhra, Biryani, Chinese, North Indian",700," Old Airport Road, Bangalore",3.6,12.96080857,77.65723016
Taiyvan's,"Chinese, Thai, Seafood, Malaysian",500," RT Nagar, Bangalore",3.6,13.02691941,77.58599505
Ghar Ke Phulke,North Indian,300," Whitefield, Bangalore",3.6,12.9691141,77.7352666
Olive Tree,"North Indian, Chinese",600," Majestic, Bangalore",3.6,12.9789931,77.5620598
The Happy Vegetarian,"North Indian, Chinese, Mughlai, Desserts, Beverages",600," Rajajinagar, Bangalore",3.6,12.99827175,77.5509892
Muralikrishna,"Andhra, Chinese, North Indian",700," Bannerghatta Road, Bangalore",3.6,12.91023245,77.60041963
Puma Shuffle,"North Indian, Continental, Chinese, Finger Food, Salad",1600," Indiranagar, Bangalore",3.6,12.967169,77.641344
Puma Shuffle,"North Indian, Continental, Chinese, Finger Food, Salad",1600," Indiranagar, Bangalore",3.6,12.967169,77.641344
Al Madina Family Restaurant,"Arabian, North Indian, Chinese, Kerala, Desserts, Beverages, Juices",700," City Market, Bangalore",3.6,12.96364265,77.57771239
Bonsai,"Thai, Japanese, Malaysian",1700," ITPL Main Road, Whitefield, Bangalore",3.6,12.98451889,77.74955649
Swizzle - WelcomHotel By ITC Hotels,Finger Food,2000," WelcomHotel By ITC Hotels, Richmond Road, Bangalore",3.6,12.96880364,77.61442143
La Zizone Restaurant And Cafe,"Fast Food, Chinese, North Indian, Biryani",500," Kammanahalli, Bangalore",3.6,13.00510232,77.63624556
Elixir,"North Indian, Chinese, Beverages, Mughlai, Desserts",900," KR Puram, Bangalore",3.6,13.014457,77.701045
Hello Biriyani & Curries,"Biryani, Chinese, South Indian, Andhra",500," Electronic City, Bangalore",3.6,12.85093298,77.65302848
Richerspoint,"Biryani, Chinese",400," KR Puram, Bangalore",3.6,13.0141775,77.7042295
Risalo Restaurant,"North Indian, Chinese, Mughlai",600," Marathahalli, Bangalore",3.6,12.9788221,77.69767888
Bollywood Grill,North Indian,1500," Hotel La Classic, Bangalore",3.6,12.7837123,77.75704186
Take A Break,"North Indian, Chinese, Beverages",600," Shanti Nagar, Bangalore",3.6,12.95398855,77.59125318
Desi Aahar,"North Indian, Chinese, Seafood",400," BTM, Bangalore",3.6,12.91654747,77.60231663
Esfahan Restaurant,"North Indian, Biryani, Mughlai, Chinese",800," Electronic City, Bangalore",3.6,12.84033472,77.64747731
Wild Range Restaurant,"North Indian, Chinese, Mughlai, Biryani",550," Kammanahalli, Bangalore",3.6,13.01456856,77.63531484
Foodyz,"North Indian, Chinese, Seafood, Mughlai",600," Hennur, Bangalore",3.6,13.06770878,77.65151974
The Rasoi,"North Indian, Chinese, Hyderabadi",400," Seshadripuram, Bangalore",3.6,12.989045,77.57460605
New Andhra Spice,Andhra,600," BTM, Bangalore",3.6,12.92007517,77.61238262
Sri Ganesha Upahar,"North Indian, Fast Food, South Indian, Street Food, Beverages",600," Rajajinagar, Bangalore",3.6,12.9878666,77.55597509
Zafron- The Resto Cafe,"Arabian, BBQ, North Indian, Chinese, Sandwich, Biryani, Rolls, Beverages",800," Kadubeesanahalli, Bangalore",3.6,12.93772828,77.70083752
Rangamati Bengali Cuisine,"Bengali, North Indian, Chinese",350," Whitefield, Bangalore",3.6,12.9980153,77.75636729
Straws,"Fast Food, Beverages",200," BTM, Bangalore",3.6,12.93961371,77.57540166
Dragon's Kitchen,Chinese,450," BTM, Bangalore",3.6,12.91619722,77.62178889
Bowls And Biryani,"North Indian, Bengali, Biryani, Desserts",500," Varthur Main Road, Whitefield, Bangalore",3.6,12.88248071,77.75596026
New Chickpet Donne Biriyani Mane,"Biryani, Kebab",300," Whitefield, Bangalore",3.6,12.9566554,77.7455626
Heavenly Beijing,"Chinese, Thai, Beverages",700," Banaswadi, Bangalore",3.6,13.01054076,77.64812406
Sadaf Restaurant,"North Indian, Chinese, Seafood, Beverages",300," Shivajinagar, Bangalore",3.6,12.98916196,77.60223817
Vijay Vihar,"South Indian, North Indian, Chinese",700," Vijay Residency, Bangalore",3.6,12.97637437,77.57846911
Food Paradise,"Chinese, North Indian, Fast Food",350," KR Puram, Bangalore",3.6,13.01653768,77.71579284
Hotel The Emirates,"North Indian, Chinese, Arabian, Lebanese, Kerala",600," BTM, Bangalore",3.6,12.92227281,77.61982173
Aramane Brundavan,"Chinese, North Indian, South Indian, Fast Food",500," Rajajinagar, Bangalore",3.6,12.99802673,77.55560327
Shivaji Kshatriya Restaurant,"South Indian, Chinese",550," New BEL Road, Bangalore",3.6,13.06897204,77.56136734
Akshaya Restaurant,"North Indian, Chinese",600," Yelahanka, Bangalore",3.6,13.1059656,77.58197408
MM Bar & Restaurant,"South Indian, North Indian, Chinese",700," Shivajinagar, Bangalore",3.6,12.98407,77.60318667
Royal Paris,"North Indian, Arabian, Chinese",1000," BTM, Bangalore",3.6,12.92438547,77.60977887
Food Republic Resto,"North Indian, Chinese, Mughlai, Beverages",700," Kumaraswamy Layout, Bangalore",3.6,12.90180085,77.55829185
Swad Family Restaurant,"North Indian, Chinese",650," BTM, Bangalore",3.6,12.916306,77.615135
Swad Family Restaurant,"North Indian, Chinese",650," BTM, Bangalore",3.6,12.916306,77.615135
Whats Ap,Andhra,800," Whitefield, Bangalore",3.6,12.976909,77.726343
Taj Biriyani Paradise,"Biryani, North Indian",400," Peenya, Bangalore",3.6,13.01103371,77.50712
Donne Biriyani Mane,Biryani,300," Sahakara Nagar, Bangalore",3.6,13.059965,77.593129
OOttupura ,"Kerala, South Indian",300," BTM, Bangalore",3.6,12.92671051,77.61583395
Kakal-Kai Ruchi,"South Indian, Chinese, Street Food, Sandwich, Beverages, Ice Cream",500," JP Nagar, Bangalore",3.6,12.8873413,77.58211154
Naati Mane,"South Indian, Biryani, Fast Food",250," Electronic City, Bangalore",3.6,12.846399,77.652138
Happy Flavours,"Chinese, North Indian",600," Sarjapur Road, Bangalore",3.6,12.903313,77.704917
Jamshedpur Chats & Golgappa,"Street Food, Bihari, North Indian",200," HSR, Bangalore",3.6,12.90705299,77.64139138
Dakshin,North Indian,400," Wilson Garden, Bangalore",3.6,12.95067339,77.5954894
New Taaza Thindi,"South Indian, North Indian, Chinese",250," Electronic City, Bangalore",3.6,12.84159782,77.64711991
Cakebuy,Bakery,400," Bannerghatta Road, Bangalore",3.6,12.89715518,77.61098217
New Krishna Sagar Food Court,"North Indian, South Indian, Chinese, Beverages",300," Jakkur, Bangalore",3.6,13.072734,77.604163
New Spice Tandoori,"Chinese, North Indian, South Indian, Andhra",400," Basaveshwara Nagar, Bangalore",3.6,12.99197546,77.53650662
Parathe Wali Gali,"North Indian, Chinese",250," Electronic City, Bangalore",3.6,12.84992816,77.66389143
Punjabi Corner,"North Indian, Chinese, Mughlai",350," Bannerghatta Road, Bangalore",3.6,12.88993082,77.60017176
Siddhi's Little Green,"Fast Food, Chinese, Salad",450," JP Nagar, Bangalore",3.6,12.90558105,77.57882752
Chakh Le India,North Indian,300," Brookefield, Bangalore",3.6,12.95733471,77.71443497
Atithi,"North Indian, Chinese",300," Global Village, Mysore Road, Bangalore",3.6,12.91666512,77.50030819
Lulu Bakery & Sweets,"Bakery, Mithai, Beverages, Fast Food",300," Bommanahalli, Bangalore",3.6,12.90545883,77.62779158
RB Food Point,"North Indian, Chinese, Momos",400," Bommasandra, Bangalore",3.6,12.825081,77.686127
Shiv Sai Hotel,"North Indian, Chinese, South Indian",400," Bannerghatta Road, Bangalore",3.6,12.87679817,77.60153007
Kannadigas Karavali,"Mangalorean, South Indian, Chinese, Seafood",500," Banashankari, Bangalore",3.6,12.93663068,77.55994074
Mind Fresh,"Fast Food, Burger, Beverages",200," Yelahanka, Bangalore",3.6,13.106942,77.5757195
Masaledaar Restaurant,"North Indian, Chinese, Beverages",500," Jayanagar, Bangalore",3.6,12.91636839,77.59282529
Punjabi Masala,"North Indian, Chinese, Rajasthani, Desserts, Beverages",550," Rajarajeshwari Nagar, Bangalore",3.6,12.90374897,77.52107453
Strada Kitchen and Bar - Southend By TGI,"Chinese, North Indian",850," Bommasandra, Bangalore",3.6,12.82174957,77.6867814
New Tandoor,"North Indian, Chinese, Mughlai, Rolls, Biryani, Seafood",600," CV Raman Nagar, Bangalore",3.6,12.98524091,77.66750269
The Indians Restro,"Chinese, North Indian, Kebab, Mughlai",500," Rammurthy Nagar, Bangalore",3.6,13.02684363,77.6655953
Udupi Kai Ruchi,"North Indian, South Indian, Chinese, Street Food, Fast Food, Ice Cream, Desserts, Beverages",500," Nagarbhavi, Bangalore",3.6,12.9701896,77.49661379
New Selfie Restaurant,"North Indian, Chinese, Fast Food, Beverages, Desserts, Mughlai",600," Jalahalli, Bangalore",3.6,13.070871,77.504382
La Tomatillo,"North Indian, Chinese, Continental, Fast Food, Pizza, Pasta",600," Domlur, Bangalore",3.6,12.95274757,77.63994031
Ayodhya Sagar,"South Indian, North Indian, Chinese, Street Food, Desserts, Beverages",300," Basaveshwara Nagar, Bangalore",3.6,12.99230019,77.53405809
Western Terrain Coffee Roasters,"Fast Food, Beverages, Desserts",600," Hesaraghatta, Bangalore",3.6,13.07089206,77.50610344
M.M.A Kabab Rolls And Biryani Center,"North Indian, Mughlai, Chinese, Kebab, Rolls, Seafood, Arabian, Biryani",500," Brookefield, Bangalore",3.6,12.95634828,77.71517862
Mamma Rotti Family Restaurant,"North Indian, Chinese, Biryani, Mughlai",500," Hesaraghatta, Bangalore",3.6,13.09018621,77.54108112
Mamma Rotti Family Restaurant,"North Indian, Chinese, Biryani, Mughlai",500," Hesaraghatta, Bangalore",3.6,13.09018621,77.54108112
New Krishna Sagar,"South Indian, North Indian, Street Food, Beverages, Chinese",400," Rammurthy Nagar, Bangalore",3.6,13.0212984,77.67853059
Cafe Blanca House,"Pizza, Fast Food, Chinese, Beverages",350," BTM, Bangalore",3.5,12.914639,77.612472
Olia - We Preserve Your Taste,"Odia, Chinese, Street Food, Sandwich, Rolls, Beverages",400," HSR, Bangalore",3.5,12.90889224,77.64668304
Shaan E Punjab,"North Indian, Mughlai, Biryani",500," HSR, Bangalore",3.5,12.90992436,77.6492356
Malabar Hut Restaurant,"South Indian, Biryani",250," Kalyan Nagar, Bangalore",3.5,13.02746589,77.64118955
T4 Chai,"Street Food, Fast Food, Beverages, Sandwich",300," Marathahalli, Bangalore",3.5,12.94820839,77.71562085
Naati Park,"North Indian, Chinese, BBQ, South Indian",500," Banashankari, Bangalore",3.5,12.941621,77.55370092
Brickizza Woodfire Pizza,"Fast Food, Pizza",500," Sarjapur Road, Bangalore",3.5,12.89778375,77.71687711
Fryday,"Chinese, Fast Food, Beverages, Sandwich, Burger, Rolls, Lebanese",500," Koramangala 3rd Block, Bangalore",3.5,12.924587,77.638085
Sri Venkateshwara Nellore Mess,"South Indian, Biryani",300," Whitefield, Bangalore",3.5,12.95673931,77.74393196
New Nisarga Nati Style Hotel,"South Indian, Biryani, North Indian",400," Peenya, Bangalore",3.5,13.02779483,77.49334887
Rice Noodles,"Chinese, Fast Food, Burger, Continental, Italian",250," BTM, Bangalore",3.5,12.878838,77.610471
Ustad Hotel,"Fast Food, Chinese, South Indian",300," Kengeri, Bangalore",3.5,12.88743248,77.47197032
Krazy Bites,"South Indian, North Indian",350," Marathahalli, Bangalore",3.5,12.9505845,77.7033947
Ruchikar Family Restaurant,"Chinese, North Indian, Mughlai",450," Vijay Nagar, Bangalore",3.5,12.97634889,77.52509449
Aha Ruchi,"South Indian, Seafood, Kerala",450," HSR, Bangalore",3.5,12.89963735,77.65854914
French Cream,"Burger, Sandwich, Fast Food, Desserts, Ice Cream, Beverages",300," Kumaraswamy Layout, Bangalore",3.5,12.90670265,77.56346785
Balochi Biryani House,"Biryani, Chinese, Fast Food",200," Marathahalli, Bangalore",3.5,12.95003198,77.70030677
Thoogudeepa Donne Biriyani Mane,"Biryani, South Indian",500," Rajarajeshwari Nagar, Bangalore",3.5,12.90675723,77.52088275
Swa Shakthi Kitchen- Naatti Ruchi,"Chinese, North Indian, Mughlai",350," Jalahalli, Bangalore",3.5,13.06890084,77.52997309
E2P Pizza Burger,"Pizza, Fast Food, Ice Cream, Desserts",500," Kengeri, Bangalore",3.5,12.92396196,77.48515472
Sri Krishna Juice & Chaats,"Beverages, Fast Food",200," Ulsoor, Bangalore",3.5,12.97307846,77.62928791
Sizzling Noodle House,"Chinese, Thai, Beverages",700," Banashankari, Bangalore",3.5,12.92499067,77.55065996
The Cake Wonder Cafe,"Bakery, Fast Food, Desserts, Beverages",500," Hebbal, Bangalore",3.5,13.04741276,77.57268861
Tea Hut,"Fast Food, Chinese, North Indian, South Indian, Beverages",400," HSR, Bangalore",3.5,12.9172053,77.64313817
The Spicy Aroma,"South Indian, North Indian",600," Electronic City, Bangalore",3.5,12.83904447,77.65786115
Mcleans Italian Pizzeria,"Fast Food, Pizza, Burger",400," Peenya, Bangalore",3.5,12.99948015,77.48825502
Streetology,"Street Food, Fast Food, North Indian",300," Sarjapur Road, Bangalore",3.5,12.9123524,77.6807065
MOMO Singh,"Chinese, Bengali, Biryani, North Indian, Seafood, Momos, Wraps, Rolls",300," Whitefield, Bangalore",3.5,13.006208,77.751598
Harvi's Creamistry,Beverages,300," Kadubeesanahalli, Bangalore",3.5,12.93710852,77.70211458
Merak-JW Marriott Hotel,"Asian, Continental",1200," JW Marriott Bengaluru, Lavelle Road, Bangalore",3.5,12.97187842,77.59516753
M-Aura Cafe Kitchen & More,"Biryani, North Indian, Chinese, Fast Food, Street Food",400," BTM, Bangalore",3.5,12.90560458,77.60525465
Kadamba Veg,"South Indian, North Indian, Chinese",400," Mysore Road, Bangalore",3.5,12.91399553,77.48705674
Hotel Elite Restaurant,"North Indian, Mughlai, Chinese, Mangalorean",750," Hesaraghatta, Bangalore",3.5,13.05717133,77.50710759
Al Fazal Biryani House,"Biryani, North Indian, Mughlai, Chinese",550," Bommanahalli, Bangalore",3.5,12.89742284,77.63508249
Octa Food,"South Indian, Biryani, North Indian, Chinese",300," Banashankari, Bangalore",3.5,12.92341002,77.5547396
Royal Orchid Central,"Continental, North Indian, Fast Food, Desserts, Beverages",1600," Royal Orchid Central, MG Road, Bangalore",3.5,12.97508777,77.615267
Tummies Corner,"North Indian, Chinese, Rolls, Biryani",400," Rajarajeshwari Nagar, Bangalore",3.5,12.90196229,77.51981221
Raidan Mandhi Biriyani,"North Indian, Chinese, Arabian, Lebanese",500," RT Nagar, Bangalore",3.5,13.03409706,77.60471318
Ruh,"North Indian, Mediterranean, Continental, Beverages",1600," Bellandur, Bangalore",3.5,12.92452337,77.67295763
Nisarga Garden,"South Indian, Chinese, North Indian, Biryani, Desserts, Ice Cream, Juices, Beverages",700," Basavanagudi, Bangalore",3.5,12.941538,77.57125396
Natural Mumbai Kulfi,"Desserts, Ice Cream",150," Rammurthy Nagar, Bangalore",3.5,13.02096652,77.67967589
Combos Jumbos Mumbos,"Fast Food, Rolls, Momos",200," Yeshwantpur, Bangalore",3.5,13.01942927,77.56192457
Sunrise Bar & Restaurants,"Andhra, North Indian, Kebab, Chinese, Fast Food, Seafood, Desserts, Beverages",700," Peenya, Bangalore",3.5,13.02253446,77.51942832
Tikka Kebab,"Kebab, North Indian, Chinese, Seafood, Biryani",700," Bommanahalli, Bangalore",3.5,12.89753559,77.62158796
Banashankari Donne Biryani,"Biryani, South Indian",300," Basavanagudi, Bangalore",3.5,12.94323127,77.54322656
Cafe Salata,"Salad, Fast Food, Continental, Beverages",400," Vijay Nagar, Bangalore",3.5,12.96008943,77.52703305
Mini Samrat,"South Indian, North Indian, Chinese, Fast Food, Desserts, Beverages",350," Vasanth Nagar, Bangalore",3.5,12.993135,77.595407
Ocean Sea Food Resto,Seafood,200," Rammurthy Nagar, Bangalore",3.5,13.01975952,77.67518755
Kritoo's Kicchana Adda,"Biryani, North Indian, Chinese",450," Bellandur, Bangalore",3.5,12.931746,77.684078
Laziz Pizza,"Fast Food, Pizza, Chinese",500," Whitefield, Bangalore",3.5,12.958929,77.742194
Prince Snacks And Chats Centre,"Street Food, Beverages",200," Hesaraghatta, Bangalore",3.5,13.0830631,77.4820947
Baba Ganoush Cafe,"Fast Food, Turkish, Wraps, Pizza, Arabian, Lebanese, Beverages",550," Bommasandra, Bangalore",3.5,12.821879,77.659678
Kaapi Kendra,South Indian,100," Nagarbhavi, Bangalore",3.5,12.95742391,77.51870312
Restorite,"Chinese, Kerala",300," Hesaraghatta, Bangalore",3.5,13.07648112,77.51730598
Cycle Gap Resto Bar & Pub,"North Indian, Chinese, Lebanese, Rolls, Beverages",950," Nagarbhavi, Bangalore",3.5,12.96013844,77.50559684
7 Star Dum Biryani,"Biryani, Chinese",350," Rammurthy Nagar, Bangalore",3.5,13.01416448,77.67862447
The Rendezvous,"Continental, Steak, Seafood, Italian",800," Koramangala 4th Block, Bangalore",3.5,12.93531577,77.62913536
Udupi Grand Veg,"South Indian, North Indian, Chinese, Biryani",300," Whitefield, Bangalore",3.5,12.994144,77.699408
Udupi Grand Veg,"South Indian, North Indian, Chinese, Biryani",300," Whitefield, Bangalore",3.5,12.994144,77.699408
Royal Darbar Family Restaurant,"North Indian, Chinese, Biryani",300," Yelahanka, Bangalore",3.5,13.103737,77.576941
New Naidu Hotel,"North Indian, Mughlai",450," KR Puram, Bangalore",3.5,13.0044967,77.7151051
Sri Krishna Sweets,Mithai,200," Basavanagudi, Bangalore",3.5,12.94225328,77.57101189
Uttar Karnataka Foods,South Indian,100," Malleshwaram, Bangalore",3.5,13.0014936,77.5708643
Nisarga,"Andhra, North Indian, Chinese, Chettinad, Seafood",600," Vijay Nagar, Bangalore",3.5,12.96841549,77.53770892
South Parade - Olde Bangalore,"Chinese, Asian, Continental, North Indian",1600," Olde Bangalore, Bangalore",3.5,13.1914795,77.62247209
Halli Mane Donne Biriyani Nati Style,"Biryani, South Indian, Chinese",400," Vijay Nagar, Bangalore",3.5,12.96464669,77.53094506
Paris Restaurant,"North Indian, Chinese, Biryani, Seafood, Mughlai",500," Yeshwantpur, Bangalore",3.5,13.02006168,77.55536791
Copper + Cloves @ The Organic World,"Cafe, Healthy Food, Desserts, Beverages",1000," Indiranagar, Bangalore",3.5,12.9704099,77.6428314
Wow Manglore Multi Cuisine Restaurant,"Fast Food, South Indian, Mangalorean, North Indian",300," Bommasandra, Bangalore",3.5,12.81786676,77.68974256
Udupi Vaibhav,"South Indian, North Indian, Chinese, Beverages, Street Food, Ice Cream",400," Sahakara Nagar, Bangalore",3.5,13.0535419,77.575389
Deccan Spices,"North Indian, Chinese, Biryani, Lebanese",500," Richmond Road, Bangalore",3.5,12.9615,77.61418
Tasty Munch,"Fast Food, Sandwich, Pizza, Chinese, Beverages",400," Rajajinagar, Bangalore",3.5,13.00448,77.54983988
Patiala Tandoor,North Indian,400," Rammurthy Nagar, Bangalore",3.5,13.02238191,77.69688964
7th Heaven,"Bakery, Fast Food, Beverages, Desserts",400," Yelahanka, Bangalore",3.5,13.09449519,77.58086801
Gowdru Siri Mane Donne Biryani,"Biryani, South Indian",300," Peenya, Bangalore",3.5,13.00825407,77.52693348
Sree Ganesh Juice Center,"Beverages, Juices",100," Indiranagar, Bangalore",3.5,12.98103327,77.64610939
Sri Ranga Military Hotel,"North Indian, South Indian",250," RT Nagar, Bangalore",3.5,13.02476941,77.59127799
Chicken Carnival,"North Indian, Chinese, Rolls, Mughlai",550," Jalahalli, Bangalore",3.5,13.07556225,77.51709715
Uphara Kendra,South Indian,150," Basavanagudi, Bangalore",3.5,12.9474634,77.57389326
Kaapi Kendra,"Fast Food, Beverages",150," Jayanagar, Bangalore",3.5,12.92549979,77.58384224
Bismillah Kabab Center,"Kebab, Fast Food",200," HBR Layout, Bangalore",3.5,13.0261482,77.62612626
Ghaas Phoos 1.0,"North Indian, Fast Food, Street Food, Desserts, Beverages",400," Brookefield, Bangalore",3.5,12.9606207,77.71489128
Tea Bites Cafe,"Chinese, Momos, Sandwich, Fast Food, North Indian, Beverages",250," Marathahalli, Bangalore",3.5,12.94887169,77.70922244
Cafe Bliss,"Cafe, Fast Food, Beverages",500," Varthur Main Road, Whitefield, Bangalore",3.5,12.92520679,77.73180187
The Lounge - The Chancery Pavilion,"North Indian, Italian, European, Continental",2000," The Chancery Pavilion, Residency Road, Bangalore",3.5,12.96597975,77.59847436
Grand Village,"North Indian, South Indian, Chinese, Street Food, Desserts",600," Basavanagudi, Bangalore",3.5,12.94428245,77.57206298
Chinese Hot,"Chinese, Thai",400," Vasanth Nagar, Bangalore",3.5,12.99060432,77.59355586
Apna Adda,"North Indian, Street Food, Chinese, Rolls",400," Rajarajeshwari Nagar, Bangalore",3.5,12.91716021,77.4998083
Mishra's Eatery Park,"North Indian, Chinese, Biryani, Fast Food",300," KR Puram, Bangalore",3.5,13.0702023,77.7448445
Crunchy Mojo,"Chinese, Fast Food, North Indian, South Indian",250," Sanjay Nagar, Bangalore",3.5,13.0299485,77.5625669
New Udupi Grand Hotel,"South Indian, North Indian, Chinese",350," Majestic, Bangalore",3.5,12.97552197,77.55884103
Mistaan Sweets And Chaat,"Mithai, Street Food, North Indian, Beverages",300," HSR, Bangalore",3.5,12.90881969,77.64751285
Siji's Mess,Kerala,200," Ejipura, Bangalore",3.5,12.93727506,77.63099279
Hebe's,"Healthy Food, Pizza, Continental, Sandwich, Italian, Beverages",500," HSR, Bangalore",3.5,12.90928146,77.64016327
Hebe's,"Healthy Food, Pizza, Continental, Sandwich, Italian, Beverages",500," HSR, Bangalore",3.5,12.90928146,77.64016327
The Pastry House,"Bakery, Desserts",400," Electronic City, Bangalore",3.5,12.84902237,77.67300088
Hotel Madina Grand,Chinese,250," Jayanagar, Bangalore",3.5,12.93195003,77.59261105
Lassi Ghat,Beverages,100," Jayanagar, Bangalore",3.5,12.92919729,77.58165155
#981 The Food Hub,"Chinese, Biryani, Chettinad, South Indian, North Indian, Desserts, Beverages",750," Kalyan Nagar, Bangalore",3.5,13.01876344,77.65270986
New Shanthi Sagar,"Chinese, Street Food, North Indian, South Indian, Beverages, Ice Cream",400," Rajajinagar, Bangalore",3.5,12.98603806,77.55447373
Malgudi Naati Style Hotel,"South Indian, Biryani, Mughlai, Andhra",400," Sahakara Nagar, Bangalore",3.5,13.056324,77.576686
Indraprastha Vegetarian,"South Indian, North Indian, Chinese, Fast Food, Beverages, Ice Cream",400," Majestic, Bangalore",3.5,12.9779109,77.57493328
Davanagere Bene Dosa Hotel,South Indian,100," Rajajinagar, Bangalore",3.5,13.00852815,77.54396014
Krishna Vaibhava,"South Indian, North Indian, Mithai, Chinese, Biryani",450," Vijay Nagar, Bangalore",3.5,12.96744087,77.53588635
Ambari Gardenia,"Andhra, Chinese, North Indian, Seafood, Biryani, Beverages",500," Kengeri, Bangalore",3.5,12.90046974,77.46620692
New Kairali Restaurant,"Kerala, South Indian, North Indian, Chinese",400," Kammanahalli, Bangalore",3.5,13.01539273,77.63045166
The Cake Shop Mayura,"Bakery, Desserts",350," JP Nagar, Bangalore",3.5,12.90637127,77.57801481
Idly Mane,South Indian,150," Basavanagudi, Bangalore",3.5,12.9508629,77.57774055
Sangam Restaurant,"North Indian, South Indian, Chinese",600," Rajajinagar, Bangalore",3.5,13.01253572,77.55453642
Ambrosia,"Continental, South Indian, North Indian, Chinese",2200," International Airport, Bangalore",3.5,13.20497208,77.63471805
Kabab Souq,"North Indian, Chinese, Mughlai",400," Thippasandra, Bangalore",3.5,12.97209275,77.67980699
Sarangi,"North Indian, Chinese, Andhra, Biryani",350," Hesaraghatta, Bangalore",3.5,13.06586743,77.50372332
Mallige Ootada Mane,South Indian,200," Vijay Nagar, Bangalore",3.5,12.96812961,77.53405206
Cibo Esca,"Fast Food, Chinese, North Indian, Continental",1000," Vijay Nagar, Bangalore",3.5,12.96080204,77.52862796
Utsav Restaurant,"North Indian, Chinese",500," Banashankari, Bangalore",3.5,12.94027344,77.56468859
New Sagar Fast Food,"South Indian, North Indian, Chinese",300," Rajajinagar, Bangalore",3.5,12.98984345,77.55256467
Grand Kabsa House,"Mughlai, Fast Food",400," Kalyan Nagar, Bangalore",3.5,13.02085,77.636223
Udupi Ruchi,"South Indian, North Indian, Chinese, Street Food, Beverages",450," Rajajinagar, Bangalore",3.5,12.9855601,77.55232964
Ayodhya Vihar Pure Veg,"North Indian, Chinese, South Indian, Beverages, Desserts, Juices, Ice Cream",450," Jeevan Bhima Nagar, Bangalore",3.5,12.96858996,77.64909636
Donut Cafe,"Desserts, Fast Food, Beverages",500," BTM, Bangalore",3.5,12.88201,77.6099
The Higher Taste Stores,"Fast Food, Bakery, Street Food, Desserts, Beverages",300," Malleshwaram, Bangalore",3.5,13.00703362,77.57119428
Maa Bhagwathi Hotel and Mess,"North Indian, Chinese",300," Yelahanka, Bangalore",3.5,13.12088947,77.63137434
Mars Chicken Delight,"North Indian, Chinese, Beverages",300," Koramangala 1st Block, Bangalore",3.5,12.92592101,77.63357576
Ambur Star Biryani,Biryani,250," Electronic City, Bangalore",3.5,12.846874,77.681463
Cake's Joint,"Bakery, Fast Food, Desserts",400," Malleshwaram, Bangalore",3.5,13.005867,77.564869
Bunny Bakers,"Bakery, Fast Food",400," Vijay Nagar, Bangalore",3.5,12.96059946,77.52946012
The Taj Hotel,"North Indian, Mughlai",450," City Market, Bangalore",3.5,12.96361129,77.57752731
Jigani Dum Biryani Centre,"Biryani, North Indian",350," Bommasandra, Bangalore",3.5,12.77966902,77.64335644
People Tree Cafe,"Beverages, Fast Food, Chinese",500," Jayanagar, Bangalore",3.5,12.92402502,77.57658586
Chikpet Donne Biriyani House,"Andhra, Biryani",300," Rajajinagar, Bangalore",3.5,12.99190228,77.55728837
Chikpet Donne Biriyani House,"Andhra, Biryani",300," Rajajinagar, Bangalore",3.5,12.99190228,77.55728837
Oru Vadakkan Cafe,"Kerala, South Indian, Biryani, Seafood",300," Koramangala 5th Block, Bangalore",3.5,12.93628234,77.62017343
Darjeeling Momos & Fast Food Center,"Fast Food, Momos",250," Bannerghatta Road, Bangalore",3.5,12.8558191,77.5944601
Shiv Sagar,"South Indian, North Indian, Fast Food, Street Food",500," Forum Mall, Koramangala, Bangalore",3.5,12.93423743,77.61130303
Kapoor's Biriyani,"Biryani, North Indian",400," BTM, Bangalore",3.5,12.90733273,77.60495894
Shawarma Corner,"Lebanese, Rolls, Fast Food",300," RT Nagar, Bangalore",3.5,13.03512368,77.60565162
Pakka Nati,"South Indian, Chettinad",500," Koramangala 1st Block, Bangalore",3.5,12.926208,77.633592
Kalavara,"South Indian, Kerala",150," CV Raman Nagar, Bangalore",3.5,12.98032889,77.66556479
Nammane Oota,South Indian,300," Nagarbhavi, Bangalore",3.6,12.96073571,77.51236707
Manasa Upahara Veg,"South Indian, North Indian, Chinese, Street Food",150," Koramangala 8th Block, Bangalore",3.5,12.94297019,77.61754587
Sagar Samrat,"North Indian, Chinese, South Indian",400," New BEL Road, Bangalore",3.5,13.02896226,77.57090159
7 Wonders Lounge,"North Indian, South Indian, Continental, Italian",1200," Nagarbhavi, Bangalore",3.5,12.96014367,77.51229834
Cafe Acacia,"Chinese, Fast Food",500," Banashankari, Bangalore",3.5,12.92736374,77.547561
Frost & Feather,"Fast Food, Beverages, Pizza, Sandwich, Pasta, Burger, Ice Cream",400," Kalyan Nagar, Bangalore",3.5,13.024823,77.637032
W XYZ Bar - Aloft Bengaluru Cessna Business Park,"Finger Food, North Indian",2000," Aloft Bengaluru Cessna Business Park, Kadubeesanahalli, Bangalore",3.5,12.93739041,77.69357845
Tandoori Ghar,"North Indian, Chinese, Bengali, Fast Food",500," RT Nagar, Bangalore",3.5,13.03495677,77.60140836
Sher-E-Punjab,"North Indian, Chinese",400," Marathahalli, Bangalore",3.5,12.93949803,77.69479148
Foodies Express,"Chinese, North Indian, Arabian, Biryani",400," Electronic City, Bangalore",3.5,12.8468826,77.68091306
SSB Biryani Kuteera,"Biryani, South Indian",300," JP Nagar, Bangalore",3.5,12.90846315,77.572929
Poha House,Street Food,150," BTM, Bangalore",3.5,12.91020925,77.61161786
Upahara Bhavan,"South Indian, North Indian, Chinese",300," Bannerghatta Road, Bangalore",3.5,12.85785453,77.58908998
Ambur Star Dum Biryani,"Biryani, Kebab",200," Jayanagar, Bangalore",3.5,12.91674158,77.59656865
Thunder Fried Chicken,"North Indian, Biryani, Kebab, Rolls, Chinese",500," Jeevan Bhima Nagar, Bangalore",3.5,12.96870791,77.6494769
Ambujam's Chettinad Mess,"South Indian, Chettinad, Chinese, Biryani, Mughlai, Seafood",600," Banaswadi, Bangalore",3.5,13.02395213,77.65843213
Lassi Shop,"Beverages, Ice Cream, Desserts",250," Banashankari, Bangalore",3.5,12.92629354,77.56112594
Ice Thunder,"South Indian, North Indian, Chinese, Desserts, Ice Cream, Street Food",500," Basavanagudi, Bangalore",3.5,12.94527219,77.57116076
Sweet Chariot,"Bakery, Desserts",200," Cunningham Road, Bangalore",3.5,12.98578258,77.59600908
Chaat King,"Street Food, Sandwich, Fast Food",150," RR Vatika, Rajarajeshwari Nagar, Bangalore",3.5,12.92599846,77.51803357
The Firewood Pizza,"Fast Food, Italian, Beverages",500," Kumaraswamy Layout, Bangalore",3.5,12.9076762,77.56370422
New Udupi Kitchen,"South Indian, Chinese, North Indian, Beverages, Juices",450," Kengeri, Bangalore",3.5,12.94150173,77.49263372
Sree Fish Land @ 2511,"North Indian, Chinese, Mangalorean, Seafood",600," Rajarajeshwari Nagar, Bangalore",3.5,12.90268062,77.51899514
Bihari Mess,"North Indian, Chinese, Bihari",400," Rajarajeshwari Nagar, Bangalore",,12.916804,77.50014625
Marwadi Kitchen,"North Indian, Rajasthani",300," Indiranagar, Bangalore",3.5,12.97297554,77.63581641
Karnataka Biriyani Paradise,"South Indian, Biryani",300," Frazer Town, Bangalore",3.5,13.00855559,77.61358459
Down Town Waikiki,"Ice Cream, Desserts, Fast Food, Beverages",350," Indiranagar, Bangalore",3.5,12.96651656,77.63726782
New Shanthi Sagar,"South Indian, North Indian, Chinese, Street Food, Beverages",600," RT Nagar, Bangalore",3.5,13.02271183,77.59263486
Kinara Family Restaurant,"South Indian, North Indian, Chinese",600," Bommasandra, Bangalore",3.5,12.77893496,77.64353145
Nandanavana - Hotel Presidency,"North Indian, South Indian, Chinese",700," International Airport, Bangalore",3.5,13.19302383,77.64579892
Prakriti Delux,"North Indian, Chinese, Biryani, South Indian, Beverages",400," Rajajinagar, Bangalore",3.5,12.98834816,77.55635329
Paratha Corner,North Indian,250," CV Raman Nagar, Bangalore",3.5,12.98530756,77.6648007
Tongue Twisters,"Bengali, North Indian, Odia",350," Sarjapur Road, Bangalore",3.5,12.91413115,77.67808132
Reddy's Restaurant,"North Indian, Chinese, Mughlai, Andhra, Biryani",500," HSR, Bangalore",3.5,12.91230338,77.63425503
Delhi Mess & Paratha Center,"North Indian, Chinese, Biryani",350," Hesaraghatta, Bangalore",3.5,13.08348079,77.48398125
Karavali Kitchen,"North Indian, Biryani, Chinese",400," Marathahalli, Bangalore",3.5,12.95078056,77.70456243
Royanna Military Canteen,"North Indian, Kerala, Rolls",400," Brigade Road, Bangalore",3.5,12.97140533,77.60668393
Goli Vada Pav No. 1,"Street Food, Fast Food, Desserts",300," HSR, Bangalore",3.5,12.91152037,77.63507679
Stop 'N' Joy,"Burger, Sandwich, Fast Food, Beverages",200," Banashankari, Bangalore",3.5,12.93445016,77.5365207
Aadvik Ka Kitchen,"North Indian, Chinese, South Indian, Street Food, Beverages",300," RT Nagar, Bangalore",3.5,13.02453847,77.59529091
Aadvik Ka Kitchen,"North Indian, Chinese, South Indian, Street Food, Beverages",300," RT Nagar, Bangalore",3.5,13.02453847,77.59529091
Panjabi Dhaba,North Indian,200," BTM, Bangalore",3.5,12.91694,77.605261
Ande Ka Funda,"North Indian, Fast Food",150," JP Nagar, Bangalore",3.5,12.91158279,77.57837556
Estaa Sweets,"Mithai, Street Food",300," Sarjapur Road, Bangalore",3.5,12.90915989,77.68843833
Vinaya Coffee Moments,"Cafe, Fast Food, Desserts, Pizza, Sandwich, Beverages",400," JP Nagar, Bangalore",3.5,12.88792632,77.58175716
Cultch Resto Cafe,"Cafe, Chinese, Pizza, Fast Food",600," Marathahalli, Bangalore",3.5,12.94548033,77.71597624
Shree Udupi Grand,"South Indian, North Indian, Chinese, Street Food, Fast Food, Beverages, Desserts",400," Jayanagar, Bangalore",3.5,12.91726609,77.59327993
Sri Basaveshwara Khanavali,South Indian,150," CV Raman Nagar, Bangalore",3.5,12.97785634,77.66657632
Raghavendra Upahara,"South Indian, Street Food, Chinese, Beverages, Desserts",200," Jayanagar, Bangalore",3.5,12.91666021,77.59328395
The Chef In,"Lebanese, Chinese, North Indian",350," Brookefield, Bangalore",3.5,12.979272,77.7125115
Curries & Pickles,"Andhra, North Indian, Biryani",500," Banaswadi, Bangalore",3.5,13.0091601,77.6567536
Namma Biryani,"Biryani, Chinese, North Indian",300," Banashankari, Bangalore",3.5,12.92785979,77.56190512
Sagar Chats,"Chinese, Beverages, Street Food",300," Commercial Street, Bangalore",3.5,12.98263348,77.60904595
Maggi Mane,"Fast Food, Beverages",350," Majestic, Bangalore",3.5,12.98360976,77.56590345
Bangalore Donne Biriyani,"Biryani, North Indian, Mughlai",300," Kumaraswamy Layout, Bangalore",3.5,12.9122488,77.56719109
Hot Pot,"Biryani, North Indian, South Indian, Chinese",450," CV Raman Nagar, Bangalore",3.5,12.98597762,77.67060868
Vazhiyoram Restaurant,"Kerala, South Indian, Chinese, Fast Food",300," Sarjapur Road, Bangalore",3.5,12.91256711,77.71363467
Espressoulster,"Cafe, Salad, Fast Food, Beverages",400," Koramangala 4th Block, Bangalore",3.5,12.93379693,77.63106871
The Chaats Factory,Street Food,200," Banashankari, Bangalore",3.5,12.92968157,77.54649416
Sri Krishna Foodline,Street Food,100," Ulsoor, Bangalore",3.5,12.97537397,77.62552209
New Surya Sweets & Snacks,"Mithai, Bakery, Street Food",300," BTM, Bangalore",3.5,12.9248348,77.6151017
Thaikudam Restaurant,"South Indian, Chinese, North Indian",650," KR Puram, Bangalore",3.5,13.004604,77.714037
Kairali Restaurant,"Kerala, South Indian",400," Bommasandra, Bangalore",3.5,12.83291677,77.68470772
Iyengar Bakery,"Bakery, Fast Food",150," Kumaraswamy Layout, Bangalore",3.5,12.90572942,77.56300751
Basaveshwara Kanawali,South Indian,250," Whitefield, Bangalore",3.5,12.9844872,77.73333851
Cappuccino,"South Indian, North Indian, Fast Food",200," Electronic City, Bangalore",3.5,12.85458582,77.6438513
Lalita's Paratha & More,"North Indian, Biryani, Mughlai, Kebab",500," Wilson Garden, Bangalore",3.5,12.94993624,77.59297986
Shanthi Sagar,"South Indian, North Indian, Chinese, Desserts, Beverages",400," JP Nagar, Bangalore",3.5,12.91352756,77.58587502
Himadri  Veg,"North Indian, South Indian, Chinese",500," Jalahalli, Bangalore",3.5,13.0651401,77.50438247
King Fish,"Seafood, Chinese, North Indian, Biryani, Mughlai, Kebab",500," Nagarbhavi, Bangalore",3.5,12.96092456,77.52046868
Vijay Kitchen,"Andhra, Chinese, Biryani, Mughlai, Seafood, North Indian, South Indian",400," Brookefield, Bangalore",3.5,12.96507961,77.71750342
Mahesh Friends Food Center,"Chinese, North Indian",300," Ejipura, Bangalore",3.5,12.942381,77.62791
Delhi Restaurant & Chaat,"North Indian, Chinese",300," RT Nagar, Bangalore",3.5,13.03474674,77.60554768
Bangalore Agarwal Bhavan,"Chinese, Fast Food",600," Jayanagar, Bangalore",3.4,12.93076679,77.58215848
The Bong Palate,"Bengali, North Indian, Chinese, Fast Food",400," BTM, Bangalore",3.5,12.9093577,77.6066025
Ice Cream Works,"Desserts, Ice Cream",350," Indiranagar, Bangalore",3.5,12.97989404,77.63966035
Hotel Abhimani,"North Indian, South Indian, Chinese, Andhra",300," KR Puram, Bangalore",3.5,13.00843864,77.69353017
Annapoorna Andhra Restaurant,"Andhra, Biryani, Chinese, North Indian, South Indian",400," Sahakara Nagar, Bangalore",3.5,13.057834,77.594009
Bombay Kababs,"North Indian, Kebab, Rolls",300," Jakkur, Bangalore",3.5,13.0690802,77.61940906
Chaiywaala Da Dhaba,"Fast Food, Tea, North Indian",300," New BEL Road, Bangalore",3.5,13.02917,77.56724607
Kolkata Rolls,"Rolls, Chinese, North Indian",250," KR Puram, Bangalore",3.5,13.0236853,77.7068748
Matsya Lunch Home,"Mangalorean, South Indian, Biryani",400," Malleshwaram, Bangalore",3.5,12.99070103,77.57463388
Biriyani House,"Biryani, North Indian, Rolls, BBQ",400," Whitefield, Bangalore",3.5,12.95422936,77.72090882
Just Delhiwala,"North Indian, Chinese",300," Bellandur, Bangalore",3.5,12.92892247,77.67100532
Hotel Malnad Family Restaurant,"North Indian, Chinese, Mughlai",350," Jalahalli, Bangalore",3.5,13.05505164,77.53412984
Hushy's Kitchen,"Fast Food, Chinese, Beverages",300," Shanti Nagar, Bangalore",3.5,12.96138101,77.60174297
1992 Chats - Space,"Sandwich, Fast Food",200," Rajajinagar, Bangalore",3.5,12.992166,77.554589
Hotel Ayodhya Upahar,"South Indian, Chinese",350," Sadashiv Nagar, Bangalore",3.5,13.00192014,77.57846743
American Bites,Fast Food,400," Sarjapur Road, Bangalore",3.5,12.86415387,77.77003415
RPS Food Corner,"North Indian, Chinese, Bengali",400," Marathahalli, Bangalore",3.5,12.94803227,77.70830344
Kolkata Famous Khati Rolls,"Fast Food, Rolls, North Indian, Chinese",250," Banashankari, Bangalore",3.5,12.9349243,77.5365958
Cafe Fattoush,"Cafe, Lebanese",700," BTM, Bangalore",3.5,12.91641904,77.61057749
Sri Banashankari Special Donne Biriyani,"Biryani, South Indian, Mughlai",300," Rajarajeshwari Nagar, Bangalore",3.5,12.91679714,77.50037558
The Feast Fries,Fast Food,200," Kalyan Nagar, Bangalore",3.5,13.021238,77.64156
KF's Biryani's and Kababs,"Biryani, Kebab",400," Koramangala 4th Block, Bangalore",3.6,12.93835828,77.63006005
Home Food,"Andhra, Chinese, North Indian, Biryani",300," Electronic City, Bangalore",3.5,12.82469768,77.68415987
Lil Asia,"Chinese, Thai, Nepalese, Tibetan, Seafood",500," Banaswadi, Bangalore",3.5,13.00802899,77.65207965
Ambur Dum Biriyani,"Biryani, North Indian",300," KR Puram, Bangalore",3.5,13.00449927,77.70539325
Sri Ganesh Fruit Juice Centre,"Juices, Beverages",100," Thippasandra, Bangalore",3.5,12.97217083,77.65289839
Chatkaraa Chats n Bites,"Fast Food, Beverages",400," CV Raman Nagar, Bangalore",3.5,12.984696,77.675522
Samosa Corner,Street Food,150," Bellandur, Bangalore",3.5,12.92728205,77.67267399
The Kitchen,"North Indian, Chinese, Fast Food, Finger Food, Italian",500," Koramangala 1st Block, Bangalore",3.5,12.92211497,77.63903908
Let's Chaat,"Street Food, Fast Food",150," HSR, Bangalore",3.5,12.89463965,77.66137216
Sri Ganesh Fruit Juice Centre,"Juices, Beverages",100," Koramangala 6th Block, Bangalore",3.5,12.937323,77.62432
Golden Egg,"Street Food, Fast Food, Chinese",300," Nagarbhavi, Bangalore",3.5,12.95610486,77.51853548
Sanam Hotel And Caterers,"Biryani, Chinese",150," Jakkur, Bangalore",3.5,13.0674207,77.6350708
GR Foods,"Andhra, Biryani",400," BTM, Bangalore",3.5,12.92510144,77.61575248
Cafe Chocolicious,"Street Food, Pizza, Fast Food, Desserts, Beverages",450," Hesaraghatta, Bangalore",3.5,13.07440222,77.5020285
Hotel Shalimar Meeting Point,"North Indian, Chinese, Mughlai, Seafood",500," Jakkur, Bangalore",3.5,13.08386679,77.63578992
Oye Hoye,North Indian,300," Nagawara, Bangalore",3.5,13.027861,77.639778
Pizza Cafe,"Fast Food, Sandwich, Burger, Pizza, Desserts, Beverages",700," Rajarajeshwari Nagar, Bangalore",3.5,12.91503147,77.50059754
Cafe Zzo,"Cafe, Fast Food",350," International Airport, Bangalore",3.5,13.14564194,77.61800922
Kunal Tiffin Centre,South Indian,100," RT Nagar, Bangalore",3.5,13.02420169,77.59036638
Karna,"South Indian, North Indian, Biryani, Chinese",500," Peenya, Bangalore",3.5,13.00644201,77.52639167
Kydz Adda,"Fast Food, North Indian, Chinese, Desserts, Ice Cream, Beverages",450," Banashankari, Bangalore",3.5,12.92861955,77.56615374
Balaji Kitchen,"North Indian, South Indian, Chinese, Street Food, Beverages",500," Vijay Nagar, Bangalore",3.5,12.95900663,77.52664346
Chandrappa Military Hotel,"South Indian, North Indian",300," Sarjapur Road, Bangalore",3.5,12.91419782,77.67755929
Fresh Cafe,"Chinese, Fast Food, Desserts, Beverages, Juices",250," Marathahalli, Bangalore",3.5,12.9905122,77.69331191
Sri Ganesh Juice Junction,"Juices, Fast Food",200," Bellandur, Bangalore",3.5,12.92395183,77.67418776
SLN Pantry And Cafe,"Fast Food, Beverages, Street Food, Pizza, Pasta, Rolls",300," Jalahalli, Bangalore",3.5,13.07220985,77.51040604
Bengali Khabar,"North Indian, Bengali, Chinese, Seafood",400," Old Airport Road, Bangalore",3.5,12.95955031,77.64591325
Indian Chhota Samosa Garden,"North Indian, Street Food, Fast Food, Beverages",200," Koramangala 1st Block, Bangalore",3.5,12.9282015,77.637085
Kabab Station,"North Indian, Chinese, Kebab",400," Rajajinagar, Bangalore",3.5,13.00461165,77.56100591
Chef Bakers,"Bakery, Desserts, Fast Food",300," Whitefield, Bangalore",3.5,12.9698066,77.7499632
Kafegram Food And Beverages,"Salad, Burger, Sandwich, Italian, Beverages, Desserts",500," Shanti Nagar, Bangalore",3.5,12.96231318,77.595594
Vijaya Cafe,"South Indian, Chinese",300," Majestic, Bangalore",3.5,12.97709151,77.57579427
Risalo Lassi Adda,"Beverages, Fast Food, North Indian",250," KR Puram, Bangalore",3.5,13.022435,77.696831
SLV Grand,"South Indian, North Indian, Chinese, Desserts, Beverages",200," Brigade Road, Bangalore",3.5,12.96734056,77.6084106
Kabab 4u,"North Indian, Chinese, Lebanese, Fast Food",450," Peenya, Bangalore",3.5,13.01590984,77.52030674
Biriyani Dharbhar,"Biryani, Kerala",300," Magadi Road, Bangalore",3.5,12.98520595,77.48064626
Thindi Katte,"South Indian, North Indian, Chinese, Street Food, Fast Food, Beverages",300," Rajarajeshwari Nagar, Bangalore",3.5,12.91546873,77.50053249
Snack N Slurp,"Fast Food, Pizza, Chinese",200," Jayanagar, Bangalore",3.5,12.91872063,77.59209238
Bangalore Bakers,"Bakery, Desserts",300," Brookefield, Bangalore",3.5,12.96292156,77.71329671
The Hyderbadi Chefs,"South Indian, North Indian, Chinese, Fast Food, Biryani",400," RT Nagar, Bangalore",3.5,13.03930492,77.59666823
Sree Lakshmi Venkateshwara Andhra Mess,"Andhra, South Indian",400," Marathahalli, Bangalore",3.5,12.9377492,77.69391876
Curry Street,"North Indian, Chinese",450," Jalahalli, Bangalore",3.5,13.05589005,77.53295671
ONC Cafe,"Fast Food, Beverages",300," Rajarajeshwari Nagar, Bangalore",3.5,12.93428645,77.51743041
Fork Street,"Cafe, Chinese, North Indian, Fast Food, Desserts, Beverages",500," Koramangala 7th Block, Bangalore",3.5,12.93636847,77.62972732
Navya Foods,"North Indian, Fast Food",300," BTM, Bangalore",3.5,12.931521,77.607375
Sri Ganesh Fruit Juice & Chats Center,"Juices, Beverages, Sandwich, Street Food, Desserts",200," Kalyan Nagar, Bangalore",3.5,13.03098614,77.6532625
Le Crusto,"Fast Food, Bakery",350," ITPL Main Road, Whitefield, Bangalore",3.5,12.98360086,77.75197383
Isha Hash House,South Indian,200," BTM, Bangalore",3.5,12.918903,77.60522747
Nammura Jonne Briyani,"South Indian, Chinese, Biryani",300," BTM, Bangalore",3.5,12.909193,77.60829
Indian Kitchen,"North Indian, Rolls, Chinese",450," Sahakara Nagar, Bangalore",3.5,13.06385,77.58012
The Asian Toss,Chinese,400," Sarjapur Road, Bangalore",3.5,12.92446978,77.63884127
The Crazy Wall,"Fast Food, Desserts, Beverages",250," JP Nagar, Bangalore",3.5,12.90808863,77.59187814
Burger Corner,"Burger, Fast Food",350," Yelahanka, Bangalore",3.5,13.1054444,77.5675017
Tomago Roast,"Fast Food, Beverages",400," BTM, Bangalore",3.5,12.92324859,77.61371668
Lassi Magic,"Beverages, Desserts",200," Electronic City, Bangalore",3.5,12.88978957,77.63973847
Sri Amma Banashankari  Donne Biryani,"Biryani, South Indian",400," Bommanahalli, Bangalore",3.5,12.88473481,77.64926836
Kolkatta Famous Kati Roll,"Rolls, Street Food",200," CV Raman Nagar, Bangalore",3.5,12.99204341,77.66376805
Vyshali Food Corner,"North Indian, Chinese, South Indian",400," Shanti Nagar, Bangalore",3.5,12.96119281,77.5887138
Biryani Empire,"Biryani, North Indian, Chinese",350," BTM, Bangalore",3.5,12.88566504,77.61495391
Sri Venkateshwara Chat Centre,Street Food,100," Banashankari, Bangalore",3.5,12.9386906,77.55217239
Chill Out Cafe,"North Indian, Chinese, Andhra, Fast Food, Biryani, Beverages",400," Electronic City, Bangalore",3.5,12.88924918,77.62564047
Grameena Siripakaa,"South Indian, Chinese, North Indian, Street Food, Fast Food, Ice Cream, Beverages",500," Vijay Nagar, Bangalore",3.5,12.97269554,77.5394433
Conner Stone,"Desserts, Ice Cream",300," Bommanahalli, Bangalore",3.5,12.89298527,77.62000479
Ammayi Thakkaram,"Kerala, South Indian",400," BTM, Bangalore",3.5,12.92698435,77.61552818
R.S Military Hotel,"South Indian, Biryani",400," JP Nagar, Bangalore",3.5,12.91212691,77.58639805
Ashirvad Veg,"South Indian, Chinese, North Indian",300," Marathahalli, Bangalore",3.5,12.95953921,77.70099442
Hello Stay Fit,"North Indian, Chinese, Healthy Food",400," Bommanahalli, Bangalore",3.5,12.89027655,77.64600109
Jameela Hotel,"North Indian, Mangalorean",300," Magadi Road, Bangalore",3.5,12.9728491,77.55003735
Machlee's Sea Food,Seafood,200," Electronic City, Bangalore",3.5,12.83475657,77.69573428
Sizzles And Drizzles,"Fast Food, Ice Cream",300," Jakkur, Bangalore",3.5,13.06812355,77.62922823
Simple Thindi,South Indian,100," Basavanagudi, Bangalore",3.5,12.9439204,77.56426647
Candy Cake,Bakery,150," Jayanagar, Bangalore",3.5,12.92038758,77.59475347
Cafe Bakery Morning Calm Glory,"Cafe, Bakery, Desserts, Fast Food",400," Banaswadi, Bangalore",3.5,13.03763061,77.65083008
Polu Foods,"Burger, Chinese, Fast Food, Beverages",250," Hennur, Bangalore",3.5,13.06049618,77.6417964
Mysuru Palav,"Biryani, North Indian",500," Kammanahalli, Bangalore",3.5,13.01624271,77.63549924
Cafe 69,"Fast Food, Beverages",500," Yelahanka, Bangalore",3.5,13.12151803,77.61985794
Sharmaji,Street Food,100," Shivajinagar, Bangalore",3.5,12.98908453,77.60709699
Gelato Italiano,"Desserts, Ice Cream",200," Whitefield, Bangalore",3.5,12.99101661,77.70948596
Gelato Italiano,"Desserts, Ice Cream",200," Whitefield, Bangalore",3.5,12.99101661,77.70948596
Coffee Bay,"Beverages, Fast Food, Desserts",300," Hesaraghatta, Bangalore",3.5,13.07363246,77.50500642
99 Variety Dosa,"South Indian, Street Food",400," HSR, Bangalore",3.5,12.90829223,77.64918454
Royal Rolls,"North Indian, Chinese, Rolls, Fast Food",300," Mysore Road, Bangalore",3.5,12.89555997,77.46027723
Munching Zone,Fast Food,200," Basaveshwara Nagar, Bangalore",3.5,12.98911165,77.54126485
Sri Balaji Juice And Chats,"Street Food, Beverages",400," Vijay Nagar, Bangalore",3.5,12.97389917,77.5445006
Wok Face,"Chinese, Lebanese",400," Brookefield, Bangalore",3.5,12.96732586,77.71622803
Bilal Biryani House,North Indian,150," Koramangala 7th Block, Bangalore",3.5,12.939093,77.609875
Basaveshwara Khanavali,South Indian,100," Electronic City, Bangalore",3.5,12.846885,77.68152
Shri Sambrama Hindu Military Hotel,Mughlai,350," Kanakapura Road, Bangalore",3.5,12.8912665,77.56138947
Biriyani Corner,"Rolls, Biryani, Kebab, Chinese",300," Vasanth Nagar, Bangalore",3.5,12.99213064,77.59384923
Sri Vinayaka Andhra Mess,Andhra,300," Koramangala 5th Block, Bangalore",3.5,12.93367898,77.61855271
Halli Mane Donne Biryani,"Biryani, South Indian",400," Jakkur, Bangalore",3.5,13.068039,77.630625
Mahi's Kitchen,"North Indian, Street Food, Chinese",350," Whitefield, Bangalore",3.5,12.957712,77.714524
Mumbai Kulfi,"Ice Cream, Desserts",150," Rammurthy Nagar, Bangalore",3.5,13.02100179,77.67971311
Gangotri Uttara Karnataka Mess,South Indian,200," Vijay Nagar, Bangalore",3.5,12.96857755,77.53248297
RR Dum Biryani,North Indian,300," Basaveshwara Nagar, Bangalore",3.5,12.99342467,77.55072568
Mishra's Eatery Park,"North Indian, Chinese, South Indian",300," Bommanahalli, Bangalore",3.5,13.070045,77.744728
Friends Euro Restaurant,"Mexican, Continental, North Indian, Chinese, Mangalorean, Desserts, Beverages",700," Koramangala 6th Block, Bangalore",3.5,12.93663035,77.62494307
Pa Pizza,"Pizza, Pasta",500," BTM, Bangalore",3.5,12.9254808,77.6105591
B & B The Pub,"Chinese, North Indian",1000," Basavanagudi, Bangalore",3.5,12.95907753,77.56737717
Aishwarya Open Air Family Restaurant,"North Indian, Chinese, Mughlai, Seafood",500," Whitefield, Bangalore",3.5,13.051481,77.757133
Hyderabad Biryani Zone,"Biryani, North Indian, Chinese, Mughlai, Seafood, Kebab, Rolls",600," Rammurthy Nagar, Bangalore",3.5,13.02077706,77.67325368
Baba Ka Dhaba,North Indian,400," BTM, Bangalore",3.5,12.9087308,77.60384213
Baba Ka Dhaba,North Indian,400," BTM, Bangalore",3.5,12.9087308,77.60384213
Husband's Kitchen,"Fast Food, North Indian",350," Sarjapur Road, Bangalore",3.5,12.9136658,77.6662999
Sri Lakshmi Dhaba,"North Indian, Chinese",250," BTM, Bangalore",3.5,12.916944,77.605227
Ghar Ki Rasoi,North Indian,500," Bellandur, Bangalore",3.5,12.93172456,77.68626608
Up Shawarma,Arabian,150," Sarjapur Road, Bangalore",3.5,12.9114977,77.6809508
Chef Kitchen,"North Indian, Biryani, Chinese",200," New BEL Road, Bangalore",3.5,13.036907,77.565645
Delhi Restaurant,"North Indian, Mughlai, Chinese",400," Marathahalli, Bangalore",3.5,12.93870694,77.69493565
Lassi Centre,"Ice Cream, Beverages",150," Yelahanka, Bangalore",3.5,13.1052042,77.5742448
Shree Venkateshwara Cafe,"Fast Food, Beverages",300," Kumaraswamy Layout, Bangalore",3.5,12.9069788,77.56211769
Food Mingo,"North Indian, Chinese, Fast Food",250," Marathahalli, Bangalore",3.5,12.95081944,77.7045631
Kolkata Famous Kathi Rolls,Rolls,150," Brookefield, Bangalore",3.5,12.95678644,77.71524232
Burger House,"Fast Food, Burger",400," HSR, Bangalore",3.5,12.90868047,77.64757656
Burger Leaf,"Burger, Sandwich, Fast Food, Beverages",400," Marathahalli, Bangalore",3.5,12.95567552,77.6979119
Kosta Kitchen,"Kerala, Chinese, North Indian, Biryani",300," Electronic City, Bangalore",3.5,12.8410931,77.64525544
Andhra Chilli's Family Restaurant,"Biryani, Andhra, North Indian, Chinese",600," Bellandur, Bangalore",3.5,12.926172,77.676143
Gokul Food Point,"Biryani, Hyderabadi",300," BTM, Bangalore",3.5,12.927417,77.606935
Apna Hotel,"North Indian, Mughlai",350," Whitefield, Bangalore",3.5,12.98966279,77.71815319
Chefs Creative Corner - CCC,"Andhra, North Indian, Fast Food, Chinese, South Indian, Beverages, Ice Cream",600," Marathahalli, Bangalore",3.5,12.95852632,77.71594338
Capital Cafe,"Chettinad, Chinese, South Indian, North Indian, Lebanese, Biryani",400," Banaswadi, Bangalore",3.5,13.02891947,77.66442787
Alagappa's Chettinadu Mess,"South Indian, Chettinad",250," HSR, Bangalore",3.5,12.91333606,77.62635861
Monster Bite,"Fast Food, Beverages, Burger",400," Rajajinagar, Bangalore",3.5,12.98823316,77.55639654
Robin Brown Ice Cream,"Ice Cream, Desserts, Beverages",350," Yelahanka, Bangalore",3.5,13.0963216,77.5802501
Punjab Junction,North Indian,400," KR Puram, Bangalore",3.5,13.00062616,77.71453388
S.L Family Restaurant,"North Indian, Chinese, Biryani",400," Brookefield, Bangalore",3.5,12.96746145,77.71810122
Just Juice,"Juices, Fast Food",200," Shanti Nagar, Bangalore",3.5,12.96145191,77.60156259
4Foodiez - The Restaurant,"North Indian, Chinese, South Indian, Rolls",400," Electronic City, Bangalore",3.5,12.821845,77.659823
Deoch An Doris,"Burger, Beverages",400," Electronic City, Bangalore",3.5,12.847505,77.682489
The Foodie's Mansion,"North Indian, Chinese, Momos, Fast Food",350," BTM, Bangalore",3.5,12.9136183,77.6040941
Utsava Grand,"South Indian, North Indian, Chinese, American, Beverages, Juices",550," Majestic, Bangalore",3.5,12.97938731,77.57494502
Amma Ambur Biriyani,"Biryani, North Indian",200," Nagarbhavi, Bangalore",3.5,12.95922521,77.51927208
SiP SHAKE CAFE,"Beverages, Fast Food, Desserts",300," New BEL Road, Bangalore",3.5,13.03519914,77.56368846
Taj Restaurant,"South Indian, Biryani, North Indian, Chinese",300," Electronic City, Bangalore",3.5,12.864711,77.657825
The Ice N Spice,"Fast Food, Pizza, Desserts, Beverages",300," Hesaraghatta, Bangalore",3.5,13.06676851,77.50320129
Hangout Junction,"North Indian, Chinese, South Indian",400," Whitefield, Bangalore",3.5,12.9575876,77.74399862
Kolkata Famous Kati Rolls,Rolls,200," Bellandur, Bangalore",3.5,12.92626609,77.67667383
Thirumala Paradise,"Biryani, Chinese, North Indian",350," JP Nagar, Bangalore",3.5,12.88246886,77.57563334
Thirumala Paradise,"Biryani, Chinese, North Indian",350," JP Nagar, Bangalore",3.5,12.88246886,77.57563334
SBR Donne Biryani,"Biryani, South Indian",250," HSR, Bangalore",3.5,12.92087351,77.64553506
Hotel Lazzat,"North Indian, Chinese",300," Indiranagar, Bangalore",3.5,12.958332,77.641566
Fruit Fuel Juice Bar,"Juices, Beverages, Fast Food",200," Marathahalli, Bangalore",3.5,12.95023881,77.709377
Yummy Wings,Fast Food,400," Koramangala 1st Block, Bangalore",3.5,12.9282614,77.6370053
Bawarchi Biryani,"Biryani, North Indian, Chinese",500," Whitefield, Bangalore",3.5,12.98231658,77.76158955
Mallnad Hotel,"North Indian, Chinese",300," Rajajinagar, Bangalore",3.5,13.00910505,77.53837176
New Punjabi Tadka,"North Indian, Mughlai, Chinese",350," Electronic City, Bangalore",3.5,12.85299441,77.67547581
Anithas Family Restaurant,"North Indian, Chinese, Street Food, South Indian, Fast Food, Beverages, Biryani",400," KR Puram, Bangalore",3.5,13.0503197,77.7146563
Sandra's Dancing Noodles,"Chinese, North Indian",300," Hennur, Bangalore",3.5,13.042633,77.667543
Tanu Di's Kitchen,"North Indian, Chinese",300," Koramangala 1st Block, Bangalore",3.5,12.92498544,77.63740998
Dosalicious,South Indian,150," Koramangala 6th Block, Bangalore",3.5,12.93941667,77.62610078
Sakath Biriyani and More,"Chinese, Rolls, Fast Food",350," Jakkur, Bangalore",3.5,13.06578774,77.61639118
Kitchen 9,"North Indian, Biryani",350," BTM, Bangalore",3.5,12.918885,77.612876
Chilli Park,"North Indian, Chinese, Fast Food",300," Electronic City, Bangalore",3.5,12.83860022,77.64987588
Kakathiya's Grand,"Biryani, North Indian, Chinese",300," Whitefield, Bangalore",3.5,12.9823961,77.749723
Shree Annapoorneshwari Dharshini,"South Indian, North Indian, Chinese",200," Jakkur, Bangalore",3.5,13.07145706,77.63357911
Kolkata Café,"North Indian, Mughlai, Chinese, Biryani, Seafood, Rolls",700," Bommanahalli, Bangalore",3.5,12.90903538,77.61397082
Soul Food,"North Indian, Fast Food, Street Food, Beverages",400," Koramangala 1st Block, Bangalore",3.5,12.918003,77.635951
Grilled  And Tandoori House,"North Indian, Chinese, Biryani, Kebab",500," BTM, Bangalore",3.5,12.90872524,77.60400876
Hotel Savi Ruchi Foodcourt,"South Indian, North Indian",300," BTM, Bangalore",3.5,12.923274,77.615113
Donne Biryani,"Biryani, South Indian",200," Shanti Nagar, Bangalore",3.5,12.95634763,77.59134773
Ganga Delicacy,"North Indian, Chinese, South Indian",300," Rajajinagar, Bangalore",3.5,12.99510125,77.55243156
V One Fast Food,Chinese,200," Rammurthy Nagar, Bangalore",3.5,13.02017329,77.68170266
Nimmane Donne Biryani,"Biryani, South Indian",300," Rajajinagar, Bangalore",3.5,12.9869868,77.54645493
Chill Grills,"Chinese, Fast Food, South Indian, North Indian, Healthy Food, Beverages",300," Kumaraswamy Layout, Bangalore",3.5,12.90652225,77.56619733
Food Paradise,"North Indian, Chinese, Bengali, Biryani",500," Whitefield, Bangalore",3.5,12.98275992,77.76686478
Dan's Eatery & Creamy,"Chinese, Fast Food",250," Whitefield, Bangalore",3.5,12.96961881,77.73556843
Rafiq's Kitchen,"Chinese, South Indian, North Indian",250," Indiranagar, Bangalore",3.5,12.968243,77.638374
RR Suggi Mane Coorg Style,"Mangalorean, Lebanese",300," New BEL Road, Bangalore",3.5,13.02869114,77.56174318
3T Kitchen,"Biryani, Chinese, South Indian",500," Old Madras Road, Bangalore",3.5,12.99586014,77.67213821
Mama Rita's Biryani Kitchen,"North Indian, Chinese",400," Rammurthy Nagar, Bangalore",3.5,13.01197418,77.67713349
Ruchi Ghar,"Biryani, North Indian, Kebab, Chinese",550," Banaswadi, Bangalore",3.5,13.03821626,77.66508937
Foodiction,"North Indian, Fast Food, Burger",400," BTM, Bangalore",3.5,12.9185824,77.60018561
Om Ganesha Juice And Chats,"Beverages, Street Food",150," Nagawara, Bangalore",3.5,13.0446844,77.6269667
Kerala Kafe,"Kerala, North Indian",250," Whitefield, Bangalore",3.5,12.9706212,77.75165398
Kerala Kafe,"Kerala, North Indian",250," Whitefield, Bangalore",3.5,12.9706212,77.75165398
Marina's,"North Indian, Chinese",400," Koramangala 6th Block, Bangalore",3.5,12.941962,77.623194
Amigos Chef,"Chinese, Fast Food, Beverages",350," Sarjapur Road, Bangalore",3.5,12.89820851,77.67549567
Ganta's Restaurant,Biryani,300," Whitefield, Bangalore",3.5,12.9557836,77.7261199
Gabbar Paratha,North Indian,150," Koramangala 1st Block, Bangalore",3.5,12.92432928,77.63670908
The Local - Burger Bar,"American, Pizza, Burger",1500," Koramangala 6th Block, Bangalore",3.5,12.94087403,77.62435835
Desi Chinese Kitchen,"Chinese, Asian",700," Indiranagar, Bangalore",3.5,12.97259099,77.6501327
Volga Restaurant,"North Indian, Chinese, Middle Eastern",500," Electronic City, Bangalore",3.5,12.84957415,77.67989181
The Orchid - Fortune Park JP Celestial,"Continental, Chinese, North Indian, Beverages",1300," Fortune Park JP Celestial, Bangalore",3.5,12.98133515,77.5765986
Cafe Solaire - Golden Palms Hotel & Spa,"Mughlai, North Indian",1200," Golden Palms Hotel & Spa, Bangalore",3.5,13.08933029,77.44543288
Sri Krishna Nandagokula,"North Indian, South Indian, Chinese",600," International Airport, Bangalore",3.5,13.25775357,77.71369267
Mayuri Multicuisine Restaurant,"North Indian, Chinese, South Indian, Seafood, Biryani",1000," Marathahalli, Bangalore",3.5,12.95637475,77.69571852
Nisarga Bar And Restaurant,"South Indian, Chinese, Seafood",800," Basavanagudi, Bangalore",3.5,12.94471246,77.57204186
B 64 - Ramada By Wyndham,"North Indian, South Indian, Chinese",1800," Yelahanka, Bangalore",3.5,13.15691088,77.56478199
Bihar Ki Shan,"North Indian, Chinese, Fast Food, Street Food",300," HSR, Bangalore",3.5,12.91949185,77.6488724
Sarvam,"South Indian, Chinese, North Indian",600," HSR, Bangalore",3.5,12.91046415,77.6325649
Taranga,"Andhra, North Indian, Chinese, Mughlai, Desserts",800," Rajarajeshwari Nagar, Bangalore",3.5,12.9037372,77.5138215
Vietnamese Kitchen,Vietnamese,700," Banashankari, Bangalore",3.5,12.92415378,77.56041616
Sonar Bangala,"Bengali, North Indian",500," Koramangala 5th Block, Bangalore",3.5,12.93392929,77.61644248
Café @ Elanza,"Chinese, North Indian, Fast Food, South Indian",1000," Richmond Road, Bangalore",3.5,12.96512012,77.60220699
Dwarka,"Andhra, Chinese, North Indian",550," Peenya, Bangalore",3.5,13.02658427,77.52057865
Nidhi Restaurant,"South Indian, Andhra, Chinese, North Indian, Desserts, Ice Cream",700," Nagarbhavi, Bangalore",3.5,12.98009431,77.51073293
Golden Restaurant,"South Indian, North Indian, Chinese",1000," Jayamahal Palace Hotel, Frazer Town, Bangalore",3.5,12.99705974,77.59723283
Q GroundZero Hub,"North Indian, Chinese, Beverages, Coffee, Continental",1000," International Airport, Bangalore",3.5,12.44144277,77.67354168
Pizzarea,"Pizza, Fast Food",500," Banaswadi, Bangalore",3.5,13.014722,77.652799
Secret Scoopss,"Desserts, Ice Cream, Fast Food",300," Malleshwaram, Bangalore",3.5,13.008075,77.556408
Nizam's Kitchens,"Andhra, Biryani, South Indian, North Indian, Chinese, Mughlai",700," Marathahalli, Bangalore",3.5,12.9485603,77.69905787
Reddy's Kitchen,"North Indian, Chinese, Continental",700," Banaswadi, Bangalore",3.5,13.01955615,77.65698406
Nasco Restaurant Kabab Center,"South Indian, North Indian, Mughlai, Chinese, Biryani, Kebab, Beverages",750," Bommanahalli, Bangalore",3.5,12.88411153,77.62494776
Adithya Restaurant,"North Indian, Chinese, Seafood, Andhra, Mughlai",600," Jayanagar, Bangalore",3.5,12.92851302,77.59648584
b'lore 45 The Bar - Courtyard by Marriott,"North Indian, Beverages",2600," Courtyard by Marriott Bengaluru, Hebbal, Bangalore",3.5,13.04307814,77.60973159
Hotel Prashanth,"North Indian, Biryani, South Indian",400," Nagarbhavi, Bangalore",3.5,12.96708245,77.50378735
Kadala Tarangaa,"Mangalorean, Seafood, North Indian, Fast Food",600," Basavanagudi, Bangalore",3.5,12.93382929,77.57374741
Sunehri,"South Indian, Street Food, Fast Food, Chinese, Continental, Beverages, Desserts, Mangalorean",500," Woodlands Hotel, Richmond Road, Bangalore",3.5,12.9647042,77.59486746
Dorothy's Kitchen,"Biryani, North Indian, Mughlai",500," Bommanahalli, Bangalore",3.5,12.892077,77.6265803
Rhum Bar,"North Indian, South Indian, Chinese, Ice Cream, Beverages",750," Race Course Road, Bangalore",3.5,12.98093689,77.57685408
Rhum Bar,"North Indian, South Indian, Chinese, Ice Cream, Beverages",750," Race Course Road, Bangalore",3.5,12.98093689,77.57685408
Dwaraka Andhra Style,"Andhra, South Indian, Chinese, North Indian",900," BTM, Bangalore",3.5,12.91383622,77.60898317
Abhiruchi Hotel,"North Indian, Biryani, Seafood",600," Bommanahalli, Bangalore",3.5,12.90662781,77.6282328
NMR Multicuisine Restaurant,"North Indian, Chinese, Arabian, Juices",550," Electronic City, Bangalore",3.5,12.88974872,77.64896225
Shree Manjunatha Bar And Restaurant,"North Indian, South Indian, Chinese",550," Kanakapura Road, Bangalore",3.5,12.89683228,77.57117383
Nebula,"North Indian, Chinese, Thai, Italian, South Indian",700," Galaxy Club, Brigade Gateway, Malleshwaram, Bangalore",3.5,13.01200228,77.55648874
C2C,"Chinese, Biryani",300," Electronic City, Bangalore",3.5,12.85107681,77.65149426
Biryani Festival,"Biryani, North Indian, Chinese",800," Whitefield, Bangalore",3.5,12.98003256,77.75240902
Samrat Family Restaurant & Bar,"North Indian, Andhra, Chinese",600," RT Nagar, Bangalore",3.5,13.02738129,77.58598365
H3O,"North Indian, Chinese",1400," Rajajinagar, Bangalore",3.5,12.98917666,77.55019996
Kartik,"Chinese, North Indian, Beverages",700," Banaswadi, Bangalore",3.5,13.00956696,77.65775688
Nandhi Gardenia,North Indian,800," International Airport, Bangalore",3.5,13.15679982,77.6255003
4s Bar,"North Indian, Chinese",650," Koramangala 4th Block, Bangalore",3.5,12.93566475,77.62858585
Desi Bites,"Rajasthani, North Indian, Chinese",600," Nagawara, Bangalore",3.5,13.0408329,77.62253478
Chef in,"Biryani, North Indian, Chinese",500," Brookefield, Bangalore",3.5,12.96287483,77.71756779
Unico,"North Indian, Biryani, Chinese, Beverages",550," Bellandur, Bangalore",3.5,12.92631021,77.67686896
Spice Affair,"North Indian, Chinese",600," Marathahalli, Bangalore",3.5,12.97550629,77.69685846
Tikhi Mirch,"North Indian, Chinese, South Indian, Continental, Beverages",1000," International Airport, Bangalore",3.5,13.151806,77.62061398
Aadhya Hotel,"North Indian, Chinese, Biryani",800," Basavanagudi, Bangalore",3.5,12.9303678,77.56686252
Best Brews - Four Points by Sheraton Bengaluru Whitefield,"North Indian, Kebab",1500," Four Points by Sheraton Bengaluru Whitefield, Bangalore",3.5,12.97908968,77.75134955
Sri Srinivas Pork Hotel,"South Indian, Fast Food",300," Ejipura, Bangalore",3.5,12.94875145,77.62746502
Oakleaf,"Asian, Continental, North Indian, Italian",2000," Forum Neighbourhood Mall, Whitefield, Bangalore",3.5,12.95998879,77.74732623
Mangalore Lunch Home,"Mangalorean, North Indian, Chinese, Biryani, Seafood",600," Basaveshwara Nagar, Bangalore",3.5,12.99828677,77.5463929
Swathi,"Chinese, Andhra, North Indian, Beverages",500," Magadi Road, Bangalore",3.5,12.98395696,77.48599559
Chill,"North Indian, Chinese, Continental",1800," Radha Hometel, Bangalore",3.5,12.97788901,77.71365076
Aramane Donne Biryani,"Biryani, South Indian, Chinese, North Indian",400," JP Nagar, Bangalore",3.5,12.9127426,77.58600444
Malabar Hotel,"South Indian, North Indian",300," Yelahanka, Bangalore",3.5,13.0831375,77.548675
Rolls On Wheels,"Rolls, North Indian",300," Nagarbhavi, Bangalore",3.5,12.95738895,77.5186545
Parijatha Fish Land,"North Indian, Chinese, Biryani, Chettinad, South Indian",400," Jalahalli, Bangalore",3.5,13.05992168,77.53143657
Sri Ranganatha Military Hotel,South Indian,300," Basavanagudi, Bangalore",3.5,12.95912,77.56947465
Kabab King,"North Indian, Chinese, Street Food, Beverages",300," Uttarahalli, Bangalore",3.5,12.90841707,77.54820172
Paradise Cafe,"Italian, Fast Food, Burger, Sandwich",300," Peenya, Bangalore",3.5,13.01585259,77.52962163
Juice Berg,"Fast Food, Chinese, Beverages, Street Food, Juices",300," Brookefield, Bangalore",3.5,12.96725692,77.71458082
Burger Man,Burger,200," Jalahalli, Bangalore",3.5,13.06097236,77.5338985
Absolute Shawarma,"Lebanese, Fast Food",300," Thippasandra, Bangalore",3.5,12.97231492,77.65391193
Green Hotel,"North Indian, Chinese",200," Sarjapur Road, Bangalore",3.5,12.90866086,77.68036153
Green Hotel,"North Indian, Chinese",200," Sarjapur Road, Bangalore",3.5,12.90866086,77.68036153
The Chef Couple,"North Indian, Mughlai, Chinese",750," Sarjapur Road, Bangalore",3.5,12.85851023,77.78322089
A M Biryani Hotel,"North Indian, Chinese, Biryani, Fast Food",300," Bannerghatta Road, Bangalore",3.5,12.87619024,77.59901751
Thamboola,"North Indian, Chinese, Continental",800," Banashankari, Bangalore",3.5,12.92776339,77.56199263
Udupi Cafe,"South Indian, North Indian, Street Food, Chinese",300," Whitefield, Bangalore",3.5,13.01540286,77.76195131
Cafe G - Holiday Inn,"North Indian, Asian, Continental, Desserts",1900," Holiday Inn, Race Course Road, Bangalore., Bangalore",3.5,12.980184,77.578581
Rajasthani Taj Restaurant,"North Indian, Chinese, Street Food",350," BTM, Bangalore",3.5,12.92224758,77.61113145
Karnataka Biryani Paradise,"Biryani, North Indian, Kebab, Afghan, Chinese, Tamil",500," Nagarbhavi, Bangalore",3.5,12.95907099,77.52500866
Malabar Hotel,"Kerala, North Indian, Biryani, Fast Food",500," New BEL Road, Bangalore",3.5,13.05891051,77.56005272
New Mahesh Friends Food Corner,"North Indian, Chinese, Street Food",300," BTM, Bangalore",3.5,12.909044,77.613365
Secret Spot Cafe,"American, European, Italian, Beverages",500," Jayanagar, Bangalore",3.4,12.93099488,77.58614458
Bira 91 Limited Release Taproom,"Finger Food, North Indian, Italian",1200," Koramangala 4th Block, Bangalore",3.4,12.93133537,77.63304904
Rangastaalamm,"North Indian, Chinese, Andhra, Biryani, Desserts, Beverages",700," Rajarajeshwari Nagar, Bangalore",3.4,12.93259508,77.51600347
Chickpet Donne Biryani House,"Biryani, South Indian",400," Kanakapura Road, Bangalore",3.4,12.8829748,77.54672214
Mangala Vilas,"South Indian, Seafood, Biryani",500," Koramangala 5th Block, Bangalore",3.4,12.93270618,77.61401508
Qureshi Kabab,"Chinese, Arabian",500," JP Nagar, Bangalore",3.4,12.90730659,77.57161506
Namma Mess Nati Style,"South Indian, Chinese, Biryani",400," Banashankari, Bangalore",3.4,12.94205821,77.55117629
Spicy Biriyani,Biryani,400," Nagarbhavi, Bangalore",3.4,12.967221,77.50399
Smoky Beach,"North Indian, Chinese, Fast Food, Pizza, Beverages",850," Basavanagudi, Bangalore",3.4,12.94691282,77.56882455
A R Biryani Family Restaurant,"Biryani, North Indian, South Indian",300," KR Puram, Bangalore",3.4,13.014999,77.717622
Romeo Lassi Shop,"Beverages, Desserts, Fast Food, Juices, Ice Cream, Street Food, Sandwich, Burger",400," Shivajinagar, Bangalore",3.4,12.98527521,77.6034911
The Banana Leaf,"Kerala, Beverages",250," Rammurthy Nagar, Bangalore",3.4,13.01319036,77.66759086
AppaG Cafe,"Chinese, South Indian, North Indian, Beverages",300," Yelahanka, Bangalore",3.4,13.094391,77.618653
Gahan Military Hotel,"South Indian, Biryani",250," Koramangala 7th Block, Bangalore",3.4,12.937491,77.611637
SMOQUE - The Fusion Bistro,"Continental, Beverages, American, Fast Food, Italian, Sandwich, Salad",600," Koramangala 4th Block, Bangalore",3.4,12.9309742,77.6331446
Your Cafe Club,"Arabian, Chinese, Beverages",350," KR Puram, Bangalore",3.4,13.024346,77.706982
Tipsy Cafe,"Fast Food, Street Food, Ice Cream, Beverages",300," Shivajinagar, Bangalore",3.4,12.98527456,77.60349009
Pizza Corner,"Pizza, Fast Food",400," ITPL Main Road, Whitefield, Bangalore",3.4,13.07015626,77.78835297
Muthanna Military Hotel,"North Indian, Biryani",300," BTM, Bangalore",3.4,12.91650752,77.61612924
Swadist Cafe,"Street Food, Sandwich, North Indian, Mithai",250," JP Nagar, Bangalore",3.4,12.90845465,77.5870391
Rice Sambar,"Fast Food, Rolls, South Indian",200," Yeshwantpur, Bangalore",3.4,13.01933519,77.56186455
Garam Matka,"Fast Food, Tea, Beverages",400," BTM, Bangalore",3.4,12.914171,77.610226
Al-Madina,"North Indian, Chinese",500," BTM, Bangalore",3.4,12.91602395,77.61867642
Adab Cafe,"Lebanese, Fast Food, Beverages, Chinese",200," HSR, Bangalore",3.4,12.90629218,77.63575271
Gowdru Baduta Nati Style,South Indian,300," Banashankari, Bangalore",3.4,12.93207029,77.54482716
Food Hub,"North Indian, Chinese, Biryani, Mughlai, Fast Food",450," RT Nagar, Bangalore",3.4,13.02990985,77.6079382
Food Hub,"North Indian, Chinese, Biryani, Mughlai, Fast Food",450," RT Nagar, Bangalore",3.4,13.02990985,77.6079382
Sri Dakshin Haveli Veg & Non Veg Restaurant,"Mughlai, North Indian, Biryani, Kebab, Chinese",500," Marathahalli, Bangalore",3.4,12.95006106,77.70135786
Cauvery Biryani House,"Biryani, Chinese, Kebab, North Indian, Mughlai",500," KR Puram, Bangalore",3.4,13.017326,77.708961
Star Enterprises@The Pizza Corner,"Pizza, Fast Food",300," Nagawara, Bangalore",3.4,13.028734,77.621308
Food Art Cafe,"Chinese, Fast Food, Street Food, Biryani, Lebanese, Beverages, Rolls, Momos",300," HSR, Bangalore",3.4,12.9188386,77.64705855
Tales Of Punjab,"North Indian, Street Food",300," Hebbal, Bangalore",3.4,13.04900666,77.59691734
My Shawarma,"Fast Food, Street Food, Beverages, Desserts",550," Shivajinagar, Bangalore",3.4,12.985201,77.603501
Romeo Cafe,"Beverages, Desserts, Fast Food, Sandwich, Burger, Street Food",300," Shivajinagar, Bangalore",3.4,12.98527227,77.60349177
S M Grand,"North Indian, Chinese, Fast Food, South Indian, Desserts, Ice Cream, Beverages",600," Brookefield, Bangalore",3.3,12.9610957,77.7173251
The Taj Hotel,"North Indian, Chinese",300," City Market, Bangalore",3.4,12.963694,77.577583
Oregano,"Pizza, Italian, Fast Food, Beverages",500," Bommasandra, Bangalore",3.4,12.82128077,77.65998714
Aadam's  Ruchikoottu,"South Indian, Kerala, Beverages",400," Bannerghatta Road, Bangalore",3.4,12.86034918,77.58978199
Students Combos,"North Indian, South Indian, Chinese, Rolls",300," JP Nagar, Bangalore",3.4,12.91047004,77.56687492
New Ambur Hot Dum Biryani,"Biryani, Chinese, South Indian",350," Sanjay Nagar, Bangalore",3.4,13.03622431,77.57462194
Savera Lassi Shop,"Beverages, Desserts, Fast Food, Street Food, Ice Cream, Sandwich, Burger",250," Shivajinagar, Bangalore",3.4,12.98527358,77.60349344
Dose Mane,South Indian,150," Fairfield by Marriott,Rajajinagar , Bangalore",3.4,13.00802997,77.55484656
Burger Friendz,"Burger, Fast Food",200," BTM, Bangalore",3.4,12.90922819,77.61116624
Kabab Biryani Corner,"Biryani, North Indian, South Indian, Chinese, Rolls, BBQ",450," Richmond Road, Bangalore",3.4,12.95650446,77.61973992
Bergaya Fried Chicken,"Fast Food, Beverages, Burger",300," Sanjay Nagar, Bangalore",3.4,13.042807,77.5789355
Arabian Aroma,"Arabian, BBQ, Fast Food",400," Bommanahalli, Bangalore",3.4,12.89228097,77.63825655
Lucky Meal Point,Biryani,200," Kengeri, Bangalore",3.4,12.90008116,77.46629544
Flamingos Restaurant,"North Indian, Chinese, Mughlai, Beverages",500," Marathahalli, Bangalore",3.4,12.95193888,77.70218432
Al-Salam Cafe,"Fast Food, Beverages",300," Jayanagar, Bangalore",3.4,12.92847217,77.59468272
Salem Kitchen,"Chettinad, Chinese, South Indian, Mughlai, Biryani",500," Brookefield, Bangalore",3.4,12.96441079,77.7155387
Salem Kitchen,"Chettinad, Chinese, South Indian, Mughlai, Biryani",500," Brookefield, Bangalore",3.4,12.96441079,77.7155387
Sri Devi Grand,South Indian,300," Yelahanka, Bangalore",3.4,13.10621391,77.56789996
The Bread House,"Sandwich, Fast Food, Rolls, Pizza, Italian, Beverages",400," Bommasandra, Bangalore",3.4,12.80021816,77.70558666
SFC Garden & Restaurant,"North Indian, Chinese",400," Bommasandra, Bangalore",3.4,12.80707224,77.69837793
Drip The Cafe Bar,"Fast Food, Beverages, Tea",100," KR Puram, Bangalore",3.4,13.010091,77.7080301
Thani Kerala Hotel,"Kerala, South Indian, Biryani",300," Electronic City, Bangalore",3.4,12.85188387,77.66793888
Abba Kitchen,"South Indian, North Indian, Biryani",300," Rammurthy Nagar, Bangalore",3.4,13.02599728,77.69202411
Nandi Iyengars Cake Palace,"Bakery, Fast Food",400," Marathahalli, Bangalore",3.4,12.95244926,77.70700894
By 2 Cafe,South Indian,100," Vijay Nagar, Bangalore",3.4,12.97567782,77.53735486
H R Family Restaurant,"North Indian, Chinese, Mughlai, Rolls",550," Hesaraghatta, Bangalore",3.4,13.07271181,77.50299945
Punjabi Zaica,"Chinese, North Indian, Mughlai, Biryani",550," JP Nagar, Bangalore",3.4,12.89459749,77.58161902
Swadeshi Khana,"North Indian, Chinese",300," Marathahalli, Bangalore",3.4,12.94251861,77.70090289
Casa Calisto,"Continental, Pasta, Italian, Roast Chicken, BBQ, Desserts",500," Jeevan Bhima Nagar, Bangalore",3.4,12.96811817,77.6520649
Five Star and Koli Hut,"Finger Food, Fast Food",200," CV Raman Nagar, Bangalore",3.4,12.9853043,77.6732189
Thalassery Mess,"Biryani, South Indian",250," Bommanahalli, Bangalore",3.4,12.905134,77.6320831
The Cake Zone,"Bakery, Desserts",400," Bommanahalli, Bangalore",3.4,12.899032,77.639202
D-Zaprino,"Fast Food, Burger, Pizza, Street Food, Beverages",350," Jalahalli, Bangalore",3.4,13.03882216,77.51791455
Inchara Family Restaurant,"North Indian, Chinese, Andhra, Kebab",700," Yelahanka, Bangalore",3.4,13.08254947,77.59253027
Nandini Deluxe,"Biryani, Andhra, North Indian, Seafood, Chinese",700," Banaswadi, Bangalore",3.4,13.01755392,77.6551263
Sai Prasadam,"North Indian, South Indian, Street Food, Chinese",400," Vijay Nagar, Bangalore",3.4,12.96483979,77.53890149
Silver Dine By Shankar's Kitchen,"Seafood, North Indian, Biryani, Chinese",750," Bommasandra, Bangalore",3.4,12.80789416,77.69830551
Davanagere Butter Dosa Hotel,"South Indian, Street Food",150," Rajajinagar, Bangalore",3.4,13.00842002,77.5440044
Anda Bhojana,"North Indian, Chinese, Mughlai, Fast Food, Beverages",350," Kumaraswamy Layout, Bangalore",3.4,12.91048245,77.56694466
Desi Dhaba,"North Indian, Chinese",300," Electronic City, Bangalore",3.4,12.85481594,77.66552053
Hotel Gowdru Mane,"Chettinad, Chinese",400," Rajajinagar, Bangalore",3.4,13.01823828,77.53144998
ARK Donne Biryani,"Biryani, South Indian",300," Varthur Main Road, Whitefield, Bangalore",3.4,12.93175855,77.74152394
Over The Stone,"Desserts, Ice Cream",300," Rajarajeshwari Nagar, Bangalore",3.4,12.90488299,77.50485655
Prakruthi Sweets And Andhra Home Foods,"Mithai, Desserts, South Indian, Fast Food, Sandwich",300," JP Nagar, Bangalore",3.4,12.9039768,77.5846564
American Bites,"Pizza, Burger",400," Sarjapur Road, Bangalore",3.4,12.86338281,77.77024269
Sri Vishnu Upahar,"North Indian, South Indian, Chinese, Beverages",500," Bommasandra, Bangalore",3.4,12.7994176,77.71520577
Patiala NH 44,"North Indian, Chinese",800," Basavanagudi, Bangalore",3.4,12.94505065,77.57103872
Sixtyy Desi Dhaba,"Finger Food, South Indian, North Indian",1200," Koramangala 6th Block, Bangalore",3.4,12.940131,77.625494
Sri Murugan Cafe,"South Indian, Chinese, Beverages",200," CV Raman Nagar, Bangalore",3.4,12.99276671,77.66391121
Pahilwani Handi,"Biryani, South Indian, North Indian",350," Shivajinagar, Bangalore",3.4,12.98551861,77.60204639
Gola Vada Pav,"Street Food, Burger, Fast Food",200," Nagarbhavi, Bangalore",3.4,12.98078073,77.50710558
Yahan Chinese And Thai Restaurant,"Chinese, Thai, Seafood",500," Kammanahalli, Bangalore",3.4,13.01509122,77.63219073
Gola Vada Pav,"Street Food, Burger, Fast Food",200," Nagarbhavi, Bangalore",3.4,12.98078073,77.50710558
Yahan Chinese And Thai Restaurant,"Chinese, Thai, Seafood",500," Kammanahalli, Bangalore",3.4,13.01509122,77.63219073
Bangalore Bakers,"Bakery, Desserts",500," Jakkur, Bangalore",3.4,13.068965,77.630105
Ammapalli Kitchen,"South Indian, Biryani",500," KR Puram, Bangalore",3.4,13.01450943,77.70934045
Punjabi Plaza,"North Indian, Fast Food",400," BTM, Bangalore",3.4,12.909182,77.608317
Shree Sagar Veg,"North Indian, Chinese, Biryani, South Indian, Beverages",350," Peenya, Bangalore",3.4,13.03227311,77.51806408
Brigade Taj,"North Indian, Chinese, Roast Chicken",250," Brigade Road, Bangalore",3.4,12.96950446,77.60797039
Hichkii,"Biryani, North Indian, Fast Food",300," BTM, Bangalore",3.4,12.905704,77.611428
Flavaroma Restaurant,"North Indian, Chinese",300," Marathahalli, Bangalore",3.4,12.94886451,77.7090387
Ithaca - The Chancery Pavilion,"North Indian, Italian, European, Continental",2000," The Chancery Pavilion, Residency Road, Bangalore",3.4,12.96591081,77.59892162
Rosewood International Hotel - Bar & Restaurant,"North Indian, Chinese, Oriental, Desserts",850," Mysore Road, Bangalore",3.4,12.95346609,77.54397757
Swad Traditional Taste Of Kerala,"Biryani, Kerala",400," Sahakara Nagar, Bangalore",3.4,13.070004,77.577713
Wondrous,"Fast Food, Beverages, Sandwich, Rolls",250," Hennur, Bangalore",3.4,13.05566,77.661508
One More Cup,"Street Food, Chinese, Fast Food, Beverages",400," CV Raman Nagar, Bangalore",3.4,12.97647863,77.66594238
Juice World,"Juices, Beverages",150," Wilson Garden, Bangalore",3.4,12.94533721,77.59496067
Namaste Royal Punjab Restaurant,"North Indian, Fast Food",500," New BEL Road, Bangalore",3.4,13.030056,77.5632821
Hotel Elite,"Chinese, North Indian, Mughlai, Seafood, Biryani, Ice Cream, Beverages",600," Magadi Road, Bangalore",3.4,12.99011428,77.5031044
Hotel New Al Siddique,"North Indian, South Indian",400," KR Puram, Bangalore",3.4,13.01953,77.708368
San Churro Cafe,"Cafe, Mexican, Italian, Pizza, Desserts, Beverages",800," Banashankari, Bangalore",3.4,12.92773856,77.56194636
Adholokam Family Restaurant,"Kerala, North Indian, Chinese, Beverages",500," Bannerghatta Road, Bangalore",3.4,12.8581425,77.61128426
New Udpi Kitchen,"South Indian, North Indian, Chinese, Beverages, Juices",300," Kengeri, Bangalore",3.4,12.94150173,77.49263406
Panchami Sagar,"South Indian, Chinese",300," Yelahanka, Bangalore",3.4,13.12124995,77.61759482
Danapani,"North Indian, South Indian, Chinese, Fast Food, Street Food, Desserts, Beverages",750," JP Nagar, Bangalore",3.4,12.88732332,77.58223157
New Imperial Restaurant,"North Indian, Chinese, Mughlai",600," Banashankari, Bangalore",3.4,12.91998792,77.57433817
Thalaserry Food Court,"Kerala, Biryani, Seafood, North Indian, Chinese",600," Whitefield, Bangalore",3.4,12.98901723,77.71848042
Dwarkamai Pure Veg Restaurant,"North Indian, Chinese, Street Food, Beverages, Desserts",600," Basavanagudi, Bangalore",3.5,12.94431872,77.57273588
Bangarpet Chats,Street Food,100," Basaveshwara Nagar, Bangalore",3.4,13.00402853,77.53573917
Kanthari,"Kerala, North Indian, Chinese",550," Kalyan Nagar, Bangalore",3.4,13.02083683,77.63961107
Foody's,"North Indian, South Indian, Chinese, Beverages",400," Shanti Nagar, Bangalore",3.4,12.95788363,77.59328764
Srinidhi Sagar,"South Indian, North Indian, Chinese, Sandwich, Street Food, Ice Cream, Juices, Beverages",350," Hebbal, Bangalore",3.4,13.05033795,77.59754196
Veeru's The Village Restaurant,"North Indian, Chinese, Mangalorean",650," Yeshwantpur, Bangalore",3.4,13.06645302,77.45068733
Savera Taj,"North Indian, Chinese, Biryani",300," Ulsoor, Bangalore",3.4,12.97703564,77.62703922
Ambur Biriyani,Biryani,250," Indiranagar, Bangalore",3.4,12.98232507,77.63906322
Neer Dose Fish Land,"Chinese, North Indian, Seafood, Mangalorean",400," Domlur, Bangalore",3.4,12.96103794,77.63585798
RR Biriyani Corner,"Biryani, Mughlai",400," Bommasandra, Bangalore",3.4,12.82192872,77.6926893
Casino Restaurant,"North Indian, Chinese",500," New BEL Road, Bangalore",3.4,13.02887962,77.57105716
Ginger Lake View Family Bar & Restaurant,"North Indian, Chinese, Mughlai, Kebab, Seafood",700," Rajarajeshwari Nagar, Bangalore",3.4,12.90423362,77.52680305
Jayanagara Donne Biryani,"Biryani, South Indian",400," JP Nagar, Bangalore",3.4,12.90646474,77.59046059
Maa Bhagwati Mess,North Indian,300," International Airport, Bangalore",3.4,13.14588257,77.61344478
Crispy Fried Chicken,"Burger, Fast Food",150," New BEL Road, Bangalore",3.4,13.0014746,77.6343764
Andhra Kitchen,"Andhra, Biryani",400," Electronic City, Bangalore",3.4,12.85102908,77.65224729
Malabar Mess,"Kerala, South Indian, Chinese",250," Bannerghatta Road, Bangalore",3.4,12.88119517,77.59561915
Sri Balaji Sweets,"Mithai, Street Food",200," RT Nagar, Bangalore",3.4,13.02455611,77.58928444
Biriyani Kitchen,"North Indian, Chinese",300," Whitefield, Bangalore",3.4,12.97978026,77.73359167
The Belgian Fries Co - Burgers & Fries,"Belgian, Burger, Desserts, Finger Food, Fast Food, Beverages",400," Kempegowda International Airport, Bangalore",3.4,13.19864764,77.70659283
Zaitoon Lassi Cafe,"Beverages, Fast Food",200," BTM, Bangalore",3.4,12.92135454,77.61092518
Udupi Krishna Grand,"South Indian, North Indian, Street Food, Biryani, Beverages, Chinese",500," Kalyan Nagar, Bangalore",3.4,13.0176347,77.6524125
Shan's Kitchen,"South Indian, Tamil, Chinese, Biryani",400," Marathahalli, Bangalore",3.4,12.95747063,77.71446515
Udupi Krishna Grand,"South Indian, North Indian, Street Food, Biryani, Beverages, Chinese",500," Kalyan Nagar, Bangalore",3.4,13.0176347,77.6524125
Shan's Kitchen,"South Indian, Tamil, Chinese, Biryani",400," Marathahalli, Bangalore",3.4,12.95747063,77.71446515
Udupi Deluxe,"North Indian, South Indian, Chinese, Beverages",500," Jalahalli, Bangalore",3.4,13.05385657,77.51157515
Poha Point,"Street Food, Fast Food, Tea",200," Koramangala 6th Block, Bangalore",3.4,12.936981,77.624429
Kidilum Grand,"Biryani, South Indian",500," Whitefield, Bangalore",3.4,12.984245,77.733415
The Bakery World,"Bakery, Sandwich",300," Basavanagudi, Bangalore",3.4,12.94884588,77.57435326
Rajastani Rasoi,Rajasthani,150," Basavanagudi, Bangalore",3.4,12.95051916,77.5793606
Bhatru Thatte Idli Corner,South Indian,200," Hesaraghatta, Bangalore",3.4,13.06347217,77.50273626
Sri Chowdeshwari Mudde Hotel,South Indian,350," Whitefield, Bangalore",3.4,12.99216788,77.71978766
New Kabab House,"Kebab, North Indian, Chinese, Beverages",400," Bommanahalli, Bangalore",3.4,12.88713735,77.62559183
Kudla Beach,"Chinese, North Indian, Mangalorean",400," Rajajinagar, Bangalore",3.4,12.99033447,77.55836427
Aditya Sweets,"Mithai, Fast Food",200," Whitefield, Bangalore",3.4,12.95569447,77.72809714
New Donne Biryani Mane,"Biryani, South Indian",400," Kanakapura Road, Bangalore",3.4,12.88071635,77.54603483
Bengaluru Chats,"Fast Food, Street Food, Beverages, Ice Cream",300," Jalahalli, Bangalore",3.4,13.04917618,77.54720259
Sri Maruthi Nati Style,"South Indian, Biryani",300," Vijay Nagar, Bangalore",3.4,12.95901283,77.52444908
Tuscany's Pizzeria,"Pizza, Fast Food",600," Yelahanka, Bangalore",3.4,13.12210217,77.62870856
Hotel Ananda Bazar,"North Indian, Odia, Bengali",350," Electronic City, Bangalore",3.4,12.82005156,77.66172253
Enjoy With Joy,"Chinese, Mangalorean, North Indian",250," Kanakapura Road, Bangalore",3.4,12.90030078,77.56998997
Bidiru Biriyani Cafe,"Biryani, Fast Food",300," Yeshwantpur, Bangalore",3.4,13.02680019,77.54428335
Nani Dum Biriyani,"Biryani, South Indian",300," Old Madras Road, Bangalore",3.4,13.07256941,77.78268643
Famous Jigarthanda,"Beverages, Ice Cream",200," Kalyan Nagar, Bangalore",3.4,13.02210144,77.64016287
24 Hours Coffee Drop - La Classic,"Cafe, South Indian, Chinese, Fast Food, Desserts",800," Hotel La Classic, Bangalore",3.4,12.78364822,77.75707103
Daily Fresh Kerala Mess,"Kerala, Biryani",250," Kumaraswamy Layout, Bangalore",3.4,12.9107769,77.56453101
Jonie's Restaurant ,Kerala,300," Jalahalli, Bangalore",3.4,13.0810801,77.487274
Daily Fresh Kerala Mess,"Kerala, Biryani",250," Kumaraswamy Layout, Bangalore",3.4,12.9107769,77.56453101
Jonie's Restaurant ,Kerala,300," Jalahalli, Bangalore",3.4,13.0810801,77.487274
Nandini Cafe Moo,"Fast Food, Desserts, Beverages",500," Jayanagar, Bangalore",3.4,12.91827914,77.59376574
Sri Udupi Veg,"South Indian, Chinese, North Indian, Beverages",300," Jayanagar, Bangalore",3.4,12.93116055,77.57351942
Real Bites Bakery & Sweets,Bakery,400," Jalahalli, Bangalore",3.4,13.04558988,77.52272777
Octa Food,"South Indian, North Indian, Chinese",300," JP Nagar, Bangalore",3.4,12.903639,77.581778
Star Biryani & Kebab Centre,"Biryani, Chinese, Kebab",300," Rajajinagar, Bangalore",3.4,12.98034522,77.5580233
Madurai Hotel,South Indian,100," Commercial Street, Bangalore",3.4,12.98391286,77.60879349
Chaithanya Delicacy,"South Indian, North Indian, Chinese, Beverages",600," Richmond Road, Bangalore",3.4,12.96374623,77.61475101
Global Restaurant,"North Indian, Chinese, Biryani",400," Rajarajeshwari Nagar, Bangalore",3.4,12.91665989,77.50031624
Chai Mane,"Sandwich, Fast Food, Beverages",200," Basavanagudi, Bangalore",3.4,12.94709482,77.56779257
Shanghai Times,"Chinese, Thai",500," Yelahanka, Bangalore",3.4,13.104001,77.575096
Ruchi's Point,"Fast Food, Chinese",300," Banashankari, Bangalore",3.4,12.9241858,77.56626908
O2 Juice Bar,"Juices, Beverages, Healthy Food, Desserts",250," JP Nagar, Bangalore",3.4,12.91210175,77.57261418
Sagar Fast Food,"South Indian, Chinese, North Indian, Street Food",500," BTM, Bangalore",3.4,12.9174968,77.61257373
Regency Park,"North Indian, Chinese, Rolls, Biryani",450," Kammanahalli, Bangalore",3.4,13.02286144,77.63701368
Brew Bakes Cafe,Cafe,500," Kalyan Nagar, Bangalore",3.4,13.0181749,77.64720138
Pop Burger,"Burger, Fast Food",300," Koramangala 8th Block, Bangalore",3.4,12.9497278,77.6047728
Gracy Kitchen,"Burger, Fast Food, Wraps, Beverages",200," New BEL Road, Bangalore",3.4,13.032542,77.566436
Mahadev Sweets & Chaats,"Mithai, Street Food",200," Hebbal, Bangalore",3.4,13.0503471,77.5973817
Curries & Chillies,"Biryani, North Indian, South Indian, Chinese",350," KR Puram, Bangalore",3.4,13.02306461,77.69594617
Donne Biryani & Kabab Corner,"Biryani, South Indian",300," Kumaraswamy Layout, Bangalore",3.4,12.91221286,77.56722763
Bites Sandwiches,"Sandwich, Fast Food, Beverages",300," Nagarbhavi, Bangalore",3.4,12.97990155,77.5102964
New Karavali Mess,"Mangalorean, Konkan",350," Rajajinagar, Bangalore",3.4,12.98443363,77.54884008
New Peacock Restaurant,"North Indian, Chinese, Bengali, Fast Food",400," RT Nagar, Bangalore",3.4,13.03066734,77.60793049
Shri Sai Cafe,South Indian,300," Yelahanka, Bangalore",3.4,13.09588795,77.57904209
SSS Punjabi Dhaba,North Indian,500," Hesaraghatta, Bangalore",3.4,13.06636059,77.50492159
Foodies Family Restaurant,"North Indian, Chinese, Mughlai, Seafood",500," Bommasandra, Bangalore",3.4,12.8227241,77.68587749
New A1 Chicken Biryani Point,"Biryani, Chinese",300," Rajajinagar, Bangalore",3.4,12.99041353,77.54560132
SS Hot Dum Briyani Point,"North Indian, Chinese",400," BTM, Bangalore",3.4,12.90871871,77.60397356
Ruchi Food Junction,"Chinese, Street Food, North Indian, Fast Food, Desserts, Beverages",150," Uttarahalli, Bangalore",3.3,12.90823863,77.53426898
Sattuani,"Fast Food, Street Food",200," St. Marks Road, Bangalore",3.4,12.97291412,77.599965
Rajalakshmi Home Foods,South Indian,100," Sahakara Nagar, Bangalore",3.4,13.068095,77.579529
Momos Corner,"Chinese, Rolls, Momos",250," Bommanahalli, Bangalore",3.4,12.89894907,77.62983609
NH-47 Kerala Kitchen,"Kerala, Biryani",300," Marathahalli, Bangalore",3.4,12.9808758,77.69354928
Lumbini Food Center,"North Indian, Chinese, Biryani",400," Jalahalli, Bangalore",3.4,13.06729759,77.50035245
Food Corner,"North Indian, Chinese, Street Food",350," Hesaraghatta, Bangalore",3.4,13.08381487,77.49217104
Woody's Pizzeria,"Pizza, Fast Food",600," Sarjapur Road, Bangalore",3.4,12.865017,77.77022
Brindavan Andhra Style,"Andhra, Chinese, Biryani, North Indian",400," Ejipura, Bangalore",3.4,12.95111286,77.62289688
New Udupi Hotel,South Indian,150," Hesaraghatta, Bangalore",3.4,13.08319112,77.48429574
Pizza Crusto,"Italian, Beverages",500," JP Nagar, Bangalore",3.4,12.9054451,77.59502605
Ober Cafe,"Fast Food, Cafe",200," Koramangala 1st Block, Bangalore",3.4,12.92755425,77.63761416
American Bites,"Pizza, Burger",400," Sarjapur Road, Bangalore",3.4,12.86363907,77.77043045
Kolkata Famous Kati Roll,Rolls,250," Whitefield, Bangalore",3.4,13.00636328,77.75017843
JC Cafe,"Burger, Salad, Fast Food, Beverages",500," Yelahanka, Bangalore",3.4,13.1216921,77.6305844
Melting Cakes,Bakery,600," Sarjapur Road, Bangalore",3.4,12.904479,77.691395
Mallappar's Best Bakery,"Bakery, Fast Food, Desserts",300," Kengeri, Bangalore",3.4,12.91465011,77.48154111
Suprabatha Coffee Kendra,South Indian,150," Basavanagudi, Bangalore",3.4,12.95318509,77.5776289
Hotel Malabar Palace,"Chinese, South Indian, North Indian, Biryani, Beverages",350," Seshadripuram, Bangalore",3.4,12.99765758,77.58312475
Tandoor Garage,"North Indian, Chinese, Kebab, Lebanese",350," KR Puram, Bangalore",3.4,13.00993436,77.70847678
Pork Dine Out,"North Indian, Chinese",350," Whitefield, Bangalore",3.4,12.9678872,77.7348691
S.N.S Bangarpet Chats & Juice Center,"Street Food, Juices",100," New BEL Road, Bangalore",3.4,13.079285,77.558983
Kwality Cool Point,"Beverages, Fast Food, Desserts",350," Marathahalli, Bangalore",3.4,12.95344158,77.69813016
The Decc17,"Cafe, Continental, Fast Food, Beverages, Desserts",600," International Airport, Bangalore",3.4,13.15783,77.6096
Agrawal's Matru Bhog,"Mithai, North Indian, Desserts, Beverages",200," Bannerghatta Road, Bangalore",3.4,12.879003,77.5997292
Wood Pot Cafe,"Beverages, Fast Food, Ice Cream",250," New BEL Road, Bangalore",3.4,13.05692,77.5470261
Avocado Gallery,"Beverages, Arabian, Fast Food, Chinese",500," Hosur Road, Bangalore",3.4,12.931131,77.607418
Cocofit,"Beverages, Desserts",300," Marathahalli, Bangalore",3.4,12.95302465,77.6998622
Zwarma,Arabian,300," Sarjapur Road, Bangalore",3.4,12.914485,77.678938
Ayodhya Food Corner,"South Indian, Fast Food",200," Vijay Nagar, Bangalore",3.4,12.97002493,77.54380021
Nala Bheema,"Andhra, Chinese, Biryani",450," Nagawara, Bangalore",3.4,13.05866033,77.6244653
Times Square Cafe,"Fast Food, Desserts, Beverages",300," Residency Road, Bangalore",3.4,12.97217475,77.60773268
TownHall Cafe,"Cafe, Italian, Mexican",500," Electronic City, Bangalore",3.4,12.84237419,77.64482662
Bangarpet Pani Puri & Chats,"Street Food, Beverages",200," Rammurthy Nagar, Bangalore",3.4,13.00769252,77.66697764
Q- Grill,"Andhra, Biryani, Fast Food, Sandwich, Beverages",500," Bommanahalli, Bangalore",3.4,12.87866118,77.63686415
Ambur Chicken Biriyani,"Biryani, South Indian, Kebab",200," HSR, Bangalore",3.4,12.90681017,77.63387617
Subzero Korner,"Fast Food, Beverages, Desserts",400," Basavanagudi, Bangalore",3.4,12.95800615,77.55920179
Home Food,"South Indian, Chinese, Biryani",400," Bommasandra, Bangalore",3.4,12.82453946,77.68414613
Indian Chicken Biryani,"North Indian, Biryani, Kebab",200," Hebbal, Bangalore",3.4,13.0406624,77.59001434
Affan Kabab Centre,Kebab,200," Frazer Town, Bangalore",3.4,13.00944283,77.61425514
Food Empire,"North Indian, Chinese, Malwani, Seafood",500," Rajajinagar, Bangalore",3.4,12.98182815,77.54754156
Al Madhina Roll House,"North Indian, Chinese",300," Rammurthy Nagar, Bangalore",3.4,13.02765535,77.64049988
Pooja Restro,"North Indian, Mughlai, Chinese, Biryani",300," New BEL Road, Bangalore",3.4,13.03470951,77.56435264
Dolphins Multi Cuisine Restaurant,"Chinese, North Indian, South Indian, Mughlai",500," Frazer Town, Bangalore",3.4,12.99679708,77.61966281
Westin - Vyasa Paradise,"North Indian, Maharashtrian, Chinese",800," Rajajinagar, Bangalore",3.4,12.9841654,77.54788186
Burj Hotel,"North Indian, Chinese, Mughlai",400," Bannerghatta Road, Bangalore",3.4,12.9011018,77.60310017
Ghee Biryani,"Biryani, North Indian",500," BTM, Bangalore",3.4,12.918821,77.611048
Rekha Restaurant,"North Indian, Chinese, Kerala, Beverages",400," Brookefield, Bangalore",3.4,12.96773296,77.71855585
Green G Juice Bar,"Ice Cream, Fast Food, Beverages",200," Indiranagar, Bangalore",3.4,12.97037485,77.64721882
Cafe Idly,"South Indian, Fast Food, Beverages",250," Frazer Town, Bangalore",3.4,12.99843868,77.61801124
Ahmed's Little Hut,"North Indian, Chinese, Lebanese, Biryani",250," BTM, Bangalore",3.4,12.90603433,77.60593895
Shekhawati Restaurant,North Indian,300," Sarjapur Road, Bangalore",3.4,12.883669,77.672861
Maddy's Katti Cafe,"Fast Food, Beverages",400," Rajajinagar, Bangalore",3.4,12.99533679,77.55419344
Chai Chowk,"Tea, Fast Food",200," Koramangala 7th Block, Bangalore",3.4,12.93632482,77.61462763
PK Dhaba,"North Indian, Biryani, Street Food",350," Brookefield, Bangalore",3.4,12.96421149,77.715014
Babai Biryani Hotel,Biryani,400," KR Puram, Bangalore",3.4,13.00314323,77.71271333
Five Star Cafe,Fast Food,350," Indiranagar, Bangalore",3.4,12.98068206,77.64083013
Desi Chai,"Tea, Sandwich",300," Marathahalli, Bangalore",3.4,12.95095504,77.70870108
Khane Ka Khazana,"North Indian, Rolls, Fast Food",300," Marathahalli, Bangalore",3.4,12.95765262,77.71460261
Regale Restaurant,"North Indian, Chinese, Mughlai, Kebab, Beverages",500," Marathahalli, Bangalore",3.4,12.95103412,77.71407623
Burger Fast,"Fast Food, Burger",150," Yelahanka, Bangalore",3.4,13.104066,77.574757
Kalpana's Kitchen,"North Indian, Fast Food",300," Old Madras Road, Bangalore",3.4,12.993168,77.669027
Classic Lassi Shop,"Beverages, Ice Cream, Lebanese",150," Skywalk, Ulsoor, Bangalore",3.4,12.99095879,77.61947874
7 Shanghai,Chinese,400," Electronic City, Bangalore",3.4,12.846268,77.650607
Flavour A Azam,North Indian,400," Electronic City, Bangalore",3.4,12.83284911,77.65551824
Biriyani Adda,"Biryani, Mughlai",300," Bellandur, Bangalore",3.4,12.92730786,77.67217074
Flavour A Azam,North Indian,400," Electronic City, Bangalore",3.4,12.83284911,77.65551824
Biriyani Adda,"Biryani, Mughlai",300," Bellandur, Bangalore",3.4,12.92730786,77.67217074
Pot Curry,North Indian,400," Electronic City, Bangalore",3.4,12.84433061,77.6441782
Will Way Burgers,"Fast Food, Burger, Beverages",450," New BEL Road, Bangalore",3.4,13.03233484,77.56652489
ISpice Resto Cafe,"Chinese, Fast Food",500," Indiranagar, Bangalore",3.4,12.96249615,77.64278311
Krazy Adda,"Fast Food, Desserts, Beverages, Sandwich, Pizza, Burger, Rolls, Ice Cream",400," Basaveshwara Nagar, Bangalore",3.4,12.99190555,77.53560204
Graffitea,"Beverages, Fast Food",200," BTM, Bangalore",3.4,12.90718011,77.60738567
Slice Of Heaven - Pizzeria,"Pizza, Beverages, Pasta",400," KR Puram, Bangalore",3.4,13.02104034,77.70234726
Biryani & Kabab Corner,"North Indian, Chinese, Biryani, Andhra, Seafood",450," Kadubeesanahalli, Bangalore",3.4,12.93884189,77.69642159
The Indian Samosa,"Street Food, North Indian, Fast Food, Kebab, Beverages, Rolls",300," Koramangala 5th Block, Bangalore",3.4,12.93539942,77.61325266
Sayaam Kitchen,"North Indian, Chinese, Bengali",400," Old Airport Road, Bangalore",3.4,12.95954835,77.64591124
Tasty Box,"North Indian, Chinese, Arabian, Biryani",400," Sanjay Nagar, Bangalore",3.4,13.04227464,77.5794984
Food Story,"Biryani, Continental, Street Food, Chinese, South Indian, Desserts",400," Brookefield, Bangalore",3.4,12.95402645,77.71519605
@KJ's,"Pizza, Sandwich, Fast Food, Burger, Beverages",350," Indiranagar, Bangalore",3.4,12.96708689,77.6370666
Little India Restaurant,North Indian,350," KR Puram, Bangalore",3.4,13.00846,77.693541
The Duke Of Juices,"Beverages, Juices",200," Whitefield, Bangalore",3.4,12.98688356,77.73681298
Mathsya Darshni,Seafood,500," Peenya, Bangalore",3.4,13.01343471,77.52121199
Fill A Belly Restaurant,"North Indian, Chinese, Fast Food",400," Sarjapur Road, Bangalore",3.4,12.87968484,77.76078857
Ithaa's Biriyani,"Biryani, Chinese, North Indian, Beverages",300," HSR, Bangalore",3.4,12.90857883,77.64304563
Sri Idli Mane,South Indian,150," Basavanagudi, Bangalore",3.4,12.95086552,77.57789679
Hyderabadi Dum Biryani,Biryani,300," Whitefield, Bangalore",3.4,12.98277233,77.7669134
Kolkata Hot Roll,Rolls,150," New BEL Road, Bangalore",3.4,13.06963142,77.5551074
Hotel SLN,"North Indian, South Indian, Chinese",400," Electronic City, Bangalore",3.4,12.85223167,77.65712991
North Street,"North Indian, Chinese, Beverages",500," Hennur, Bangalore",3.4,13.05711646,77.64919762
New Bhatra Mane,"Chinese, North Indian, South Indian",500," Nagarbhavi, Bangalore",3.4,12.96877358,77.52440784
Shahi Darbar,"Chinese, North Indian, Beverages, Juices",400," Ejipura, Bangalore",3.4,12.939323,77.628373
Mims Cafe,"Cafe, Beverages, Fast Food",500," Yelahanka, Bangalore",3.4,13.089153,77.633785
Rich Bowl,"North Indian, Chinese, Seafood",450," Frazer Town, Bangalore",3.4,13.00145495,77.59496838
Viyyaalavaari Vantakalu,"Andhra, North Indian, Mughlai, Chinese, Biryani",500," Sahakara Nagar, Bangalore",3.4,13.058031,77.593483
Green Leaf Restaurant,"Kerala, South Indian, Chinese",250," Sarjapur Road, Bangalore",3.4,12.89382291,77.67924243
Surya Bakery,"Bakery, Fast Food, Beverages",300," Shanti Nagar, Bangalore",3.4,12.96222529,77.59401351
New Darbar Family Restaurant,"North Indian, Chinese, Mangalorean, Mughlai",550," Jakkur, Bangalore",3.4,13.067919,77.631552
Raj's Cafe,"Fast Food, Desserts, Sandwich, Beverages",200," Jalahalli, Bangalore",3.4,13.06816563,77.57325221
Rebel Star Naati Style,South Indian,500," New BEL Road, Bangalore",3.4,13.091489,77.5350828
Shahi Zaikha,"Biryani, North Indian, Mughlai, Chinese",350," Sarjapur Road, Bangalore",3.4,12.91155272,77.68089261
Ambur Biryani,"Biryani, Fast Food",150," Koramangala 8th Block, Bangalore",3.4,12.94093415,77.61733364
Shahi Zaikha,"Biryani, North Indian, Mughlai, Chinese",350," Sarjapur Road, Bangalore",3.4,12.91155272,77.68089261
Ambur Biryani,"Biryani, Fast Food",150," Koramangala 8th Block, Bangalore",3.4,12.94093415,77.61733364
Mamma's Food,"Sandwich, Fast Food, Pizza, Italian, Lebanese, Beverages",400," Jalahalli, Bangalore",3.4,13.04960405,77.51492154
Heritage Cafe,"Fast Food, Beverages",200," Jayanagar, Bangalore",3.4,12.9204464,77.59322427
R S Lunch Home,"South Indian, North Indian, Mughlai",300," Shanti Nagar, Bangalore",3.4,12.96112583,77.58860182
G. P. S. Kaapi Thindi,Street Food,150," Malleshwaram, Bangalore",3.4,12.99920933,77.57198922
Andhra Chettinad Cuisine,"Andhra, South Indian, Chettinad",250," Electronic City, Bangalore",3.4,12.83534728,77.69377124
Hot & Spicy Kitchen,"Chinese, North Indian, Fast Food, Beverages, Rolls, Biryani",450," Koramangala 2nd Block, Bangalore",3.4,12.92325708,77.6177809
Karan's Appetite Cafe,"Fast Food, Beverages",250," Rajajinagar, Bangalore",3.4,12.99155991,77.55535014
Theeram Restaurant,"South Indian, North Indian, Chinese",300," Thippasandra, Bangalore",3.4,12.97185326,77.64983766
New Roll Centre,"Fast Food, Rolls",150," Indiranagar, Bangalore",3.4,12.97313759,77.63586201
Burgizza,"Burger, Fast Food",400," Kammanahalli, Bangalore",3.4,13.01570927,77.63953697
Cafe Crave,"North Indian, Chinese, Fast Food, Beverages",450," Koramangala 7th Block, Bangalore",3.4,12.93528677,77.6113695
Grand Continent,"North Indian, Biryani",600," Koramangala 8th Block, Bangalore",3.4,12.94435896,77.62170265
Cheer Up Mocktail Cafe,"Beverages, Fast Food, Ice Cream, Desserts",500," KR Puram, Bangalore",3.4,13.011972,77.698043
Mysore Carnival Restaurant,"Kerala, South Indian",350," Koramangala 6th Block, Bangalore",3.4,12.93472595,77.62381956
Hungry Belly,"Chinese, North Indian",300," Nagawara, Bangalore",3.4,13.04149008,77.62185317
Sri Balaji Andhra Mess,Andhra,250," Whitefield, Bangalore",3.4,12.9698066,77.7499632
Seven Heaven Cafe,"Desserts, Ice Cream, Fast Food",300," Jakkur, Bangalore",3.4,13.083904,77.635252
Hotel Annapoorna,"North Indian, Chinese, Mughlai",400," Bannerghatta Road, Bangalore",3.4,12.88329608,77.60886658
The Posh Cafe,"Fast Food, Street Food",200," Jayanagar, Bangalore",3.4,12.92528869,77.57370114
Sree Venkateshwara Home Made Foods,"South Indian, North Indian, Chinese",300," Marathahalli, Bangalore",3.4,12.99163995,77.69017406
Samovar Cafe,"Kerala, South Indian, Chinese",500," Nagawara, Bangalore",3.4,13.04096355,77.62101833
Amrutha Delicacies,"North Indian, Chinese, Thai",300," Whitefield, Bangalore",3.4,12.96816718,77.74855234
Srinidhi Fast Food,"Mughlai, Chinese, Biryani",400," CV Raman Nagar, Bangalore",3.4,12.97516128,77.6662454
Royal Shawarma,"Lebanese, Rolls, Fast Food",300," RT Nagar, Bangalore",3.4,13.029608,77.598531
Bhanu Hindi Military Hotel,South Indian,300," Vijay Nagar, Bangalore",3.4,12.97992377,77.53878683
Taste of Kerala,South Indian,200," Bannerghatta Road, Bangalore",3.4,12.923474,77.617914
Thaavalam,"Kerala, Beverages",200," Koramangala 1st Block, Bangalore",3.4,12.92490333,77.63730555
Bowl Macha!,"North Indian, Beverages",500," Bannerghatta Road, Bangalore",3.4,12.87262074,77.61829186
Bharani Cafe,"South Indian, Fast Food, Beverages",150," Majestic, Bangalore",3.4,12.97877212,77.57955574
Sri Manjunatha Hotel,"North Indian, Chinese",200," Brookefield, Bangalore",3.4,12.95618262,77.71515649
Thai & Chinese Fast Food,"Chinese, Thai",400," KR Puram, Bangalore",3.4,13.00193648,77.72317193
Hotel Green Leaf,Kerala,200," Marathahalli, Bangalore",3.4,12.97556085,77.69372463
Vintage Wok,"Seafood, Mangalorean, Biryani",700," Sanjay Nagar, Bangalore",3.4,13.02867938,77.57897001
BJ Bhavan Veg Restaurants,"South Indian, North Indian, Chinese",400," Electronic City, Bangalore",3.4,12.825908,77.680912
Garden City Hotel,"Chinese, Biryani, Kebab, North Indian",400," Wilson Garden, Bangalore",3.4,12.94873184,77.59987079
Mazaydar Biryani,Biryani,300," Bommanahalli, Bangalore",3.4,12.9042748,77.63419066
House of Biryani & Tandoori,"Biryani, North Indian, Chinese",250," New BEL Road, Bangalore",3.4,13.060442,77.57549
Keerthi Restaurant,"North Indian, Chinese",300," Sarjapur Road, Bangalore",3.4,12.90996774,77.69717496
Mannat Bakes And Sweets,"Mithai, Street Food, Desserts",250," BTM, Bangalore",3.4,12.92238558,77.60325609
Kadai Kitchen,"North Indian, Biryani",400," Marathahalli, Bangalore",3.4,12.95951993,77.70103768
Bismillah Hotel,South Indian,250," BTM, Bangalore",3.4,12.92630302,77.60233842
Shri Balaji Foods,"North Indian, Chinese",300," Marathahalli, Bangalore",3.4,12.95971009,77.7028304
Shahi Ambur Briyani,"Biryani, North Indian",300," BTM, Bangalore",3.4,12.91634715,77.60581993
Umraan,"North Indian, Mughlai",600," Indiranagar, Bangalore",3.4,12.9781347,77.6377382
Alie's Kitchen Darbar,"North Indian, Chinese, Biryani, South Indian, Fast Food, Beverages",500," Frazer Town, Bangalore",3.4,12.99714305,77.61750061
J Kitchen,"South Indian, North Indian, Chinese",250," Hesaraghatta, Bangalore",3.4,13.08378254,77.48503469
Alie's Kitchen Darbar,"North Indian, Chinese, Biryani, South Indian, Fast Food, Beverages",500," Frazer Town, Bangalore",3.4,12.99714305,77.61750061
J Kitchen,"South Indian, North Indian, Chinese",250," Hesaraghatta, Bangalore",3.4,13.08378254,77.48503469
Crunch Corner,Sandwich,100," Yelahanka, Bangalore",3.4,13.097268,77.584323
Hotel Suggi Mane,"South Indian, Fast Food",250," Banashankari, Bangalore",3.4,12.9354106,77.5601279
My La Pure,"South Indian, North Indian, Street Food",150," Sadashiv Nagar, Bangalore",3.4,13.0042934,77.5802103
Sri Kalyan Hotel,"Biryani, South Indian, Chinese",300," KR Puram, Bangalore",3.4,13.01752093,77.70897802
SLK Biryani Adda,"North Indian, Mughlai, Biryani, Chinese",300," Bommanahalli, Bangalore",3.4,12.89811929,77.62995813
Dewari Mata Restaurant,"Chinese, Fast Food, Street Food",350," Jakkur, Bangalore",3.4,13.0659951,77.6420857
The New Ambur Grand,"Biryani, North Indian, Chinese",500," Kengeri, Bangalore",3.4,12.91660597,77.50023443
Haldi Chowk,"North Indian, Chinese, Fast Food",300," Rammurthy Nagar, Bangalore",3.4,13.00982176,77.66760025
Ice Corner House,"Ice Cream, Desserts, Beverages",300," BTM, Bangalore",3.4,12.918821,77.611048
Cafe 58,"North Indian, Rolls, Kerala, Biryani, Beverages, South Indian",400," Bommanahalli, Bangalore",3.4,12.90535065,77.62767121
Food Factory,"Chinese, Fast Food, North Indian, Rolls",300," New BEL Road, Bangalore",3.4,13.03300114,77.5661205
Nirvana Foods,"Biryani, Chinese, South Indian",200," Brookefield, Bangalore",3.4,12.96438727,77.717949
Prime Cafe,"North Indian, Fast Food, Beverages, Ice Cream, South Indian, Desserts",400," BTM, Bangalore",3.4,12.92319794,77.61298142
Jodhpur Jaika,Street Food,100," Bommanahalli, Bangalore",3.4,12.91119488,77.62425039
De Shallots,"North Indian, Chinese, Healthy Food",400," Kammanahalli, Bangalore",3.4,13.01277386,77.62911726
Bismillah Dum Biriyani Centre,"North Indian, Chinese, South Indian, Mughlai",500," Brookefield, Bangalore",3.4,12.94780877,77.71550786
Yaksheshwari Juice And Sandwich,"Fast Food, Beverages",200," Bannerghatta Road, Bangalore",3.4,12.89217802,77.59827789
King Of Bangarpete,Street Food,100," Jalahalli, Bangalore",3.4,0.033482013,0
Lassi Ghar,"Beverages, Ice Cream, Desserts, Fast Food",200," Brookefield, Bangalore",3.4,12.96074061,77.71364506
New Tasty Noodle,Chinese,250," Sarjapur Road, Bangalore",3.4,12.910025,77.680778
New Hyderabadi Biryani,"Biryani, North Indian",400," Marathahalli, Bangalore",3.4,12.95765328,77.714439
Bowl & Smoothie,"North Indian, Healthy Food, Beverages",550," Electronic City, Bangalore",3.4,12.88080394,77.6751215
Amma Kai Ruchi Home Food,"South Indian, Mughlai, Chinese",400," Kumaraswamy Layout, Bangalore",3.4,12.90102173,77.56012481
Aahaa Foods,"Chinese, Biryani, North Indian",400," Electronic City, Bangalore",3.4,12.85032826,77.65623607
Food Talkies,"Fast Food, Bengali, North Indian, Chinese, South Indian",400," New BEL Road, Bangalore",3.4,13.03687347,77.56571319
Tiny Treats,"North Indian, Rolls, Fast Food, Pizza, Sandwich, Chinese",450," Kammanahalli, Bangalore",3.4,13.01495402,77.63182227
Mee Hotell,"South Indian, Biryani, North Indian",150," BTM, Bangalore",3.4,12.9108097,77.6097611
Makk Restaurant,"North Indian, Maharashtrian, Beverages",300," Kanakapura Road, Bangalore",3.4,12.81849543,77.5117686
Partha's Kadu Biryani,"Chinese, North Indian, Biryani",500," Rajarajeshwari Nagar, Bangalore",3.4,12.95120958,77.49385044
Zion Paradise Food Corner,"Chinese, North Indian, Fast Food",450," Kalyan Nagar, Bangalore",3.4,13.028079,77.637889
Hodge Podge,"Wraps, Fast Food, Beverages",300," BTM, Bangalore",3.4,12.916586,77.604236
Hutti Kitcheen,"Biryani, North Indian",300," Yelahanka, Bangalore",3.4,13.046857,77.601133
Taste of Kerala,Kerala,300," Kalyan Nagar, Bangalore",3.4,13.02908312,77.65276562
Platos,"North Indian, Chinese, Maharashtrian, Beverages",400," Marathahalli, Bangalore",3.4,12.95247311,77.70039126
Coffee Street,"South Indian, Andhra",150," Kalyan Nagar, Bangalore",3.4,13.02279019,77.64892488
Royal Cafe,"Biryani, Kebab",300," Jalahalli, Bangalore",3.4,13.09007877,77.48835392
Bendakaluru Restaurant,"South Indian, Biryani",400," Basaveshwara Nagar, Bangalore",3.4,12.98098884,77.53690559
Fuel Juice Shop,"Beverages, Juices, Ice Cream",150," HBR Layout, Bangalore",3.4,13.02540866,77.62809701
Hungry Humans,"Seafood, Mughlai, Chinese, North Indian",400," Rammurthy Nagar, Bangalore",3.4,13.03460694,77.68444855
Hamd Mess And Biryani Zone,"North Indian, Fast Food",300," Kumaraswamy Layout, Bangalore",3.4,12.90998866,77.56442908
ADB Donne Biryani,"Biryani, South Indian",400," Koramangala 1st Block, Bangalore",3.4,12.92928558,77.63477543
Konkan Express,"North Indian, Chinese, Biryani, Konkan, Beverages, Desserts",600," Yeshwantpur, Bangalore",3.4,13.02264127,77.55115785
Bharat Bistro,"North Indian, Chinese, Biryani, Mughlai",600," Whitefield, Bangalore",3.4,12.973995,77.714592
Biryani Bar,Fast Food,400," Yelahanka, Bangalore",3.4,13.10478879,77.56650866
United Mess,"Biryani, Chinese",300," Hesaraghatta, Bangalore",3.4,13.08316009,77.48460218
Sri Ganesh Bangarpet Chats And Sweets,Street Food,200," BTM, Bangalore",3.4,12.92320284,77.61285167
United Mess,"Biryani, Chinese",300," Hesaraghatta, Bangalore",3.4,13.08316009,77.48460218
Sri Ganesh Bangarpet Chats And Sweets,Street Food,200," BTM, Bangalore",3.4,12.92320284,77.61285167
Durga Darshana,South Indian,150," City Market, Bangalore",3.4,12.96719354,77.57822603
Cafe Shawamek,Fast Food,300," Electronic City, Bangalore",3.4,12.85346693,77.66350619
Lekkalas Family Restaurant,"Biryani, Chinese, North Indian",450," Marathahalli, Bangalore",3.4,12.95524945,77.70034432
Pearl Bakers And Pastries,"Bakery, Desserts",500," HBR Layout, Bangalore",3.4,13.03086724,77.62892883
Spice Resto,"Kerala, North Indian, Chinese, South Indian, Beverages, Rolls",450," Bommanahalli, Bangalore",3.4,12.89507628,77.6352622
T S Star Hotel,"Biryani, Chinese",300," HSR, Bangalore",3.4,12.89969094,77.63731945
Sarovara Donne Biryani Hotel,"Biryani, South Indian",350," Jalahalli, Bangalore",3.4,13.05722555,77.51036514
Ghar Ka Khana,Biryani,150," Kumaraswamy Layout, Bangalore",3.4,12.91305142,77.56599382
Blondies,"Bakery, Desserts",250," Whitefield, Bangalore",3.4,12.99285226,77.70283391
Juicy Corner,"Beverages, Fast Food, Chinese, Biryani, Lebanese, Street Food, North Indian, Kerala",200," Sanjay Nagar, Bangalore",3.4,13.02707163,77.57831823
De Snaxx Cave,"Momos, Fast Food, Desserts",200," Whitefield, Bangalore",3.4,12.9827619,77.7669522
Dragon Land,Chinese,250," BTM, Bangalore",3.4,12.91374586,77.60721266
Kasturi Grand,"South Indian, North Indian, Chinese",350," Electronic City, Bangalore",3.4,12.85302238,77.67549098
Take It Cafe,Chinese,350," BTM, Bangalore",3.4,12.91882092,77.61264208
Outliers Kitchen LLP,"Biryani, South Indian",300," Electronic City, Bangalore",3.4,12.8216193,77.707275
HungerCart Breakfast And Snacks,North Indian,150," Bellandur, Bangalore",3.4,12.91944708,77.67087758
Burgers & Pizzas,"Burger, Sandwich, Pizza, Fast Food, Street Food",350," Hebbal, Bangalore",3.4,13.04526163,77.60118272
Walk-N- Roll,"Rolls, Fast Food, Chinese",150," Domlur, Bangalore",3.4,12.95764184,77.63706699
The Chinese Company,Chinese,300," Whitefield, Bangalore",3.4,12.983179,77.706005
Kolkata No.1 Kati Rolls,Rolls,150," Hebbal, Bangalore",3.4,13.0476035,77.57450413
Ambur Biryani Zone,"Biryani, Fast Food",150," Malleshwaram, Bangalore",3.4,12.99695749,77.57116277
Bangalore Biryani,"Biryani, North Indian",600," BTM, Bangalore",3.4,12.91830267,77.60553125
Eat 2 Treat,"North Indian, Chinese",300," Malleshwaram, Bangalore",3.4,13.00798783,77.57120736
Nila Mess,"South Indian, Fast Food",150," Sarjapur Road, Bangalore",3.4,12.915196,77.6998
Sri Siddaganga Hotel,South Indian,100," Bommanahalli, Bangalore",3.4,12.90650559,77.63057303
Chill Magic,"Beverages, Juices, Fast Food",200," New BEL Road, Bangalore",3.4,13.03223848,77.56694801
S.R. Ambur Biryani Hotel ,"Biryani, Fast Food",250," JP Nagar, Bangalore",3.4,12.90038706,77.58565508
Hotel Bheem,"South Indian, Tamil",200," Electronic City, Bangalore",3.4,12.8498481,77.6544856
Srikanya Food Court,"South Indian, Chinese",300," KR Puram, Bangalore",3.4,13.004433,77.715845
Kabira Hotel,"North Indian, Rajasthani",200," Yelahanka, Bangalore",3.4,13.129507,77.595712
Mahabelly,"North Indian, Mughlai, Chinese, Arabian, Biryani",300," Sarjapur Road, Bangalore",3.4,12.8993429,77.7113578
Juicy Zone,"Beverages, Fast Food",200," Koramangala 8th Block, Bangalore",3.4,12.94307442,77.61727631
Tabrez Hotel,"Lebanese, North Indian, Chinese",300," JP Nagar, Bangalore",3.4,12.90804484,77.5706394
Ambur Star Dum Biriyani,Biryani,300," Wilson Garden, Bangalore",3.4,12.94910238,77.60290939
V K Bakery Foodies,"Bakery, Fast Food, Desserts",400," Rajajinagar, Bangalore",3.3,13.01118169,77.54558824
Yesh Ambur Dum Biryani,"Biryani, Chinese, North Indian",350," Yelahanka, Bangalore",3.4,13.12232421,77.63035208
Prashanth Lunch Home,"Mangalorean, Chinese, North Indian, Seafood",600," Bommasandra, Bangalore",3.4,12.82366496,77.68529277
Aaranya Restaurant,"North Indian, Chinese, Biryani, Mughlai, Desserts",800," HSR, Bangalore",3.4,12.91700138,77.6292688
Royal Resturant,"North Indian, Chinese, Bengali, Beverages",600," KR Puram, Bangalore",3.4,13.0241981,77.70704951
Aviator - Goldfinch Retreat,Finger Food,1500," Goldfinch Retreat, International Airport, Bangalore",3.4,13.18911712,77.63515793
Coast,"Mangalorean, North Indian, Chinese",550," Marathahalli, Bangalore",3.4,12.95637703,77.69571751
Shree Ranga Vilas,"North Indian, South Indian, Chinese, Juices",500," Bommasandra, Bangalore",3.4,12.77959741,77.76828669
Hotel Ivy Dew Drops,"North Indian, Chinese, South Indian",900," Bommasandra, Bangalore",3.4,12.800893,77.690535
Al Khair,"North Indian, Chinese, Kerala",550," RT Nagar, Bangalore",3.4,13.03747121,77.60565598
Kerala Foods,"North Indian, Chinese, Fast Food",300," Vasanth Nagar, Bangalore",3.4,12.9922378,77.59397328
Daawat Restaurant Bar & Pub,"Finger Food, North Indian, Seafood, Mangalorean, Chinese",1000," Koramangala 7th Block, Bangalore",3.4,12.93594185,77.6148764
Food Land,"Mangalorean, Mughlai, Chinese, North Indian",600," Vijay Nagar, Bangalore",3.4,12.96955314,77.53412414
Samrat Regency Bar And Restaurant,"North Indian, Chinese",800," Koramangala 6th Block, Bangalore",3.4,12.93682184,77.62480795
Hotel Panchami Grand,"Chinese, North Indian, South Indian",550," New BEL Road, Bangalore",3.4,13.06407931,77.55927823
Heliyum Cafe,North Indian,300," New BEL Road, Bangalore",3.4,13.033112,77.569432
LG Park Restaurant,"North Indian, Chinese",500," Whitefield, Bangalore",3.4,13.07338,77.788384
Bhagini Sky Bar,"North Indian, Chinese, Kebab, Mughlai, Beverages, Desserts, Andhra",600," Marathahalli, Bangalore",3.4,12.95204736,77.70022128
New Shalimar Restaurant,"Biryani, North Indian, Chinese, Rolls, Seafood",200," Yelahanka, Bangalore",3.4,13.121788,77.630257
Strona - The Fern Residency,"Andhra, Finger Food",1300," The Fern Residency, Bangalore",3.4,13.02696122,77.54375193
Sri Sai Mango Tree Restaurant,"North Indian, Biryani, Chinese",600," Bellandur, Bangalore",3.4,12.92335349,77.67123431
Mecaf Family Restaurant,"North Indian, Chinese, Rolls, Beverages",600," BTM, Bangalore",3.4,12.9350256,77.60746848
New Red Chilliez,"Chinese, North Indian, Mughlai",600," Thippasandra, Bangalore",3.4,12.97148603,77.65857227
Fairmount Restaurant,"Arabian, North Indian, Chinese, Kerala",600," KR Puram, Bangalore",3.4,13.02099069,77.70243745
New Red Chilliez,"Chinese, North Indian, Mughlai",600," Thippasandra, Bangalore",3.4,12.97148603,77.65857227
Fairmount Restaurant,"Arabian, North Indian, Chinese, Kerala",600," KR Puram, Bangalore",3.4,13.02099069,77.70243745
The Szechuan,"Chinese, North Indian",650," Yelahanka, Bangalore",3.4,13.10551661,77.57727318
Amulya Veg Restaurant,"North Indian, South Indian, Chinese, Continental, Beverages, Desserts",650," Majestic, Bangalore",3.4,12.97631393,77.57572554
Akshaya Family Restaurant,"North Indian, Andhra, Chinese, Beverages",450," Kalyan Nagar, Bangalore",3.4,13.02817602,77.66408656
Hyderabadi Kitchen,"Biryani, Chinese, Beverages",500," Electronic City, Bangalore",3.4,12.8427937,77.64592967
The Seventh Kingdom,"North Indian, Chinese, Arabian",600," Electronic City, Bangalore",3.4,12.847311,77.68013
7 11 Restro,"North Indian, Chinese",500," Electronic City, Bangalore",3.4,12.82083911,77.66488016
Alfa Cafe,"South Indian, North Indian, Chinese",500," KR Puram, Bangalore",3.4,13.004468,77.719078
The Prakyathi,"North Indian, Chinese",700," Yelahanka, Bangalore",3.4,13.09701065,77.58812908
Magadi Junction,"North Indian, Biryani, Chinese, Hyderabadi, Thai, Continental, Fast Food, Seafood",550," GT World Mall, Magadi Road, Bangalore",3.4,12.97363159,77.55129162
Aata's Cafe,"North Indian, Chinese, Kerala, Beverages",200," Koramangala 1st Block, Bangalore",3.4,12.9300733,77.633251
Pink Pepper,"North Indian, Chinese, South Indian",700," The Lark Hotel, Electronic City, Bangalore",3.4,12.82122258,77.68601026
JK Family Restaurant,"Chinese, North Indian, Mughlai",500," Jalahalli, Bangalore",3.4,13.04410244,77.50973079
Cafe Pink & Dailcacy,"Asian, Chinese",600," Kalyan Nagar, Bangalore",3.4,13.022215,77.639482
Guntur Royal Dine,"Andhra, South Indian, Chinese",700," Bommasandra, Bangalore",3.4,12.80574881,77.70024441
Udupi Nandu's Kitchen,"South Indian, North Indian, Chinese, Seafood",500," Mysore Road, Bangalore",3.4,12.95580818,77.54618168
New Nalapakam,South Indian,500," Bommasandra, Bangalore",3.4,12.78689562,77.74341557
Royal South Restaurant,"South Indian, Chinese",650," Electronic City, Bangalore",3.4,12.80651318,77.69810032
SJS Pot Biriyani,"Biryani, North Indian",650," Kammanahalli, Bangalore",3.4,13.02186482,77.6396694
Donne Biriyani Mane,"Biryani, South Indian",300," Vijay Nagar, Bangalore",3.4,12.96814006,77.53392667
Karnataka Biriyani Paradise,"Biryani, Mughlai",200," Jalahalli, Bangalore",3.4,13.04504246,77.50704993
New Donne Biriyani House,"Biryani, South Indian",400," Bellandur, Bangalore",3.4,12.92620108,77.67785905
Restaurant IHA,"Chinese, North Indian, Biryani, Beverages",400," Yeshwantpur, Bangalore",3.4,12.97012785,77.49531325
New Donne Biriyani House,"Biryani, South Indian",400," Bellandur, Bangalore",3.4,12.92620108,77.67785905
Restaurant IHA,"Chinese, North Indian, Biryani, Beverages",400," Yeshwantpur, Bangalore",3.4,12.97012785,77.49531325
Persian Delight,"North Indian, Chinese, Biryani",350," New BEL Road, Bangalore",3.4,13.0351834,77.5636942
Coco Spicy,"Kerala, North Indian, Chinese",400," Sarjapur Road, Bangalore",3.4,12.899323,77.71362
Malabar Mess,"South Indian, Kerala, Seafood",300," Hebbal, Bangalore",3.4,13.04878946,77.60145161
Just Sandwiches,"Fast Food, Beverages",150," BTM, Bangalore",3.4,12.93521055,77.60775045
Lassi 'n' Mock,"Desserts, Beverages, Ice Cream, Sandwich, Salad",150," Sanjay Nagar, Bangalore",3.4,13.0281861,77.5726316
Sharma Family Dhaba,North Indian,300," Hesaraghatta, Bangalore",3.4,13.04805653,77.50773255
AH Meat Point,"Fast Food, Seafood, Mughlai",400," JP Nagar, Bangalore",3.4,12.89009058,77.58192949
Khalifa Restaurant,"North Indian, Chinese, Biryani, Fast Food, Rolls",500," Frazer Town, Bangalore",3.4,12.99279873,77.60942951
Punjabi Charchay,"North Indian, Chinese",400," KR Puram, Bangalore",3.4,13.00179241,77.72315852
Shree Lakshmivenkatesh Hindhu Miltry Hotel,South Indian,400," Rajajinagar, Bangalore",3.4,13.00027171,77.55249828
RKR Donne Biryani,"Biryani, South Indian",250," Rammurthy Nagar, Bangalore",3.4,13.01658505,77.66872745
5 Spice,"Rolls, North Indian, Biryani",450," Indiranagar, Bangalore",3.3,12.9787036,77.6454428
Shruthi's Kitchen,"Biryani, Kebab",200," Uttarahalli, Bangalore",3.4,12.91559846,77.5505691
Sultan - Palace Darbar Restaurant,"North Indian, Chinese",400," Nagawara, Bangalore",3.4,13.01912221,77.61867609
Royal Kolkata Biryani,"Chinese, North Indian, Fast Food",300," Yelahanka, Bangalore",3.4,13.12355,77.63052
Chai Sutta Gupshup,"Cafe, Fast Food, Beverages, Healthy Food, Desserts",700," Kalyan Nagar, Bangalore",3.4,13.02326393,77.63607025
F S Star Biryani Center,"Biryani, Mughlai, North Indian",400," Jalahalli, Bangalore",3.4,13.0560834,77.53298823
Shanthi Sagar,"South Indian, North Indian, Chinese, Street Food, Beverages",500," Basaveshwara Nagar, Bangalore",3.4,12.98879312,77.53759157
Uttara Karnataka Jolada Rotati & Chapati Store,"South Indian, Street Food",200," Basavanagudi, Bangalore",3.4,12.95624144,77.56746031
Sri Mahadeshwara Tiffin Centre,South Indian,100," New BEL Road, Bangalore",3.4,13.0833,77.5602
The Farmhouse Kitchen & Bakery,"Cafe, Italian, Continental, Healthy Food, Beverages, Desserts",1000," Varthur Main Road, Whitefield, Bangalore",3.3,12.956771,77.732894
Jam's Kitchen,"Chinese, Momos, Fast Food, Desserts, Beverages",300," Rajajinagar, Bangalore",3.3,12.9855516,77.55292542
Amo La Pizza (Wood Fired),"Pizza, Fast Food, Pasta",300," Electronic City, Bangalore",3.3,12.83907258,77.65765563
Udupi Upahar,"South Indian, Chinese",250," Kanakapura Road, Bangalore",3.3,12.883656,77.566494
Mother's Foodland,"Chinese, North Indian, Momos",350," Magadi Road, Bangalore",3.3,12.9778962,77.48505414
B Track,"Chinese, Naga, Continental",500," Kammanahalli, Bangalore",3.3,13.01460025,77.63523705
Tirumala Donne Biryani,"Biryani, South Indian",500," Kalyan Nagar, Bangalore",3.3,13.02390022,77.65613803
My Breakfast,"Beverages, Street Food, Fast Food, Desserts",300," Shivajinagar, Bangalore",3.3,12.9852292,77.6035021
Iyengars Oven Fresh,Bakery,300," Electronic City, Bangalore",3.3,12.84171158,77.64680877
Kalavara,"Kerala, South Indian",300," Yeshwantpur, Bangalore",3.3,13.03405231,77.5576508
Sbtc - Davangere Benne Dose,South Indian,150," Sahakara Nagar, Bangalore",3.3,13.061952,77.587814
Jai Matha Rani Chats House,"Street Food, Sandwich, Chinese",200," Hesaraghatta, Bangalore",3.3,13.07044072,77.51788337
Pattegar Donne Biriyani,"Chinese, North Indian, Rolls, Biryani, Desserts",400," Vijay Nagar, Bangalore",3.3,12.97161639,77.54701786
New Flavours,"North Indian, Biryani",400," Old Madras Road, Bangalore",3.3,12.99379644,77.66652871
Gurukrupa Upahar,"Chinese, North Indian, South Indian, Street Food, Beverages",300," Peenya, Bangalore",3.3,13.0281267,77.49485157
Dubai Restaurant ,"Beverages, Desserts, Ice Cream",300," Shivajinagar, Bangalore",3.3,12.9852292,77.6035021
Global West Coast,"Asian, North Indian, Andhra, Thai, Mangalorean, Ice Cream, Beverages",750," Rajarajeshwari Nagar, Bangalore",3.3,12.90647454,77.49998532
Biryani King,Biryani,450," Electronic City, Bangalore",3.3,12.87017883,77.65817799
GFC,"South Indian, Biryani",300," Vijay Nagar, Bangalore",3.3,12.96158555,77.52631556
Momo N Cafe,"Chinese, Momos",300," Hennur, Bangalore",3.3,13.06586155,77.64061455
Go Naati,"South Indian, Kerala, Chinese",400," Rajajinagar, Bangalore",3.3,12.99015185,77.55284496
Simply Veg,"South Indian, North Indian, Chinese",300," Electronic City, Bangalore",3.3,12.833663,77.64728
Sonar Bangla,"Chinese, Bengali",500," Varthur Main Road, Whitefield, Bangalore",3.3,12.95713834,77.74332874
Indresh Sweets & Chats,"Fast Food, Street Food, Mithai",300," ITPL Main Road, Whitefield, Bangalore",3.3,13.00020637,77.7515829
Raj Dhum Biriyani,"Biryani, South Indian",400," Old Madras Road, Bangalore",3.3,13.06731,77.777473
Sri Krishna Grand,"South Indian, North Indian, Chinese, Fast Food, Ice Cream, Beverages",350," Kengeri, Bangalore",3.3,12.91886148,77.48312328
Coastal Grand,"North Indian, Chinese, Goan",450," Kengeri, Bangalore",3.3,12.94475886,77.49513354
ToothSome,"North Indian, Bengali, Chinese, Fast Food, Street Food, Mughlai, Beverages",400," CV Raman Nagar, Bangalore",3.3,12.98127961,77.6800048
Roll N Sipp,"Chinese, Rolls, Momos",350," Sahakara Nagar, Bangalore",3.3,13.0731475,77.603989
Hungers Burg Cafe,"Fast Food, Beverages",200," Jalahalli, Bangalore",3.3,13.04787166,77.50681087
Kitchen 555 Jenukal Foodie,"North Indian, Chinese, Fast Food",400," International Airport, Bangalore",3.3,13.163732,77.631992
Rasoi Ghar,"North Indian, Chinese",200," Yelahanka, Bangalore",3.3,13.142926,77.6234748
Labonel Fine Baking,Bakery,500," Indiranagar, Bangalore",3.3,12.970156,77.643331
Bangalore Spice Restaurant,"North Indian, Street Food, Chinese, Juices, Beverages, Mughlai, Biryani, South Indian",600," RT Nagar, Bangalore",3.3,13.02797677,77.61191089
UHB Ur Hunger Buddy,"Desserts, Italian, Fast Food, Beverages",350," Marathahalli, Bangalore",3.3,12.96919571,77.69368541
Hyderabadi Biryani House,"Biryani, Hyderabadi",450," Jayanagar, Bangalore",3.3,12.93018448,77.57629115
Arjun Hotel,"South Indian, Chinese",300," Bannerghatta Road, Bangalore",3.3,12.895907,77.608741
Aalishan Restaurant & Caterer,"North Indian, Mughlai, Biryani, Kebab, Rolls",650," Koramangala 7th Block, Bangalore",3.3,12.93636992,77.61453141
Friend's Own,"North Indian, Bengali, Chinese",300," Whitefield, Bangalore",3.3,12.98247176,77.76704852
Sai Ram Juice And Chats,"Street Food, Fast Food, Juices",250," Malleshwaram, Bangalore",3.3,13.005476,77.570694
Hanumanthu Palav,"Biryani, Mughlai",300," HSR, Bangalore",3.3,12.90787588,77.64908999
Dakshin Delicacy,"South Indian, North Indian, Chinese, Beverages",450," Yeshwantpur, Bangalore",3.3,13.03208104,77.53384922
Tasty Thindi,South Indian,450," Bannerghatta Road, Bangalore",3.3,12.876994,77.610016
Keventers - Milkshakes & Ice Creams,"Beverages, Desserts, Ice Cream",400," Garuda Mall, Magrath Road, Bangalore",3.3,12.9701419,77.60930445
Vinaya Cafe,"South Indian, North Indian, Chinese, Street Food, Ice Cream, Desserts, Beverages",400," JP Nagar, Bangalore",3.3,12.90591243,77.58032788
Just Delicious,"North Indian, Fast Food, Street Food",200," Bannerghatta Road, Bangalore",3.3,12.87607617,77.61464708
Suras Kitchen,"North Indian, Chinese, Kebab",250," Rajarajeshwari Nagar, Bangalore",3.3,12.91931343,77.51371823
Kamat Restaurant,"North Indian, Chinese",450," City Market, Bangalore",3.3,12.96412327,77.58653551
Thrilok Restaurant,"Mangalorean, Seafood, Chinese, North Indian",350," Banashankari, Bangalore",3.3,12.9434368,77.55846184
Chaat Story,"Street Food, Fast Food, Chinese, Beverages",400," Nagarbhavi, Bangalore",3.3,12.98090161,77.4850709
Aarya Sweets And Snacks,"North Indian, Gujarati, Mithai",250," Rammurthy Nagar, Bangalore",3.3,13.02360196,77.67796967
Thanima Garden Restaurant,"North Indian, Chinese, Kerala",500," Electronic City, Bangalore",3.3,12.835324,77.657133
Sree Prayagraj Restaurant,"North Indian, Chinese, Street Food",250," Bellandur, Bangalore",3.3,12.9270832,77.6764661
Nisarga Gokula Veg Restaurant,South Indian,200," Electronic City, Bangalore",3.3,12.85265105,77.67563045
Al Taj Fast Food,"North Indian, Mughlai, Kebab",300," Vijay Nagar, Bangalore",3.3,12.97242829,77.54770115
Shammah's,"Chinese, North Indian, Mughlai, Rolls",350," Hennur, Bangalore",3.3,13.03626822,77.6400828
Suravi Veg Kitchen,"South Indian, Chinese, North Indian",200," Cunningham Road, Bangalore",3.3,12.98716812,77.5984747
Chaska,"Fast Food, Chinese, Beverages",300," Rajajinagar, Bangalore",3.3,12.99804829,77.55213987
Gowdru Mane,"South Indian, Chinese, Biryani, Tamil, Mughlai, Kebab, North Indian",250," Brookefield, Bangalore",3.3,12.95714651,77.71451678
Pingara Grand Family Restaurant and Bar,"North Indian, South Indian, Chinese",600," Sahakara Nagar, Bangalore",3.3,13.0590412,77.5930159
Sannidhi Veg,"South Indian, North Indian, Street Food, Beverages, Ice Cream, Chinese",300," Magadi Road, Bangalore",3.3,12.98544967,77.48012356
Siri Udupi Veg,"South Indian, North Indian, Chinese, Biryani, Beverages",400," Marathahalli, Bangalore",3.3,12.99061772,77.68694166
Karan Cafe,"South Indian, Chinese",300," Electronic City, Bangalore",3.3,12.8320455,77.6659608
Gully Grill,"Kebab, Rolls, Biryani",200," Richmond Town, Bangalore",3.3,12.963005,77.605636
Hotel Udupi Upahara,South Indian,200," Kalyan Nagar, Bangalore",3.3,13.0276127,77.6388249
LGS Restaurant,"Chinese, North Indian",300," Koramangala 7th Block, Bangalore",3.4,12.9361008,77.6146635
The Lobby Brew - Conrad Bengaluru,"Cafe, North Indian, Fast Food, Desserts, Beverages",2200," Conrad Bengaluru, Ulsoor, Bangalore",3.3,12.97515377,77.62042724
Shahi Restaurant,"Fast Food, Sandwich, Desserts, Beverages, Street Food, Ice Cream, Burger",300," Shivajinagar, Bangalore",3.3,12.98527423,77.60349344
Champaran Meat House,"North Indian, Mughlai",400," Rajarajeshwari Nagar, Bangalore",3.3,12.90298096,77.52024237
Combo Plate,"Chinese, Fast Food, Beverages",400," Bommanahalli, Bangalore",3.3,12.89943962,77.62920644
Joshitha Andra Mess,"Andhra, Biryani",250," Electronic City, Bangalore",3.3,12.83907585,77.65805762
Baker's Glove,"Bakery, Desserts, Fast Food",550," Jayanagar, Bangalore",3.3,12.92493936,77.58478168
Monish Corner,South Indian,150," Rajarajeshwari Nagar, Bangalore",3.3,12.92671214,77.52011094
Hotel Elite,"North Indian, Chinese, Mughlai, Biryani, Seafood, Beverages",550," Yeshwantpur, Bangalore",3.3,13.023991,77.54811656
Hotel Elite,"North Indian, Chinese, Mughlai, Biryani, Seafood, Beverages",550," Yeshwantpur, Bangalore",3.3,13.023991,77.54811656
Pizza Street,"Italian, Street Food, Fast Food",250," Rajajinagar, Bangalore",3.3,37.24900911,50.30246504
Nalanda Family Restaurant,"South Indian, Biryani, Mughlai, Chinese, North Indian",600," Bommasandra, Bangalore",3.3,12.82468493,77.6839691
Meluha The Café,"North Indian, Chinese, Mughlai, Beverages",650," Hesaraghatta, Bangalore",3.3,13.111351,77.525163
New Udupi Upahar,"South Indian, North Indian, Chinese",300," Marathahalli, Bangalore",3.3,12.95097596,77.71567181
Grill House,"North Indian, Chinese, Andhra",350," Rajarajeshwari Nagar, Bangalore",3.3,12.92623407,77.51572251
The World Cafe,Cafe,600," Malleshwaram, Bangalore",3.3,13.01188435,77.5562983
Kunafa Lounge,"Beverages, Desserts",400," Koramangala 5th Block, Bangalore",3.3,12.93426161,77.61629295
Mukund Iyengar Bakery,"Bakery, Fast Food, Desserts",200," Vijay Nagar, Bangalore",3.3,12.95836851,77.53538344
Sutra - The Lalit Ashok Bangalore,"Continental, Chinese",2200," The Lalit Ashok Bangalore, Seshadripuram, Bangalore",3.3,12.99123877,77.58262787
Kerala Mess,Kerala,200," Indiranagar, Bangalore",3.3,12.97267659,77.63811976
SLV Ragigudda,"South Indian, North Indian, Chinese, Street Food",400," Jayanagar, Bangalore",3.3,12.91525827,77.59529561
Taj Restaurant,"North Indian, Biryani",500," City Market, Bangalore",3.3,12.96350379,77.57827666
Seasons Restaurant,"North Indian, South Indian, Chinese, Seafood, Kerala, Arabian, Juices",1000," International Airport, Bangalore",3.3,13.19126863,77.64601082
Kholi Mane,"Andhra, South Indian, Biryani, North Indian",450," Basavanagudi, Bangalore",3.3,12.93265455,77.56787974
Soupwala,"North Indian, Chinese, Street Food, Fast Food, Biryani, Mughlai, Seafood, Rolls",300," HSR, Bangalore",3.3,12.9061989,77.6412948
Joy's Kuttanadu Restaurant,"Kerala, Seafood, Fast Food",400," Yeshwantpur, Bangalore",3.3,13.02838932,77.56180823
Udupi Grand,"South Indian, North Indian, Beverages, Ice Cream, Street Food, Chinese",300," Jalahalli, Bangalore",3.3,13.06590467,77.53049344
Cafe Cofix,"Cafe, North Indian, Italian, Fast Food, Beverages",500," Indiranagar, Bangalore",3.3,12.980109,77.639402
The Cheesecake Company,"Bakery, Fast Food, Pasta",350," Kalyan Nagar, Bangalore",3.3,12.99259422,77.59221107
Kaggis,"Bakery, Fast Food",400," Banashankari, Bangalore",3.3,12.94161904,77.56016973
Bajji House,Street Food,100," HSR, Bangalore",3.3,12.91342495,77.62568571
Trupthi Non Veg,"North Indian, Chinese",300," Nagarbhavi, Bangalore",3.3,12.95780292,77.51859248
Nandhana Mithai,Mithai,300," Rajajinagar, Bangalore",3.3,12.98932825,77.55018219
Sri Bhagya Veg,"North Indian, South Indian, Chinese, Biryani, Desserts",300," Bommanahalli, Bangalore",3.3,12.89054422,77.64486618
Ambur Dum Biryani,"Biryani, South Indian, Chinese",300," Kengeri, Bangalore",3.3,12.90986578,77.48108748
Benne Dosa Corner,South Indian,100," Nagarbhavi, Bangalore",3.3,12.96031651,77.51357071
Arya's Kitchen,"North Indian, Maharashtrian, Beverages",300," HSR, Bangalore",3.3,12.90885498,77.64679603
Shri Shyam Sweets,"Mithai, Street Food",100," Nagarbhavi, Bangalore",3.3,12.95879621,77.52494998
New Prashanth Naati Style,"South Indian, Biryani",400," Cunningham Road, Bangalore",3.3,12.98796036,77.59421334
Amrutha Mess,"South Indian, Kerala, Chinese, North Indian",300," BTM, Bangalore",3.3,12.9308956,77.6095433
Hodge Podge Resto Cafe,"Fast Food, Beverages, Street Food",400," Bannerghatta Road, Bangalore",3.3,12.8916966,77.60849074
Arun Ice Cream Parlour,"Ice Cream, Desserts",100," Marathahalli, Bangalore",3.3,12.96359528,77.710356
Sip N Dine,"North Indian, Chinese, South Indian, Seafood, Thai, Mughlai, Biryani, Beverages",800," Vijay Nagar, Bangalore",3.3,12.95800158,77.53408525
Tamarind - Signature Club Resort,"North Indian, Continental, South Indian",800," International Airport, Bangalore",3.3,13.22833481,77.72082869
The Kababz N Curryz,"Chinese, North Indian, Kebab, Biryani",400," Nagarbhavi, Bangalore",3.3,12.96467806,77.50478815
The Kababz N Curryz,"Chinese, North Indian, Kebab, Biryani",400," Nagarbhavi, Bangalore",3.3,12.96467806,77.50478815
Mumbai Spice,"North Indian, Chinese, Biryani",350," Malleshwaram, Bangalore",3.3,12.99938,77.57551
Juices Zone,"Beverages, Salad, Desserts, Juices",150," BTM, Bangalore",3.3,12.90870596,77.60391723
Cafe Poetry,"Cafe, Beverages, Healthy Food",450," New BEL Road, Bangalore",3.3,13.03140032,77.56376725
Sathya's Kitchen,"North Indian, Hyderabadi, Chinese",400," RT Nagar, Bangalore",3.3,13.0285595,77.59373322
Gold Line Breadz,"Bakery, Fast Food, Desserts",350," Kammanahalli, Bangalore",3.3,13.02452638,77.63726279
Karavali Kolimane,"North Indian, Chinese, Biryani, Seafood, Mangalorean",600," Wilson Garden, Bangalore",3.3,12.94724415,77.59805661
Oyalo Pizza,"Pizza, Fast Food",400," Yeshwantpur, Bangalore",3.3,13.0305749,77.56034005
Chikpet Donne Biriyani Corner,"Biryani, South Indian",300," Kalyan Nagar, Bangalore",3.3,13.01463128,77.64757019
Andhra Style Hotel & Curry's Point,"Andhra, Biryani, Chinese",300," CV Raman Nagar, Bangalore",3.3,12.98320064,77.6576801
Nandi Chats and Juice,Street Food,150," Banashankari, Bangalore",3.3,12.926304,77.56102368
Vedic Chai,"Cafe, Tea",500," JP Nagar, Bangalore",3.3,12.91120599,77.59894509
Bharjari Badoota,"North Indian, Chinese, Maharashtrian, Beverages",350," JP Nagar, Bangalore",3.3,12.91038115,77.58867558
Kerala Cafe,Kerala,250," Koramangala 7th Block, Bangalore",3.3,12.93551411,77.60855712
Tasty Yum,"Kerala, Mughlai, Chinese",300," Sarjapur Road, Bangalore",3.3,12.86412707,77.76981018
Madurai Cafe,"South Indian, Chinese",200," BTM, Bangalore",3.3,12.93575494,77.60788489
Sweet Revenge,"Bakery, Fast Food",300," Electronic City, Bangalore",3.3,12.83555224,77.69148365
New Ambur Biryani,"Biryani, Fast Food",150," Koramangala 7th Block, Bangalore",3.3,12.93645128,77.61440165
Samudra Restaurant,"North Indian, Chinese",450," Rajajinagar, Bangalore",3.3,12.98439181,77.55455989
Ootada Mane,"South Indian, Chinese, North Indian, Street Food, Juices, Beverages",300," Jalahalli, Bangalore",3.3,13.04125001,77.51759671
Best Biryani,"North Indian, Biryani",300," Sarjapur Road, Bangalore",3.3,12.91806476,77.67140966
Zam Zam Kabab House,"North Indian, Chinese, Kebab",300," Yeshwantpur, Bangalore",3.3,13.02937024,77.56188601
Salaam Sigri Rolls & Kebabs,"Rolls, Mughlai",300," New BEL Road, Bangalore",3.3,13.02825409,77.57201336
Jeni's Kitchen,"Biryani, Chinese, North Indian, Andhra, Beverages",400," Bommanahalli, Bangalore",3.3,12.9000439,77.64545426
Shrinidhi Military Hotel,"Tamil, South Indian",300," Basavanagudi, Bangalore",3.3,12.93681988,77.57604841
Hunan Express,"Chinese, Thai",550," Phoenix Marketcity Bangalore, Whitefield, Bangalore",3.3,12.99779152,77.69659359
New Kabab Plaza,"North Indian, Chinese, Fast Food, Beverages",500," Hennur, Bangalore",3.3,13.06184766,77.64909267
Halli Mane Badoota,"South Indian, Biryani",350," BTM, Bangalore",3.3,12.90874943,77.60385923
Doctor Chicken,"Arabian, Chinese",400," Varthur Main Road, Whitefield, Bangalore",3.3,12.93939282,77.72230256
Banashankari Restaurant,South Indian,500," New BEL Road, Bangalore",3.3,13.034191,77.568266
Aramane Donne Biriyani,"Mughlai, Biryani",500," JP Nagar, Bangalore",3.3,12.90935597,77.5733595
Stop N Joy,"Fast Food, Beverages, Street Food, Burger, Sandwich",200," Kanakapura Road, Bangalore",3.3,12.88103731,77.54552856
Udupi Aramane,"South Indian, North Indian, Chinese, Beverages, Desserts, Street Food",400," Bommanahalli, Bangalore",3.3,12.90654742,77.63650943
Fudge,"Desserts, Beverages, Fast Food, Ice Cream",350," Basavanagudi, Bangalore",3.3,12.95239992,77.5775709
Sri Krishna Bhavan,"South Indian, North Indian, Chinese",300," Banashankari, Bangalore",3.3,12.91755236,77.57320661
Chocolate Junction,Desserts,200," Ulsoor, Bangalore",3.3,12.99084967,77.61951093
Chocolate Junction,Desserts,200," Ulsoor, Bangalore",3.3,12.99084967,77.61951093
Ruchi Curry Point,"North Indian, Biryani",300," Hebbal, Bangalore",3.3,13.05520776,77.60056984
Samrith Grand,"North Indian, Chinese",400," Yelahanka, Bangalore",3.3,13.121517,77.6102895
Odia Khaiba,"Odia, North Indian, Chinese, Seafood",400," Old Airport Road, Bangalore",3.3,12.95954933,77.64591224
Black Kitchen,"Kerala, Chinese, North Indian, Lebanese",300," Koramangala 6th Block, Bangalore",3.3,12.93734074,77.62451626
Aahar Cafe,"North Indian, Fast Food, Chinese",350," Kaggadasapura, Bangalore",3.3,12.9770474,77.67384075
Manasa Family Restaurant,"North Indian, Chinese, Andhra, Mughlai, Beverages, Kebab",500," BTM, Bangalore",3.3,12.92280678,77.61452772
Rajasthan Sweets,Mithai,150," Sarjapur Road, Bangalore",3.3,12.91072592,77.69758098
Chef Kitchen Food,"North Indian, Street Food, Chinese, Fast Food, Mughlai, Desserts, Beverages",500," Rajarajeshwari Nagar, Bangalore",3.3,12.90201295,77.51973711
Kerala Kitchen,"Kerala, Fast Food, Beverages",300," Yelahanka, Bangalore",3.3,13.1052042,77.5742448
The Food Corner,"Chinese, North Indian, Street Food, Fast Food, Beverages, Rolls, Sandwich",400," Vasanth Nagar, Bangalore",3.3,12.99281376,77.59019002
Sri Devi Cafe,South Indian,250," Frazer Town, Bangalore",3.3,12.99773435,77.62081649
7 Star Biryani,Biryani,250," Koramangala 6th Block, Bangalore",3.3,12.93700482,77.62465339
Donne Biryani House,"Biryani, South Indian",400," Shanti Nagar, Bangalore",3.3,12.958265,77.592577
Kulfi House,"Ice Cream, Beverages, Desserts",400," Nagarbhavi, Bangalore",3.3,12.9707643,77.49676768
Parimala Sweets,"Mithai, Street Food, Desserts",300," Banashankari, Bangalore",3.3,12.92637066,77.56130967
Elephants & Coffee - Hotel Evoma,Cafe,800," Hotel Evoma, Bangalore",3.3,13.02205036,77.71257486
Indian Chicken Biryani Point,"Biryani, South Indian",250," Vijay Nagar, Bangalore",3.3,12.97687751,77.53583439
Ciao Fellas,"Fast Food, Beverages",300," Indiranagar, Bangalore",3.3,12.9704964,77.6475387
Shree Gurudatta Khanavali Hotel,South Indian,150," Whitefield, Bangalore",3.3,12.96678872,77.76328538
Donne Biryani & Egg Rice Adda,"Biryani, South Indian",200," New BEL Road, Bangalore",3.3,13.05973617,77.55913105
Star Biryani,"Biryani, Fast Food",400," Whitefield, Bangalore",3.3,12.993925,77.701629
Grand Chef,"North Indian, Mangalorean, Chinese",450," Bommanahalli, Bangalore",3.3,12.8758732,77.61731084
Bengali Restaurant,"North Indian, Rolls",300," Hesaraghatta, Bangalore",3.3,13.06779369,77.50841483
Bengali Restaurant,"North Indian, Rolls",300," Hesaraghatta, Bangalore",3.3,13.06779369,77.50841483
Rajarajeshwari Pork Hotel,"South Indian, Chinese",200," BTM, Bangalore",3.3,12.930803,77.612369
Cafeteria Al - Falah,"Fast Food, North Indian",300," Banaswadi, Bangalore",3.3,13.00910113,77.64986616
Kerala Cafe,Kerala,250," Yelahanka, Bangalore",3.3,13.12253155,77.63020489
Hotel Namma Chola,"Chinese, South Indian, Tamil",250," Frazer Town, Bangalore",3.3,12.99771867,77.62113802
Ambika Restaurant,"Chinese, Biryani, Kerala",350," Jalahalli, Bangalore",3.3,13.07505212,77.51691073
KR Naidu Hotel,"Chinese, North Indian, South Indian",200," Varthur Main Road, Whitefield, Bangalore",3.3,12.94250489,77.74792705
Blue Waters Lounge Bar & Fine Dine,"North Indian, Mangalorean, Chinese, Mughlai, Beverages, Desserts",1500," Bannerghatta Road, Bangalore",3.3,12.8612376,77.58966867
Punjabi Restaurant,"North Indian, Chinese",400," RT Nagar, Bangalore",3.3,13.02406711,77.61287514
Ganesh Darshini,"South Indian, Chinese",150," Malleshwaram, Bangalore",3.3,13.00730443,77.5692755
Aapni Rasoi,North Indian,300," Bellandur, Bangalore",3.3,12.9256501,77.6763966
Abhiruchi Homely Meals,"North Indian, Chinese, Andhra",400," Yelahanka, Bangalore",3.3,13.09897585,77.58169547
Punjabi Food,"North Indian, Chinese, Mughlai, Hyderabadi",350," RT Nagar, Bangalore",3.3,13.02781802,77.60679524
Little Kitchen,"South Indian, Kerala, Chinese, North Indian",550," Koramangala 1st Block, Bangalore",3.3,12.93020474,77.63317477
Taste of Nepal,"Nepalese, Chinese",300," Koramangala 8th Block, Bangalore",3.3,12.94392857,77.62051441
Andhra Vilaas,"Andhra, North Indian, Chinese, Biryani",450," Sarjapur Road, Bangalore",3.3,12.9188386,77.67079208
Snow'ora,"Desserts, Beverages, Sandwich",350," Kalyan Nagar, Bangalore",3.3,13.02117819,77.64164686
Hotel Halli Nenapu,"South Indian, Bengali, Kerala",500," GT World Mall, Magadi Road, Bangalore",3.3,12.97371458,77.55164433
Cafe 99 Variety Coffee and Tea Snacks Parlour,"Fast Food, Street Food, Kerala, Rolls, Beverages",250," Kalyan Nagar, Bangalore",3.3,13.02279,77.647922
New South Corner,"South Indian, North Indian, Chinese",300," BTM, Bangalore",3.3,12.91034618,77.60647472
Reddy's Paradise,"Biryani, North Indian, Chinese, Fast Food",400," Sarjapur Road, Bangalore",3.3,12.90886054,77.6805741
Chetty's Corner,"Fast Food, Sandwich, Pizza, Desserts, Street Food",200," Kammanahalli, Bangalore",3.3,13.01134665,77.64007509
New Kudla Family Resturant,"North Indian, Chinese",450," MG Road, Bangalore",3.3,12.9724688,77.62058582
Reddy's Restaurant,"Andhra, Biryani, North Indian",400," Whitefield, Bangalore",3.3,12.98228129,77.76156172
North Indian And Bengali Mess,"North Indian, Bengali, Chinese",300," Koramangala 5th Block, Bangalore",3.3,12.93626829,77.6201912
Biryani Point,Biryani,250," Bommanahalli, Bangalore",3.3,12.906543,77.622848
Mom's Momos,Momos,100," Bannerghatta Road, Bangalore",3.3,12.90340157,77.60196459
Upahar Banashree,"South Indian, North Indian, Chinese, Street Food, Juices, Beverages",400," Bannerghatta Road, Bangalore",3.3,12.85373889,77.5885227
Cafe Lazy Bee,"Cafe, Italian, Fast Food",350," Kammanahalli, Bangalore",3.3,13.066017,77.552804
Karavali Biryani Mane,"North Indian, Chinese, Seafood",300," Uttarahalli, Bangalore",3.3,12.91435501,77.56544866
Ambur Hot Dum Biryani,"Biryani, Mughlai",200," CV Raman Nagar, Bangalore",3.3,12.9856751,77.67169263
New Ambur Hot Dum Biryani,"Biryani, Tamil, North Indian, Kebab",250," Sanjay Nagar, Bangalore",3.3,13.02608483,77.58035101
Karavali Fish Land,"Seafood, North Indian, Chinese, South Indian",450," BTM, Bangalore",3.3,12.90666834,77.61120714
S L V Food Joint,"North Indian, South Indian, Chinese",300," Kalyan Nagar, Bangalore",3.3,13.02390803,77.63346747
The Nimma Adda,"Chinese, North Indian, Biryani",500," Yelahanka, Bangalore",3.3,13.104454,77.609648
Sri Krishna Upahar,South Indian,250," Bellandur, Bangalore",3.3,12.92616904,77.67624199
Shilpa Veg,"South Indian, Street Food, Fast Food, Desserts",250," Shivajinagar, Bangalore",3.3,12.98169747,77.60447379
Shree Upahara Veg,South Indian,200," HSR, Bangalore",3.3,12.90833635,77.63243012
Udupi Sagar,"South Indian, North Indian, Chinese, Beverages",400," City Market, Bangalore",3.3,12.95796695,77.58257188
Punjabi Kitchen Restaurant,"North Indian, Chinese",300," Brookefield, Bangalore",3.3,12.97136645,77.71180239
Covai Cafe,"South Indian, Chinese, North Indian",350," Whitefield, Bangalore",3.3,12.98428988,77.73378342
Sri Vasavi Restaurant,"North Indian, Chinese, Biryani, South Indian",350," Bellandur, Bangalore",3.3,12.92449723,77.67186664
Delight Fast Food & Restaurant,"North Indian, Chinese, Seafood, Rolls, Ice Cream, Juices, Beverages",500," Yeshwantpur, Bangalore",3.3,13.03401279,77.55781408
Zahav,"North Indian, Chinese, Rolls, BBQ, Mughlai",550," Kammanahalli, Bangalore",3.3,13.01574259,77.63965767
Mongolian Kitchen,"Chinese, Mongolian",300," BTM, Bangalore",3.3,12.92670986,77.60889944
Ilyazsab Shawarma Cafe,"Fast Food, Rolls",300," BTM, Bangalore",3.3,12.88954151,77.58837048
Night Diaries,"North Indian, Chinese, Biryani",600," Whitefield, Bangalore",3.3,12.97857321,77.74136423
The Chef Bake,"Bakery, Beverages, Desserts",250," Whitefield, Bangalore",3.3,12.987227,77.736474
Cafe Robusta,"Beverages, Juices, Fast Food",200," Yelahanka, Bangalore",3.3,13.12140701,77.61960413
Vijayawada Heights,"North Indian, Chinese, Biryani, South Indian, Rolls, Fast Food, Juices, Beverages",1000," Whitefield, Bangalore",3.3,12.98002374,77.7523765
Ambur Star Biryani,Biryani,200," Sarjapur Road, Bangalore",3.3,12.91106056,77.68380649
MPR Donne Biriyani,"Biryani, North Indian, Mughlai",300," Jalahalli, Bangalore",3.3,13.04132317,77.51641754
Monu Punjabi Dhaba,"North Indian, Maharashtrian, Chinese",300," Yeshwantpur, Bangalore",3.3,13.02140554,77.53680166
Savoy Castle,"Kerala, Asian, North Indian, Chinese",300," Yelahanka, Bangalore",3.3,13.09908,77.575917
Kerala-La-Paratha,Kerala,350," Koramangala 1st Block, Bangalore",3.3,12.92916788,77.63489172
New Ambur Hot Dum Biriyani,"Biryani, South Indian",300," Bommanahalli, Bangalore",3.3,12.88599671,77.64930423
Daily Bite,"Bakery, Fast Food, Desserts, Burger, Pizza, Sandwich",300," Richmond Road, Bangalore",3.3,12.96228574,77.61497397
O-Dot Foods,"North Indian, South Indian, Chinese",150," Yelahanka, Bangalore",3.3,13.120444,77.630214
Sri Annapoorneshwari Chats,Street Food,200," Rammurthy Nagar, Bangalore",3.3,13.023225,77.69581877
The Waverly Express,"Cafe, Continental, Beverages",650," VR Bengaluru, Whitefield, Bangalore",3.3,12.9964031,77.69540269
The Waverly Express,"Cafe, Continental, Beverages",650," VR Bengaluru, Whitefield, Bangalore",3.3,12.9964031,77.69540269
Hotel Srinivasa Family Restaurant,"South Indian, Chinese, Mughlai, Beverages",400," Peenya, Bangalore",3.3,13.0083901,77.5264016
Nadan Vibes,"South Indian, Kerala, Fast Food",400," Hesaraghatta, Bangalore",3.3,13.07148711,77.50589725
Pattanshetty Khanavali,South Indian,150," Jalahalli, Bangalore",3.3,13.07447962,77.50196915
Nisarga Restaurant,"North Indian, Chinese",300," Whitefield, Bangalore",3.3,12.99232894,77.716051
Al-Baik Kabab Centre,"North Indian, Chinese",400," Banaswadi, Bangalore",3.3,13.00161796,77.63134751
The Tandoor,"North Indian, Chinese",400," Kumaraswamy Layout, Bangalore",3.3,12.90179464,77.55829219
Guntur Andhra Mess,"Andhra, Biryani, Chinese",550," Bellandur, Bangalore",3.3,12.91890396,77.68513553
Truly Andhra,"Biryani, Andhra, South Indian",400," Kalyan Nagar, Bangalore",3.3,13.024575,77.641201
Bhojanam Grand,"Andhra, Chinese, South Indian",300," Kadubeesanahalli, Bangalore",3.3,12.93893927,77.69543789
Bhaina Kitchen,"Odia, Bengali",300," Bellandur, Bangalore",3.3,12.922222,77.667985
Meghans Kitchen,"North Indian, Chinese, Mughlai",500," Bellandur, Bangalore",3.3,12.92736995,77.66920757
Morning 2 Night Thalaserry Restaurant,"South Indian, Kerala, Chinese",350," KR Puram, Bangalore",3.3,13.02401419,77.69444983
Chitu's Kitchen,"North Indian, Chinese",450," Indiranagar, Bangalore",3.3,12.97627309,77.63289548
Sri Rama Grand,"North Indian, South Indian, Chinese",250," Banashankari, Bangalore",3.3,12.92835322,77.54578974
RP Sweets,"Mithai, Street Food",300," Bellandur, Bangalore",3.3,12.92906429,77.67658833
New Biryani Cafe,"Biryani, North Indian",600," Banashankari, Bangalore",3.3,12.94311658,77.54157498
Aamchi Mumbai,Street Food,150," Jayanagar, Bangalore",3.3,12.92249208,77.58948594
Cheezz Cakezz,"Bakery, Desserts",350," JP Nagar, Bangalore",3.3,12.87119992,77.57974416
House- House Of Shakes And Eggs,"Healthy Food, Fast Food, Beverages",500," BTM, Bangalore",3.3,12.9165757,77.6101163
Donne Biriyani House,"Biryani, South Indian, Chinese",400," Banashankari, Bangalore",3.3,12.92752386,77.55152665
Chacha Ka Dhaba,"North Indian, Chinese",400," Whitefield, Bangalore",3.3,12.96800904,77.75659259
Biryani Bowl,"Biryani, Andhra",550," Whitefield, Bangalore",3.3,12.98720079,77.73697391
Craft & Creams Cool Parlor,"Ice Cream, Fast Food",300," Varthur Main Road, Whitefield, Bangalore",3.3,12.93927714,77.72126388
Chatpata Corner,"Fast Food, Street Food, Sandwich, Beverages",200," Kumaraswamy Layout, Bangalore",3.3,12.90702194,77.56203823
Food Folks,"Fast Food, Chinese, North Indian",350," International Airport, Bangalore",3.3,13.14419232,77.61776716
New Sai Kripa Foodpoint,"Chinese, Bengali",450," KR Puram, Bangalore",3.3,13.02360163,77.706559
Coffee Break,"Fast Food, Beverages",150," Vijay Nagar, Bangalore",3.3,12.96095168,77.52732407
Spice Cuisine Family Restaurant,"Biryani, Chinese, Andhra, North Indian",300," Marathahalli, Bangalore",3.3,12.95840641,77.69979849
Bharath's Pizza,"Pizza, Fast Food",150," Malleshwaram, Bangalore",3.3,12.99945663,77.57234864
Waffle E,"Desserts, Beverages",500," Vega City, Bannerghatta Road, Bangalore",3.3,12.90768307,77.60112405
FAB Cafe,"Chinese, Fast Food",300," Electronic City, Bangalore",3.3,12.87429714,77.64707498
Tasty Kitchen,"Kerala, Street Food, Arabian, North Indian, Chinese, Fast Food, Desserts, Beverages",200," Whitefield, Bangalore",3.3,12.96953517,77.75015932
Butter And Sauce,"North Indian, Chinese, Street Food, Biryani",400," HSR, Bangalore",3.3,12.90967428,77.64465127
New Ambur Hot Dum Biryani,"Biryani, North Indian",200," Mysore Road, Bangalore",3.3,12.94820512,77.53509846
South Spicy Bites,"Chinese, North Indian",400," Hebbal, Bangalore",3.3,13.05261054,77.60462567
Om Sri Vinayaka Chats,Street Food,150," Banashankari, Bangalore",3.3,12.93831646,77.55033039
Coco House,"Beverages, Desserts",250," Jayanagar, Bangalore",3.3,12.92057516,77.59173866
Andhra Tea Point,"Beverages, Juices, Coffee, Sandwich",200," Marathahalli, Bangalore",3.3,12.94968791,77.70169046
Narayany Pure Veg,"Street Food, North Indian, Chinese",200," JP Nagar, Bangalore",3.3,12.90323686,77.57491183
Dabbawala Bhaiya,North Indian,100," HBR Layout, Bangalore",3.3,13.02621941,77.63342086
BlueBay Cafe,"Burger, Sandwich, Fast Food, Beverages",300," Thippasandra, Bangalore",3.3,12.9700683,77.654746
Pavan Davanagere Benne Dose,South Indian,100," Electronic City, Bangalore",3.3,12.8549644,77.6671138
Sapthagiri Cafe,"South Indian, Chinese, North Indian",250," Jalahalli, Bangalore",3.3,13.06664277,77.50471808
Al Zaiqa,"Chinese, North Indian, Mughlai, Fast Food, Rolls, BBQ",350," HBR Layout, Bangalore",3.3,13.02779319,77.63205227
7Star Ambur Hot Dum Biryani,"Biryani, Kebab",400," RT Nagar, Bangalore",3.3,13.03548462,77.59964883
Khally Wally,"Biryani, Kebab",250," MG Road, Bangalore",3.3,12.97509169,77.60741215
Lassi Time,"Juices, Beverages, Ice Cream, Desserts",250," Frazer Town, Bangalore",3.3,13.00732305,77.59454224
Sri Suprabhatha Food Point,"South Indian, North Indian, Chinese",400," Kumaraswamy Layout, Bangalore",3.3,12.90529575,77.56313458
Coastal Kadai,"North Indian, Chinese, Seafood",300," JP Nagar, Bangalore",3.3,12.90449507,77.58030843
Chandu Biryani,"Biryani, North Indian, South Indian, Beverages",400," Koramangala 1st Block, Bangalore",3.3,12.92182296,77.6339135
Daana Pani,"North Indian, South Indian, Chinese",550," BTM, Bangalore",3.3,12.91676446,77.61858959
Stop N Joy,"Fast Food, Beverages",100," Yelahanka, Bangalore",3.3,13.11784005,77.63267688
Donny's Best Biryani,"Chinese, North Indian, Mughlai, Kebab, Seafood",450," Nagarbhavi, Bangalore",3.3,12.95858579,77.51903035
Kabab Darbar,"Arabian, North Indian, Chinese, Mughlai",500," Sahakara Nagar, Bangalore",3.3,13.05893697,77.59281389
Cafe Chocolicious,"Street Food, Pizza, Fast Food, Desserts, Beverages",450," Yelahanka, Bangalore",3.3,13.17279594,77.56149173
Shahi Darbaar,"Chinese, Biryani, North Indian",300," Banaswadi, Bangalore",3.3,13.02466978,77.65557647
Hina Exclusive Seafood Restaurant,"South Indian, Seafood, Biryani, Chinese",350," BTM, Bangalore",3.3,12.92800423,77.60913312
Malnad Kairuchi,South Indian,300," JP Nagar, Bangalore",3.3,12.9110671,77.57612016
Flavours Veg Restaurant,"South Indian, North Indian, Chinese",300," Yelahanka, Bangalore",3.3,13.103746,77.57572
North Indian Restaurant,"North Indian, Biryani, Chinese, Mughlai",400," Marathahalli, Bangalore",3.3,12.9615483,77.70529803
Dal Roti Express,"North Indian, Mughlai, Rolls",500," HSR, Bangalore",3.3,12.91397135,77.64469352
Gourmet Kitchen,"North Indian, Andhra, Chinese, Fast Food",300," Sarjapur Road, Bangalore",3.3,12.89334282,77.6785476
J J Juice Junction,"Sandwich, Street Food, Juices, Beverages",200," Jayanagar, Bangalore",3.3,12.92227444,77.59359475
Sukh Sagar Chinese Cafe,"North Indian, Chinese",300," HSR, Bangalore",3.3,12.8981085,77.658352
Dine Fine,"Street Food, Chinese, Beverages",400," BTM, Bangalore",3.3,12.91563,77.61019
Surya Chinese Square,Chinese,350," Bommanahalli, Bangalore",3.3,12.8995151,77.6238434
Pure Bites Restaurant,"North Indian, South Indian",300," Whitefield, Bangalore",3.3,13.0001796,77.7513459
Priya Cafe,"Fast Food, Beverages",250," Koramangala 1st Block, Bangalore",3.3,12.91829025,77.63213977
Indian Paratha,North Indian,300," Marathahalli, Bangalore",3.3,12.96792344,77.70436026
Mubarak Restaurant,"North Indian, Chinese",400," Rajajinagar, Bangalore",3.3,12.97758452,77.54379116
Try Chaos,"North Indian, Mughlai, Chettinad, Fast Food",400," Koramangala 1st Block, Bangalore",3.3,12.92748689,77.63768641
MealBox.in,"Chinese, South Indian, Kebab",300," BTM, Bangalore",3.3,12.9107972,77.606426
KAC,"Fast Food, Beverages",150," Rajajinagar, Bangalore",3.3,12.99155991,77.55535014
AL-Aziz Restaurant,"Mughlai, North Indian",300," Hebbal, Bangalore",3.3,13.04936267,77.57572755
Zesty Tasty,"North Indian, Chinese, Fast Food",300," Whitefield, Bangalore",3.3,12.992624,77.721621
The Edibles,"Chinese, BBQ",300," HBR Layout, Bangalore",3.3,13.0328565,77.6312382
Lazeeza,"Beverages, Juices, Fast Food",200," Jayanagar, Bangalore",3.3,12.92701964,77.59206086
Corporate FoodX,"North Indian, Chinese",300," Whitefield, Bangalore",3.3,12.98230057,77.76704147
Ruthvi's Hotel,"Biryani, Fast Food, Chinese",300," Bannerghatta Road, Bangalore",3.3,12.9080532,77.6001461
Lazzat Biriyani,"Biryani, Chinese",200," Domlur, Bangalore",3.3,12.95820089,77.64145978
Indian Meals Cafe,"North Indian, Kebab, Rolls",500," BTM, Bangalore",3.3,12.90869158,77.60398664
Thalassery Juice World,"Juices, Fast Food",150," Kammanahalli, Bangalore",3.3,13.01874688,77.63658386
Ambur Biriyani,Biryani,200," Old Airport Road, Bangalore",3.3,12.96219588,77.6378455
Hotel Halli Sobagu ,"South Indian, Biryani",350," Jalahalli, Bangalore",3.3,13.06372691,77.50374947
Laxmi Fast Food,"Chinese, Street Food",200," Banashankari, Bangalore",3.3,12.94345967,77.55957697
Biryani Joint,"South Indian, Biryani",200," Kammanahalli, Bangalore",3.3,13.01438661,77.63646249
New Kabab Plaza,"North Indian, Chinese",500," BTM, Bangalore",3.3,12.9072275,77.60616895
In Wok,"Chinese, Japanese",500," Richmond Road, Bangalore",3.3,12.96522664,77.60271862
Patels Inn,"North Indian, Chinese",750," RT Nagar, Bangalore",3.3,13.02102499,77.59867653
Dhaba Square,"North Indian, Chinese",400," Whitefield, Bangalore",3.3,12.9693764,77.7352704
Rajadhani Delux Bar And Restaurant,"North Indian, Mangalorean, Seafood, Chinese, Fast Food",600," Majestic, Bangalore",3.3,12.9786264,77.57509723
Samrudhi Restaurant,"South Indian, Chinese, Andhra, North Indian",600," Bommanahalli, Bangalore",3.3,12.88957256,77.6398984
Chicken Magic,"Chinese, North Indian, Fast Food, Rolls",300," BTM, Bangalore",3.3,12.90667487,77.61123665
New Biriyani Darbar,"Biryani, South Indian, North Indian, Chinese, Kebab, Mughlai, Mangalorean, Seafood",450," RT Nagar, Bangalore",3.3,13.02334031,77.61267062
Tandoor Garden,"North Indian, Chinese, Kebab, Street Food",350," BTM, Bangalore",3.3,12.91678766,77.60480974
Tandoor Garden,"North Indian, Chinese, Kebab, Street Food",350," BTM, Bangalore",3.3,12.91678766,77.60480974
Wang Fu Kitchen,Chinese,500," Whitefield, Bangalore",3.3,13.00833639,77.75887046
Spicy Hut,"North Indian, Chinese",350," KR Puram, Bangalore",3.3,13.00990212,77.69738149
Xpress Dhaba,North Indian,400," Koramangala 1st Block, Bangalore",3.3,12.92936035,77.63465837
Wow Vada Pav,"Street Food, American",250," Indiranagar, Bangalore",3.3,12.96288,77.642168
Kharcha Paani,"North Indian, Chinese, Fast Food, Pizza, Rolls, Beverages",500," Rajarajeshwari Nagar, Bangalore",3.3,12.91433475,77.50050902
Chinese Street,Chinese,350," Bellandur, Bangalore",3.3,12.92614224,77.67613739
Yamiez,"North Indian, Chinese, Momos",350," Hesaraghatta, Bangalore",3.3,13.06671985,77.50314027
My Cafe,"North Indian, Chinese, Fast Food",150," Electronic City, Bangalore",3.3,12.84996967,77.66388841
Pratibha Indian Food,"North Indian, Chinese",400," BTM, Bangalore",3.3,12.9058991,77.6083707
Crunchees Cafeteria,Fast Food,400," Kalyan Nagar, Bangalore",3.3,13.02570428,77.63709381
Juba Cafe,"Beverages, Fast Food",250," Kalyan Nagar, Bangalore",3.3,13.02236166,77.6508398
Spicy Dhadkan,"North Indian, Chinese",350," Indiranagar, Bangalore",3.3,12.98795759,77.6483044
New Sitara Grand,"North Indian, Chinese, Biryani",500," Whitefield, Bangalore",3.3,12.994124,77.700309
St. Mary's Fast Food,"Chinese, South Indian",200," Thippasandra, Bangalore",3.3,12.97292098,77.65192878
Lassi Coconut,"Fast Food, Beverages, Desserts",200," Yelahanka, Bangalore",3.3,13.10697919,77.57617783
Bachelors Kitchen Donne Biryani,"Biryani, South Indian",350," Bellandur, Bangalore",3.3,12.916887,77.671389
Bite 'N' Slurp,"Fast Food, Rolls, Beverages, Ice Cream",300," Yelahanka, Bangalore",3.3,13.12210348,77.62871359
Folklore Restaurant,"North Indian, South Indian, Kerala, Seafood, Biryani",450," Sarjapur Road, Bangalore",3.3,12.90809484,77.69276205
Coco Grove Beer Cafe,"Rolls, Steak, Finger Food, Sandwich, Seafood",800," Church Street, Bangalore",3.3,12.97513351,77.60464277
Dream Gowdas Hotel,"South Indian, North Indian, Chinese, Seafood",700," JP Nagar, Bangalore",3.3,12.898625,77.572327
Maa Reddys Hyderabadi Biryani House,"Biryani, Mughlai, North Indian, Chinese, Andhra, Seafood, Kebab",600," Sanjay Nagar, Bangalore",3.3,13.04258003,77.57848285
Ignite - Chairman's Jade Club & Resort,"North Indian, Chinese, Continental",1000," Chairman's Jade Club & Resort, International Airport, Bangalore",3.3,13.2040529,77.64573924
Crescent Avenue - Hotel Bangalore International,"North Indian, Continental, Chinese, Asian, Thai",1400," Hotel Bangalore International, Bangalore",3.3,12.98506939,77.57924225
Crescent Avenue - Hotel Bangalore International,"North Indian, Continental, Chinese, Asian, Thai",1400," Hotel Bangalore International, Bangalore",3.3,12.98506939,77.57924225
Kuteera Park Land,"North Indian, Mughlai, Kebab",800," Nagarbhavi, Bangalore",3.3,12.94591785,77.49586008
Hotel Ramanna Nati Style,"North Indian, Chinese, Mughlai",400," Peenya, Bangalore",3.3,13.03945681,77.51853816
Food Land,"Arabian, Chinese, North Indian, Mangalorean, Lebanese, Mughlai, Biryani, Beverages",500," Vijay Nagar, Bangalore",3.3,12.96954595,77.53413521
Zodiac - Fortune Select JP Cosmos Hotel,"North Indian, South Indian, Chinese, Continental",1800," Fortune Select JP Cosmos Hotel, Bangalore",3.3,12.98986664,77.59474408
Twins,"North Indian, Chinese, Continental",500," Kammanahalli, Bangalore",3.3,13.02162375,77.63718735
Sandy's Kitchen,"North Indian, Chinese, Sandwich, Rolls, Fast Food",500," Yelahanka, Bangalore",3.3,13.11824037,77.63382856
Beetle Juice Bar - Springs Hotel & Spa,"North Indian, Mughlai, Asian, Continental",2200," Springs Hotel & Spa, Basavanagudi, Bangalore",3.3,12.95620059,77.58363403
Abhinandana Gardenia,"South Indian, North Indian, Chinese, Andhra, Biryani",700," Jakkur, Bangalore",3.3,13.06804157,77.62978144
Luqma Restaurant,"North Indian, Chinese, Mughlai, Arabian",500," Old Madras Road, Bangalore",3.3,12.99778368,77.66992606
Vi Ra's Bar and Restaurant,"South Indian, North Indian, Chinese",800," Banashankari, Bangalore",3.3,12.92227248,77.56196044
The Terrace Tandoor & Grill Restaurant,"North Indian, Continental, Beverages",1200," Fortune Park JP Celestial, Bangalore",3.3,12.98136455,77.57660229
The Nesara Grand,"North Indian, Chinese, Bengali, Desserts, Mughlai, Beverages",800," Hesaraghatta, Bangalore",3.3,13.06268669,77.49890037
New Samruddhi,"North Indian, Biryani, Kerala, Chinese",700," New BEL Road, Bangalore",3.3,13.03593505,77.56686989
Biriyani Paradise,"Biryani, North Indian, Kerala, Chinese",550," Bommasandra, Bangalore",3.3,12.80568048,77.70001207
Soup N Grill,"Chinese, North Indian",600," Whitefield, Bangalore",3.3,12.99354195,77.70153053
Neetu's Biryani House,"North Indian, South Indian, Chinese, Andhra, Biryani",300," New BEL Road, Bangalore",3.3,13.05900751,77.55914345
RB Gardenia Family Bar & Restaurant,"North Indian, Chinese",600," KR Puram, Bangalore",3.3,12.99688,77.667447
Rejoice,"North Indian, Chinese, Street Food, Seafood, Mughlai, Mangalorean, Desserts, Beverages",800," Hennur, Bangalore",3.3,13.05429848,77.645179
Chopstick Kitchen,"Chinese, Momos, Seafood",600," CV Raman Nagar, Bangalore",3.3,12.9773,77.66564
Punjabi Dhaba,North Indian,600," Jakkur, Bangalore",3.3,13.06897889,77.63349663
Abhiruchi Restaurant,"Biryani, Andhra, North Indian, Chinese, Hyderabadi, Wraps",550," Sarjapur Road, Bangalore",3.3,12.90885956,77.68057443
The Q Restaurant,"North Indian, Chinese, Kerala",550," Nagawara, Bangalore",3.3,12.91385436,77.60890044
Flavors Of India,"North Indian, Chinese, Andhra, Fast Food",800," Marathahalli, Bangalore",3.3,12.9557889,77.7145322
