index_right,restaurant_count,avg_pricing,avg_rating,categories
0.0,0.0,,,
1.0,0.0,,,
2.0,1.0,300.0,3.5,"Fast Food, Chinese, South Indian"
3.0,4.0,350.0,3.525,"South Indian, North Indian, Ice Cream, Beverages, Juices, Chinese, Andhra, Chinese, North Indian, Seafood, Biryani, Beverages, North Indian, Chinese, Rolls, Fast Food, Biryani"
4.0,1.0,300.0,3.9,"Biryani, Mughlai"
5.0,0.0,,,
6.0,0.0,,,
7.0,0.0,,,
8.0,0.0,,,
9.0,0.0,,,
10.0,0.0,,,
11.0,0.0,,,
12.0,0.0,,,
13.0,0.0,,,
14.0,0.0,,,
15.0,0.0,,,
16.0,0.0,,,
17.0,0.0,,,
18.0,0.0,,,
19.0,0.0,,,
20.0,0.0,,,
21.0,0.0,,,
22.0,16.0,406.25,3.6625,"South Indian, North Indian, Chinese, Desserts, Pizza, Italian, Fast Food, Beverages, South Indian, North Indian, Chinese, Beverages, North Indian, Chinese, Andhra, Kebab, Mangalorean, Mughlai, Finger Food, Ice Cream, Desserts, Beverages, South Indian, North Indian, Chinese, Street Food, South Indian, Biryani, Chinese, North Indian, North Indian, Chinese, Arabian, South Indian, Pizza, Fast Food, Ice Cream, Desserts, Bakery, Fast Food, Desserts, South Indian, North Indian, Chinese, Fast Food, Ice Cream, Beverages, Biryani, South Indian, Chinese"
23.0,6.0,325.0,3.6333333333333333,"South Indian, North Indian, South Indian, Chinese, North Indian, South Indian, Biryani, South Indian, Chinese, South Indian, Chinese, North Indian, Beverages, Juices, South Indian, North Indian, Chinese, Beverages, Juices"
24.0,5.0,490.0,3.5199999999999996,"South Indian, North Indian, Chinese, Street Food, Chinese, North Indian, Biryani, North Indian, Chinese, Goan, North Indian, Mughlai, Kebab"
25.0,9.0,488.8888888888889,3.5555555555555554,"North Indian, Biryani, Chinese, North Indian, Chinese, South Indian, Asian, North Indian, Biryani, Fast Food, Beverages, North Indian, Chinese, Street Food, North Indian, South Indian, Chinese, Street Food, Fast Food, Ice Cream, Desserts, Beverages, Chinese, North Indian, Biryani, Beverages, Chinese, North Indian, Momos, Ice Cream, Beverages, Desserts"
26.0,10.0,310.0,3.56,"Biryani, North Indian, Biryani, Mughlai, Pizza, Fast Food, Beverages, Chinese, Malwani, North Indian, Street Food, Ice Cream, Desserts, Beverages, Biryani, Kerala, Chinese, Andhra, North Indian, Beverages, Street Food, Fast Food, Chinese, Beverages, South Indian, North Indian, Street Food, Beverages, Ice Cream, Chinese"
27.0,4.0,375.0,3.75,"Biryani, Andhra, Bakery, Desserts, Street Food, Fast Food, Chinese, Beverages, Pizza, Sandwich, Fast Food, Pizza, Burger"
28.0,2.0,350.0,3.4,"South Indian, Biryani, North Indian, Chinese, North Indian, South Indian, Street Food, Beverages"
29.0,0.0,,,
30.0,0.0,,,
31.0,16.0,340.625,3.56875,"Mexican, Italian, Beverages, Turkish, European, North Indian, Mithai, North Indian, Fast Food, Street Food, North Indian, Chinese, Mughlai, Chinese, North Indian, Biryani, Chinese, North Indian, Street Food, Beverages, North Indian, Chinese, Biryani, Kerala, North Indian, Chinese, Street Food, South Indian, South Indian, North Indian, Chinese, Biryani, Chinese"
32.0,4.0,362.5,3.625,"Beverages, Ice Cream, Desserts, Fast Food, North Indian, Chinese, Fast Food, Beverages, Biryani, Kebab"
33.0,0.0,,,
34.0,0.0,,,
35.0,0.0,,,
36.0,0.0,,,
37.0,0.0,,,
38.0,0.0,,,
39.0,10.0,950.0,3.81,"Italian, Mexican, Continental, Desserts, Beverages, Asian, Mediterranean, Juices, Finger Food, Chinese, North Indian, Mughlai, Fast Food, Beverages, Continental, North Indian, Chinese, Mexican, Italian, Beverages, Continental, North Indian, Chinese, Andhra, Desserts, Burger, Fast Food, Beverages, South Indian, Thai, Japanese, Indonesian, Chinese, Italian, North Indian, Desserts, Beverages, Andhra, North Indian, Chinese, Mughlai, Desserts, Desserts, Ice Cream, Asian, North Indian, Andhra, Thai, Mangalorean, Ice Cream, Beverages"
40.0,30.0,421.6666666666667,3.703448275862069,"Mangalorean, Chinese, Mughlai, North Indian, Andhra, North Indian, Chinese, Fast Food, South Indian, Juices, Beverages, North Indian, Chinese, Mughlai, North Indian, Chinese, Biryani, Desserts, Fast Food, Sandwich, Momos, Beverages, Andhra, Chinese, North Indian, Biryani, Beverages, North Indian, South Indian, Beverages, Biryani, South Indian, South Indian, North Indian, Chinese, Fast Food, Beverages, Desserts, Ice Cream, North Indian, Chinese, Biryani, Bengali, North Indian, Chinese, Kebab, Biryani, Beverages, North Indian, South Indian, Biryani, Andhra, Mughlai, Chinese, Chinese, North Indian, Biryani, North Indian, Fast Food, Chinese, North Indian, Street Food, Rolls, Fast Food, Andhra, Chinese, Biryani, Chinese, Continental, Italian, Fast Food, Beverages, North Indian, Chinese, Biryani, North Indian, Chinese, Mughlai, North Indian, Street Food, Chinese, Rolls, North Indian, Chinese, Bihari, Biryani, South Indian, Mughlai, Fast Food, Sandwich, Burger, Pizza, Desserts, Beverages, South Indian, North Indian, Chinese, Street Food, Fast Food, Beverages, Biryani, North Indian, Chinese, North Indian, Chinese, Kebab, North Indian, Chinese, Fast Food, Pizza, Rolls, Beverages"
41.0,6.0,733.3333333333334,3.85,"Bar Food, Asian, Italian, North Indian, Pizza, Pasta, South Indian, North Indian, Chinese, Beverages, Desserts, Sandwich, Fast Food, Beverages, Desserts, BBQ, North Indian, Beverages, Biryani, South Indian, North Indian, Chinese, Fast Food"
42.0,10.0,675.0,3.7600000000000002,"Fast Food, Burger, Pizza, Pasta, Desserts, Coffee, Beverages, Cafe, Continental, Italian, Chinese, Fast Food, Beverages, South Indian, North Indian, Chinese, Continental, Fast Food, Bar Food, Beverages, South Indian, Seafood, North Indian, Chinese, Lebanese, Beverages, North Indian, Chinese, Lebanese, Rolls, Beverages, North Indian, South Indian, Continental, Italian"
43.0,24.0,412.5,3.725,"Chinese, Italian, Asian, Continental, Biryani, South Indian, South Indian, Chinese, Biryani, North Indian, Biryani, Kebab, Chinese, North Indian, South Indian, North Indian, Mughlai, Chinese, Chinese, North Indian, Andhra, Kebab, Beverages, Fast Food, Street Food, South Indian, North Indian, South Indian, Mithai, Chinese, Biryani, Mughlai, North Indian, Seafood, South Indian, Street Food, Chinese, South Indian, Street Food, North Indian, Chinese, Seafood, Mughlai, Desserts, Beverages, Beverages, Juices, Street Food, Chinese, Sandwich, Ice Cream, Desserts, North Indian, Chinese, Fast Food, Sandwich, Pizza, Beverages, Bakery, Desserts, Fast Food, North Indian, Chinese, North Indian, Biryani, South Indian, Biryani, Chinese, North Indian, Kebab, Biryani"
44.0,9.0,433.3333333333333,3.5555555555555554,"Mangalorean, Seafood, South Indian, Chinese, North Indian, South Indian, Chinese, Maharashtrian, Street Food, Desserts, Ice Cream, Beverages, Juices, Beverages, Fast Food, Chinese, South Indian, North Indian, Ice Cream, Beverages, South Indian, Andhra, Chinese, North Indian, Desserts, Ice Cream, Street Food, Burger, Fast Food, Chinese, North Indian, Mughlai, Seafood, Biryani, Ice Cream, Beverages, Sandwich, Fast Food, Beverages"
45.0,3.0,366.6666666666667,3.6999999999999997,"Biryani, South Indian, South Indian, North Indian, Biryani, North Indian"
46.0,3.0,333.3333333333333,3.766666666666667,"Andhra, Chinese, North Indian, Ice Cream, Desserts, Beverages, South Indian"
47.0,19.0,405.2631578947368,3.6263157894736846,"Biryani, North Indian, South Indian, North Indian, Chinese, Street Food, Desserts, Beverages, Ice Cream, South Indian, North Indian, Biryani, South Indian, Rolls, Chinese, North Indian, Mughlai, North Indian, Street Food, Chinese, Beverages, Fast Food, North Indian, Chinese, Mughlai, Beverages, Chinese, Bakery, Street Food, Chinese, Chinese, North Indian, Kebab, Fast Food, Desserts, Sandwich, Fast Food, Pizza, Italian, Lebanese, Beverages, Chinese, North Indian, Mughlai, Biryani, Mughlai, Fast Food, Beverages, Biryani, North Indian, Mughlai"
48.0,30.0,403.3333333333333,3.5766666666666667,"Pizza, Fast Food, Beverages, Desserts, North Indian, Chinese, Continental, Biryani, Mughlai, Desserts, Beverages, South Indian, South Indian, Biryani, Italian, Fast Food, Pizza, Sandwich, Burger, Desserts, Beverages, South Indian, Biryani, North Indian, Pizza, Fast Food, Pizza, Fast Food, Rolls, Biryani, South Indian, North Indian, Chinese, Kebab, Biryani, Rolls, Chinese, Momos, North Indian, Chinese, South Indian, Momos, Chinese, Biryani, Tamil, Biryani, Burger, Fast Food, Lebanese, North Indian, Chinese, Beverages, North Indian, Mughlai, Chinese, Mangalorean, North Indian, Chinese, Andhra, Biryani, North Indian, South Indian, Chinese, Fast Food, Pizza, Desserts, Beverages, North Indian, South Indian, Chinese, Beverages, North Indian, North Indian, Chinese, Biryani, North Indian, Rolls, South Indian, Chinese, North Indian, North Indian, Chinese, Momos, North Indian, Chinese, Bengali, Desserts, Mughlai, Beverages"
49.0,11.0,422.72727272727275,3.5,"South Indian, North Indian, Chinese, Fast Food, Beverages, North Indian, Chinese, Fast Food, Beverages, Desserts, Mughlai, Fast Food, Beverages, Desserts, Street Food, Pizza, Fast Food, Desserts, Beverages, Fast Food, Beverages, Street Food, Pizza, Pasta, Rolls, Beverages, Fast Food, Desserts, North Indian, Chinese, Mughlai, Rolls, Chinese, Biryani, Kerala, South Indian, Kerala, Fast Food"
50.0,0.0,,,
51.0,0.0,,,
52.0,0.0,,,
53.0,0.0,,,
54.0,0.0,,,
55.0,0.0,,,
56.0,0.0,,,
57.0,17.0,535.2941176470588,3.7294117647058824,"Andhra, North Indian, Continental, Chinese, Beverages, Desserts, Finger Food, North Indian, Chinese, Mughlai, Fast Food, Bakery, Desserts, Lebanese, Fast Food, Beverages, Chinese, Fast Food, Beverages, South Indian, Chinese, Seafood, North Indian, Chinese, Biryani, Andhra, Mughlai, Seafood, Biryani, Kebab, Tamil, Fast Food, North Indian, Chinese, Fast Food, Beverages, Street Food, North Indian, Chinese, Rajasthani, Desserts, Beverages, North Indian, Chinese, Rolls, Biryani, North Indian, Chinese, Mangalorean, Seafood, North Indian, Chinese, Mughlai, Kebab, Seafood, North Indian, Mughlai, North Indian, Street Food, Chinese, Fast Food, Mughlai, Desserts, Beverages"
58.0,17.0,455.88235294117646,3.8117647058823527,"North Indian, South Indian, Continental, Asian, Desserts, Beverages, Mithai, Street Food, Desserts, North Indian, Fast Food, Chinese, Desserts, Beverages, North Indian, Chinese, Italian, Fast Food, Mughlai, Seafood, Biryani, Beverages, South Indian, Kerala, Chinese, Fast Food, Beverages, Chinese, South Indian, Chinese, North Indian, Biryani, South Indian, Cafe, Pizza, Fast Food, North Indian, Beverages, Bakery, South Indian, Mangalorean, Biryani, North Indian, South Indian, Chinese, North Indian, Fast Food, Sandwich, Healthy Food, Beverages, Biryani, South Indian"
59.0,13.0,461.53846153846155,3.6923076923076925,"Fast Food, Continental, Italian, Beverages, Fast Food, Wraps, Beverages, Chinese, Continental, North Indian, Mughlai, Desserts, Beverages, Burger, Fast Food, Beverages, Desserts, Tibetan, Chinese, Fast Food, Desserts, Bengali, Chinese, North Indian, Pizza, Fast Food, Beverages, North Indian, Chinese, Street Food, Sandwich, Fast Food, Fast Food, Beverages, North Indian, Chinese, Andhra, Biryani, Desserts, Beverages, South Indian, North Indian, Chinese, Andhra"
60.0,33.0,445.45454545454544,3.678787878787879,"Chinese, Fast Food, Fast Food, Continental, Italian, Beverages, South Indian, North Indian, Chinese, Beverages, Desserts, Fast Food, North Indian, Chinese, Seafood, Fast Food, Chinese, Burger, Pizza, Fast Food, Chinese, Steak, Pasta, Beverages, Desserts, Chinese, South Indian, Chinese, North Indian, Street Food, Fast Food, Beverages, North Indian, Seafood, Chinese, Mughlai, Beverages, Bakery, Desserts, Fast Food, Biryani, South Indian, South Indian, North Indian, Chinese, Fast Food, Street Food, Beverages, Seafood, South Indian, North Indian, Mangalorean, Biryani, Desserts, Ice Cream, Beverages, Bakery, Fast Food, Desserts, Beverages, Sandwich, North Indian, Chinese, Seafood, Afghan, American, Italian, Mexican, Goan, Mangalorean, South Indian, North Indian, Salad, Fast Food, Continental, Beverages, Bakery, Fast Food, Street Food, Fast Food, Chinese, North Indian, South Indian, Chinese, Street Food, Beverages, Biryani, North Indian, Rolls, North Indian, Biryani, North Indian, Kebab, Afghan, Chinese, Tamil, South Indian, Biryani, North Indian, Chinese, Mithai, Street Food, North Indian, Chinese, South Indian, Seafood, Thai, Mughlai, Biryani, Beverages, Chinese, North Indian, Mughlai, Kebab, Seafood"
61.0,30.0,393.3333333333333,3.6333333333333333,"Desserts, Beverages, Fast Food, North Indian, Chinese, Hyderabadi, Mughlai, Biryani, Fast Food, Beverages, Desserts, North Indian, Chinese, Mangalorean, Seafood, Chinese, North Indian, Andhra, Mughlai, Arabian, Pizza, Fast Food, Sandwich, Burger, Beverages, North Indian, Chinese, Andhra, Finger Food, Fast Food, Sandwich, Ice Cream, Beverages, South Indian, Andhra, Biryani, Mughlai, North Indian, South Indian, Biryani, Chinese, Rolls, Chinese, Momos, Fast Food, Andhra, South Indian, Chinese, Fast Food, Chinese, North Indian, Mughlai, Biryani, South Indian, Chinese, Fast Food, Chinese, North Indian, Continental, Seafood, Chinese, North Indian, Biryani, Mughlai, Kebab, Chinese, North Indian, South Indian, Mangalorean, Mughlai, Chinese, North Indian, Biryani, South Indian, South Indian, Biryani, Fast Food, Beverages, Arabian, Chinese, North Indian, Mangalorean, Lebanese, Mughlai, Biryani, Beverages"
62.0,4.0,525.0,3.85,"Biryani, South Indian, South Indian, North Indian, Fast Food, Chinese, Street Food, Desserts, Beverages, North Indian, Continental, Chinese, Fast Food, South Indian, North Indian, Chinese, Street Food, Desserts, Beverages"
63.0,4.0,425.0,3.425,"Biryani, South Indian, South Indian, North Indian, Biryani, Chinese, Seafood, South Indian, Chinese, Mughlai, Beverages"
64.0,10.0,450.0,3.55,"Andhra, Chinese, North Indian, Burger, Fast Food, Pizza, Sandwich, Pizza, Fast Food, Andhra, North Indian, Kebab, Chinese, Fast Food, Seafood, Desserts, Beverages, North Indian, Chinese, Lebanese, Fast Food, Italian, Fast Food, Burger, Sandwich, Chettinad, Chinese, North Indian, Chinese, Biryani, South Indian, Beverages, South Indian, North Indian, Chinese, Beverages"
65.0,15.0,400.0,3.7333333333333334,"Biryani, Andhra, North Indian, Mughlai, North Indian, Chinese, Seafood, Biryani, North Indian, Chinese, Arabian, Fast Food, Beverages, South Indian, North Indian, Chinese, Street Food, Beverages, Juices, Ice Cream, North Indian, Chinese, Street Food, South Indian, North Indian, Chinese, Beverages, Ice Cream, North Indian, Seafood, North Indian, Chinese, Kerala, North Indian, Fast Food, Fast Food, Burger, Pizza, Street Food, Beverages, Bakery, South Indian, Chinese, North Indian, Street Food, Juices, Beverages, North Indian, Chinese, Mughlai"
66.0,12.0,329.1666666666667,3.6166666666666667,"South Indian, North Indian, Chinese, Street Food, North Indian, Chinese, Kebab, South Indian, South Indian, Chinese, North Indian, Fast Food, Mughlai, Chinese, North Indian, Mughlai, North Indian, Chinese, Mughlai, North Indian, Chinese, North Indian, Chinese, Biryani, Chettinad, South Indian, Burger, Biryani, Mughlai, North Indian, South Indian, North Indian, Beverages, Ice Cream, Street Food, Chinese"
67.0,5.0,330.0,3.6399999999999997,"Rolls, North Indian, Chinese, Biryani, South Indian, Street Food, Chinese, Chinese, Kerala, North Indian, Chinese, Rolls, Mughlai, Street Food, Sandwich, Chinese"
68.0,2.0,600.0,3.7,"North Indian, Chinese, Continental, Beverages, Desserts, South Indian"
69.0,1.0,650.0,3.3,"North Indian, Chinese, Mughlai, Beverages"
70.0,0.0,,,
71.0,0.0,,,
72.0,0.0,,,
73.0,4.0,850.0,4.025,"Chinese, North Indian, Fast Food, Desserts, BBQ, Beverages, North Indian, Chinese, Beverages, North Indian, Chinese, South Indian, Chinese, Fast Food, Street Food, Beverages"
74.0,11.0,395.45454545454544,3.727272727272727,"Chinese, Biryani, South Indian, South Indian, North Indian, Biryani, Beverages, South Indian, North Indian, Chinese, Mughlai, Seafood, Street Food, Beverages, Desserts, Chinese, North Indian, Seafood, Fast Food, Mughlai, South Indian, Bakery, Desserts, Pizza, Desserts, Beverages, Fast Food, Biryani, South Indian, Fast Food, Beverages, Street Food, Burger, Sandwich"
75.0,0.0,,,
76.0,9.0,355.55555555555554,3.6333333333333337,"North Indian, Chinese, South Indian, Desserts, Fast Food, Beverages, Juices, Street Food, North Indian, Chinese, Mangalorean, North Indian, South Indian, Chinese, Biryani, North Indian, Chinese, Mangalorean, Kebab, Seafood, South Indian, Biryani, Andhra, Chinese, North Indian, Chinese, Street Food, Beverages, Chinese, Street Food, North Indian, Fast Food, Desserts, Beverages, Biryani, Kebab"
77.0,34.0,291.1764705882353,3.679411764705882,"South Indian, South Indian, North Indian, Chinese, Street Food, Ice Cream, Beverages, South Indian, North Indian, Chinese, South Indian, North Indian, Chinese, Beverages, Street Food, South Indian, Biryani, Desserts, Ice Cream, Beverages, North Indian, Tea, Biryani, South Indian, South Indian, Beverages, Continental, Fast Food, Beverages, North Indian, Street Food, Chinese, Fast Food, Burger, Chinese, Beverages, South Indian, Beverages, Chinese, South Indian, Chinese, Beverages, Rolls, Chinese, North Indian, Chinese, Chinese, Thai, Beverages, Chinese, Fast Food, Burger, Sandwich, Fast Food, Beverages, Street Food, Fast Food, Rolls, North Indian, Chinese, South Indian, Chinese, Biryani, North Indian, South Indian, Chinese, Biryani, South Indian, Chinese"
78.0,10.0,405.0,3.5,"Desserts, Ice Cream, Juices, Beverages, Andhra, North Indian, South Indian, Chinese, North Indian, Bakery, Fast Food, Biryani, North Indian, Biryani, South Indian, North Indian, Chinese, Oriental, Desserts, South Indian, North Indian, Chinese, Seafood, Bakery, Fast Food, Desserts"
79.0,52.0,379.8076923076923,3.7096153846153848,"Andhra, North Indian, Chinese, Mughlai, North Indian, Chinese, South Indian, Rolls, Biryani, Fast Food, Street Food, Beverages, Biryani, South Indian, Fast Food, Street Food, Beverages, Sandwich, Juices, North Indian, South Indian, Chinese, Street Food, Beverages, Biryani, Desserts, Ice Cream, Seafood, South Indian, Chinese, Bengali, South Indian, North Indian, Chinese, North Indian, Mughlai, Chinese, Rolls, Desserts, Ice Cream, Beverages, Ice Cream, Desserts, Beverages, Fast Food, Fast Food, Beverages, Andhra, North Indian, Andhra, Chinese, Biryani, North Indian, Chinese, Continental, Desserts, Andhra, North Indian, Chinese, Beverages, Mangalorean, South Indian, North Indian, Chinese, North Indian, South Indian, Beverages, South Indian, Chinese, North Indian, Beverages, South Indian, Chinese, North Indian, Desserts, Ice Cream, Fast Food, BBQ, South Indian, Chinese, Ice Cream, South Indian, South Indian, Chinese, Street Food, Desserts, Beverages, Street Food, Fast Food, Sandwich, Burger, Beverages, South Indian, Biryani, Biryani, Andhra, South Indian, Chinese, Street Food, Street Food, Beverages, Italian, Fast Food, Pizza, Sandwich, Burger, Desserts, Beverages, South Indian, North Indian, Chinese, Street Food, Beverages, Fast Food, Rolls, Sandwich, Burger, Pizza, Desserts, Beverages, Andhra, North Indian, Chinese, Chettinad, Seafood, South Indian, North Indian, Mithai, Chinese, Biryani, South Indian, Chinese, North Indian, Street Food, Fast Food, Ice Cream, Beverages, North Indian, Mangalorean, North Indian, South Indian, Street Food, Chinese, South Indian, Fast Food, North Indian, Biryani, Chinese, Hyderabadi, Thai, Continental, Fast Food, Seafood, Chinese, North Indian, Rolls, Biryani, Desserts, North Indian, Mughlai, Kebab, South Indian, Bengali, Kerala, North Indian, Chinese"
80.0,41.0,445.1219512195122,3.658536585365854,"South Indian, Street Food, Ice Cream, Desserts, Beverages, Chinese, North Indian, Thai, Mughlai, Fast Food, Seafood, Rolls, Biryani, South Indian, North Indian, Chinese, Continental, Desserts, Beverages, Finger Food, North Indian, Chinese, Italian, South Indian, Fast Food, Desserts, Beverages, North Indian, Chinese, Continental, Mangalorean, Mughlai, Desserts, Beverages, Ice Cream, Chinese, North Indian, Fast Food, Beverages, Sandwich, Pizza, Fast Food, Bakery, Desserts, Beverages, Pizza, Pasta, Chettinad, South Indian, Chinese, Mughlai, Biryani, Andhra, South Indian, North Indian, Street Food, Chinese, Beverages, North Indian, Chinese, Konkan, Seafood, Rolls, Mughlai, North Indian, Chinese, Mangalorean, Seafood, Mughlai, South Indian, Chinese, North Indian, Seafood, Cafe, Italian, Continental, Healthy Food, Fast Food, Beverages, Desserts, Fast Food, Ice Cream, Desserts, Beverages, Rolls, Chinese, North Indian, South Indian, Andhra, South Indian, North Indian, Chinese, South Indian, North Indian, Chinese, Street Food, Beverages, Fast Food, North Indian, North Indian, Chinese, South Indian, North Indian, Chinese, Mangalorean, Konkan, Biryani, Chinese, North Indian, Chinese, Malwani, Seafood, North Indian, Maharashtrian, Chinese, Fast Food, Desserts, Beverages, Sandwich, Pizza, Burger, Rolls, Ice Cream, South Indian, Biryani, Chinese, Momos, Fast Food, Desserts, Beverages, South Indian, Kerala, Chinese, Mithai"
81.0,41.0,452.4390243902439,3.775609756097561,"Bar Food, Chinese, Fast Food, North Indian, Italian, Beverages, BBQ, North Indian, Mughlai, Chinese, Arabian, Biryani, Beverages, Desserts, South Indian, Biryani, South Indian, North Indian, Biryani, Fast Food, Chinese, Continental, Desserts, South Indian, North Indian, Mughlai, Arabian, South Indian, Chinese, Mangalorean, Chinese, North Indian, North Indian, Chinese, Biryani, Fast Food, Beverages, Chinese, North Indian, Fast Food, Momos, Desserts, Juices, Beverages, Chinese, South Indian, Rolls, Lebanese, Fast Food, North Indian, Fast Food, Mughlai, North Indian, Chinese, Mughlai, North Indian, South Indian, North Indian, Street Food, Chinese, Salad, Mithai, Beverages, Biryani, Seafood, South Indian, Chinese, Pizza, Burger, Sandwich, Fast Food, Chinese, Street Food, Beverages, Desserts, Street Food, Chinese, Italian, North Indian, Bar Food, Beverages, Ice Cream, Fast Food, South Indian, North Indian, Chinese, Continental, Fast Food, Chinese, Street Food, Beverages, South Indian, North Indian, North Indian, Chinese, South Indian, Ice Cream, Desserts, Juices, Beverages, Biryani, Ice Cream, Fast Food, Sandwich, Beverages, Juices, Fast Food, Desserts, North Indian, Chinese, Mughlai, Desserts, Beverages, Fast Food, Sandwich, Pizza, Chinese, Beverages, North Indian, Chinese, Mangalorean, North Indian, Chinese, Biryani, Seafood, South Indian, Street Food, Bakery, Fast Food, Desserts, Fast Food, Chinese, Beverages"
82.0,16.0,909.375,3.6999999999999997,"Mediterranean, South Indian, North Indian, Chinese, North Indian, Italian, American, Desserts, Beverages, Bengali, North Indian, Chinese, Finger Food, Seafood, Chinese, North Indian, Lebanese, Mediterranean, Italian, North Indian, Fast Food, Chinese, Seafood, Chettinad, Kerala, Seafood, Salad, Fast Food, Beverages, North Indian, Chinese, Chinese, Japanese, Biryani, Fast Food, North Indian, Chinese, Biryani, Konkan, Beverages, Desserts, Andhra, Finger Food, North Indian, Chinese, Mughlai, Biryani, Seafood, Beverages, North Indian, Maharashtrian, Chinese"
83.0,3.0,366.6666666666667,3.533333333333333,"Momos, Fast Food, Fast Food, Street Food, Beverages, Ice Cream"
84.0,5.0,310.0,3.5200000000000005,"Bakery, Desserts, Fast Food, Street Food, Fast Food, North Indian, Chinese, Fast Food, Street Food, Beverages, Rolls, Beverages, Fast Food, Ice Cream, Cafe, Italian, Fast Food"
85.0,1.0,300.0,3.5,"South Indian, North Indian"
86.0,4.0,425.0,3.65,"Biryani, North Indian, Chinese, Biryani, South Indian, North Indian, Chinese, Biryani, Mughlai"
87.0,0.0,,,
88.0,0.0,,,
89.0,0.0,,,
90.0,0.0,,,
91.0,0.0,,,
92.0,3.0,316.6666666666667,3.5666666666666664,"Biryani, South Indian, North Indian, Andhra, Chinese, South Indian, Chinese"
93.0,15.0,330.0,3.5733333333333333,"South Indian, Mangalorean, Biryani, South Indian, Fast Food, Beverages, South Indian, North Indian, Street Food, Chinese, Ice Cream, Desserts, Juices, Beverages, South Indian, Beverages, Biryani, Kebab, Continental, North Indian, Chinese, Burger, Sandwich, Pizza, Juices, Beverages, Bakery, Fast Food, Street Food, North Indian, Chinese, Biryani, Mughlai, North Indian, Chinese, Mughlai, Beverages, Bakery, Fast Food, Mughlai, Chinese, Mangalorean, North Indian, South Indian, Mughlai, Chinese, North Indian, Chinese, South Indian, North Indian, Chinese"
94.0,60.0,419.1666666666667,3.705,"Desserts, Ice Cream, Beverages, Mexican, South Indian, Seafood, Biryani, South Indian, North Indian, Beverages, Italian, Desserts, Beverages, Fast Food, Desserts, Beverages, Continental, North Indian, Chinese, Pasta, Fast Food, Sandwich, Burger, Wraps, Ice Cream, Juices, Beverages, North Indian, Chinese, Mughlai, Beverages, Biryani, Andhra, North Indian, Chinese, Beverages, Desserts, Continental, Asian, Fast Food, Mughlai, Chinese, North Indian, Rolls, Fast Food, Pizza, Burger, Pasta, Biryani, Chinese, Desserts, Beverages, North Indian, Chinese, Kebab, Cafe, Fast Food, North Indian, Pizza, Beverages, Chinese, Chinese, North Indian, Chinese, North Indian, Rolls, North Indian, Chinese, Andhra, Biryani, Ice Cream, Desserts, Beverages, Pizza, Burger, Sandwich, Fast Food, Desserts, Beverages, Healthy Food, Salad, Sandwich, Beverages, North Indian, Chinese, Mughlai, Biryani, North Indian, Fast Food, Ice Cream, Beverages, Chinese, Burger, Pizza, Pasta, Sandwich, Fast Food, Desserts, Beverages, Chinese, Mughlai, North Indian, Biryani, South Indian, North Indian, Rajasthani, Street Food, Finger Food, South Indian, Chinese, Street Food, South Indian, Biryani, Chinese, Kerala, Fast Food, Beverages, North Indian, Chinese, Bakery, Desserts, Mithai, South Indian, North Indian, Chinese, Street Food, Beverages, Fast Food, Momos, Burger, Sandwich, Fast Food, Desserts, Ice Cream, Beverages, South Indian, Biryani, North Indian, Chinese, Fast Food, Italian, Beverages, Biryani, North Indian, Mughlai, Fast Food, Beverages, Chinese, Fast Food, South Indian, North Indian, Healthy Food, Beverages, Vietnamese, North Indian, South Indian, Chinese, Rolls, North Indian, Chinese, Mughlai, Fast Food, Beverages, Kerala, Biryani, North Indian, Fast Food, Biryani, North Indian, Chinese, Seafood, Fast Food, Street Food, Sandwich, Beverages, South Indian, North Indian, Chinese"
95.0,48.0,418.75,3.783333333333333,"Mithai, Beverages, Fast Food, Pizza, South Indian, Desserts, Chinese, Asian, Thai, Momos, South Indian, North Indian, Cafe, Continental, Chinese, Fast Food, Beverages, Biryani, Fast Food, North Indian, Chinese, Beverages, Desserts, Chinese, North Indian, Bar Food, Beverages, Fast Food, North Indian, Fast Food, Seafood, Bar Food, South Indian, Fast Food, Chinese, Beverages, Street Food, South Indian, Street Food, Beverages, Fast Food, Finger Food, Fast Food, North Indian, Mangalorean, Chinese, Biryani, Mughlai, South Indian, Chinese, Fast Food, Street Food, Mangalorean, South Indian, North Indian, Andhra, South Indian, Chinese, North Indian, Chinese, South Indian, Street Food, North Indian, Beverages, Street Food, Fast Food, Beverages, North Indian, Mughlai, Chinese, Mangalorean, South Indian, Chinese, Seafood, North Indian, Chinese, BBQ, South Indian, Beverages, Ice Cream, Desserts, Biryani, Chinese, North Indian, Fast Food, North Indian, Chinese, Desserts, Ice Cream, Beverages, North Indian, Chinese, Biryani, North Indian, Chinese, Continental, Cafe, Mexican, Italian, Pizza, Desserts, Beverages, Fast Food, Chinese, South Indian, Fast Food, Andhra, South Indian, Biryani, North Indian, Bakery, Fast Food, Mithai, Street Food, Desserts"
96.0,24.0,364.5833333333333,3.716666666666667,"South Indian, South Indian, North Indian, Ice Cream, Beverages, Chinese, Street Food, South Indian, North Indian, Chinese, South Indian, Chinese, North Indian, Sandwich, Pizza, Fast Food, Street Food, Beverages, Ice Cream, Beverages, Desserts, Fast Food, Ice Cream, Desserts, Beverages, Pizza, Sandwich, Fast Food, North Indian, Beverages, Desserts, Chinese, Italian, Continental, Fast Food, North Indian, Chinese, Beverages, Street Food, Fast Food, Chinese, North Indian, North Indian, Chinese, Fast Food, Pizza, Beverages, Sandwich, Fast Food, Beverages, Fast Food, Beverages, Desserts, South Indian, Street Food, Mangalorean, Seafood, Chinese, North Indian, Chinese, Street Food"
97.0,7.0,321.42857142857144,3.742857142857143,"South Indian, Biryani, Chinese, Mughlai, North Indian, South Indian, South Indian, Biryani, South Indian, North Indian, Chinese"
98.0,46.0,519.5652173913044,3.723913043478261,"North Indian, BBQ, Beverages, Desserts, Vietnamese, Thai, Burmese, Japanese, South Indian, North Indian, Chinese, Biryani, Hyderabadi, Chinese, Chinese, North Indian, South Indian, Street Food, Fast Food, North Indian, South Indian, Continental, North Indian, Mangalorean, Seafood, Beverages, Chinese, Gujarati, North Indian, North Indian, South Indian, Chinese, Italian, Momos, Fast Food, Beverages, Cafe, Fast Food, Bakery, Rajasthani, Chinese, Biryani, Mughlai, Biryani, Chinese, Desserts, Chinese, Seafood, South Indian, South Indian, Seafood, North Indian, Biryani, Chinese, North Indian, North Indian, Chinese, Mughlai, South Indian, Biryani, North Indian, South Indian, Chinese, Mangalorean, North Indian, Seafood, Chinese, Biryani, South Indian, Chinese, North Indian, North Indian, Mughlai, Chinese, North Indian, Chinese, North Indian, Fast Food, South Indian, Street Food, Beverages, Chinese, Street Food, North Indian, South Indian, Beverages, Ice Cream, Andhra, Biryani, North Indian, Chinese, Biryani, South Indian, Beverages, Sandwich, Fast Food, Fast Food, Beverages, Burger, Chinese, North Indian, Mangalorean, Biryani, Chinese, Kebab"
99.0,77.0,566.2337662337662,3.8181818181818183,"South Indian, North Indian, Mughlai, Kebab, Biryani, Desserts, North Indian, Chinese, Street Food, North Indian, Continental, Fast Food, Asian, Beverages, Japanese, Thai, Chinese, Korean, Lebanese, Mediterranean, Afghan, Seafood, Desserts, Finger Food, Continental, North Indian, Italian, Finger Food, North Indian, Seafood, Chinese, Continental, Pizza, North Indian, Chinese, Beverages, North Indian, Chinese, Cafe, Continental, Italian, Beverages, Desserts, Chinese, Asian, Seafood, Ice Cream, Chinese, North Indian, Desserts, Beverages, Fast Food, Ice Cream, Finger Food, North Indian, Italian, Italian, American, North Indian, Seafood, Mangalorean, Street Food, Fast Food, Biryani, North Indian, Biryani, Hyderabadi, North Indian, South Indian, Chinese, Sandwich, Street Food, Ice Cream, Juices, Beverages, Bakery, Desserts, South Indian, North Indian, Chinese, Juices, Andhra, Asian, Fast Food, Chinese, Beverages, Fast Food, Pizza, Burger, Beverages, Fast Food, Chinese, Biryani, South Indian, Cafe, Desserts, Bakery, North Indian, Chinese, Beverages, Fast Food, Bengali, Finger Food, Chinese, North Indian, Beverages, Juices, Desserts, Fast Food, Beverages, Tea, Street Food, Fast Food, Kebab, Hyderabadi, Biryani, Charcoal Chicken, South Indian, Beverages, Bakery, Fast Food, Beverages, Chinese, Asian, Desserts, Ice Cream, Bakery, Beverages, Fast Food, Biryani, North Indian, Maharashtrian, Biryani, Kebab, South Indian, Bakery, Mangalorean, Biryani, BBQ, South Indian, Chinese, North Indian, Biryani, Street Food, Ice Cream, Beverages, Cafe, Italian, South Indian, Biryani, Chinese, Asian, Continental, Thai, Chinese, North Indian, South Indian, Fast Food, North Indian, South Indian, Chinese, Fast Food, Bakery, Street Food, Desserts, Beverages, Bakery, Fast Food, Desserts, North Indian, Chinese, Kebab, Desserts, Ice Cream, Fast Food, North Indian, Chinese, Thai, Italian, South Indian, Biryani, Fast Food, Street Food, Fast Food, Juices, Cafe, South Indian, Chinese"
100.0,64.0,452.34375,3.74375,"North Indian, South Indian, Chinese, Mughlai, Italian, Fast Food, South Indian, North Indian, Chinese, Asian, Thai, Chinese, Vietnamese, Japanese, Indonesian, North Indian, Pizza, Burger, Desserts, Beverages, North Indian, BBQ, Chinese, Desserts, Thai, Tibetan, Asian, Thai, Chinese, Momos, Salad, Steak, Fast Food, Pizza, Burger, Pasta, Sandwich, Beverages, Street Food, Tea, North Indian, Chinese, South Indian, Fast Food, Street Food, Mithai, North Indian, South Indian, Chinese, Beverages, North Indian, Chinese, Desserts, Ice Cream, Continental, Chinese, Bengali, North Indian, Fast Food, Rolls, Chinese, North Indian, Chinese, Biryani, Beverages, Chinese, Fast Food, Italian, North Indian, Chinese, Mughlai, Hyderabadi, Pizza, Fast Food, Kerala, North Indian, Chinese, Beverages, South Indian, Biryani, Fast Food, Street Food, Rolls, Chinese, Thai, Momos, North Indian, Chinese, Biryani, South Indian, Chinese, North Indian, North Indian, Chinese, Desserts, Beverages, Biryani, South Indian, Continental, Chinese, Fast Food, Beverages, North Indian, Mughlai, Chinese, North Indian, Fast Food, Beverages, North Indian, Chinese, Rolls, Beverages, Chinese, North Indian, Bengali, Desserts, Cafe, Fast Food, Ice Cream, Beverages, Desserts, North Indian, Chinese, Finger Food, Desserts, Beverages, Desserts, North Indian, Seafood, Mangalorean, Chinese, South Indian, North Indian, Fast Food, Chinese, Kerala, South Indian, North Indian, Chinese, Seafood, Chinese, North Indian, Fast Food, Cafe, Italian, American, Continental, North Indian, Chinese, Seafood, Fast Food, Beverages, South Indian, North Indian, Chinese, Beverages, Fast Food, Rolls, Momos, North Indian, Chinese, Biryani, Seafood, Mughlai, Chinese, Fast Food, North Indian, South Indian, North Indian, Chinese, South Indian, Fast Food, Tea, North Indian, Mangalorean, Lebanese, Fast Food, Rolls, South Indian, North Indian, Fast Food, Burger, Fast Food, Wraps, Beverages, Fast Food, Burger, Beverages, Beverages, Juices, Fast Food, Kerala, Seafood, Fast Food, Cafe, Beverages, Healthy Food, North Indian, Chinese, Kebab"
101.0,38.0,490.7894736842105,3.7131578947368418,"Continental, Asian, North Indian, Fast Food, Beverages, Chinese, Thai, Momos, Desserts, Ice Cream, Fast Food, Cafe, Continental, Fast Food, Pizza, Burger, Desserts, Beverages, Street Food, Beverages, North Indian, Burger, Pizza, Continental, North Indian, Chinese, Seafood, Biryani, North Indian, Mughlai, Chinese, Kebab, Rolls, Sandwich, Biryani, Beverages, Continental, Italian, North Indian, Beverages, North Indian, Chinese, Biryani, Biryani, North Indian, Chinese, Chinese, North Indian, Chinese, Momos, Fast Food, Chinese, Beverages, North Indian, Bengali, Chinese, North Indian, Chinese, Rolls, North Indian, Mughlai, Chinese, Fast Food, Continental, Pasta, Beverages, Desserts, Ice Cream, Burger, Fast Food, Cafe, Bakery, North Indian, Chinese, South Indian, North Indian, Chinese, Beverages, Street Food, Desserts, Street Food, North Indian, Maharashtrian, Beverages, North Indian, Chinese, Biryani, Rolls, North Indian, Chinese, Bengali, North Indian, Biryani, Chinese, Beverages, Fast Food, Desserts, North Indian, Mughlai, Chinese, Biryani, Chinese, Fast Food, North Indian, Rolls, Fast Food, Bengali, North Indian, Chinese, South Indian, North Indian, Kerala, South Indian, South Indian, North Indian, Chinese, Seafood, Rolls, Ice Cream, Juices, Beverages, North Indian, Biryani, Kerala, Chinese"
102.0,5.0,370.0,3.4200000000000004,"Kerala, Chinese, Kerala, North Indian, Biryani, Fast Food, Chinese, North Indian, South Indian, Biryani, South Indian, North Indian, South Indian, Chinese, Andhra, Biryani"
103.0,14.0,339.2857142857143,3.664285714285714,"Street Food, North Indian, Fast Food, Pizza, Beverages, Continental, Burger, Italian, Pizza, North Indian, Salad, Seafood, Kerala, South Indian, Seafood, South Indian, Kerala, Tea, Andhra, North Indian, Chinese, North Indian, South Indian, Chinese, North Indian, Mangalorean, South Indian, Chinese, Street Food, Juices, Rolls"
104.0,9.0,233.33333333333334,3.688888888888889,"North Indian, South Indian, North Indian, Chinese, Rolls, North Indian, Chinese, Fast Food, Beverages, Street Food, Fast Food, Rolls, Fast Food"
105.0,2.0,325.0,3.45,"Burger, Fast Food, South Indian"
106.0,1.0,300.0,3.7,"South Indian, Chinese"
107.0,2.0,1350.0,3.65,"Chinese, Fast Food, Beverages, North Indian, South Indian, Chinese"
108.0,0.0,,,
109.0,5.0,340.0,3.7600000000000002,"Biryani, South Indian, Mangalorean, Chinese, South Indian, Mughlai, Andhra, Chinese, Seafood, South Indian, North Indian, North Indian, South Indian, Chinese"
110.0,15.0,420.0,3.7199999999999998,"Chinese, Momos, Desserts, South Indian, North Indian, Chinese, North Indian, Chinese, Mughlai, Ice Cream, Desserts, Beverages, South Indian, North Indian, North Indian, Street Food, Chinese, Fast Food, Beverages, Bakery, Desserts, South Indian, South Indian, North Indian, Chinese, Beverages, South Indian, Biryani, South Indian, Chinese, Street Food, Sandwich, Beverages, Ice Cream, Biryani, Chinese, North Indian, North Indian, South Indian, Chinese, Fast Food, Street Food, Desserts, Beverages"
111.0,50.0,479.0,3.742,"Bar Food, Asian, Italian, North Indian, Fast Food, European, South Indian, North Indian, Asian, Seafood, Chinese, Biryani, South Indian, North Indian, Street Food, North Indian, Italian, Chinese, Desserts, North Indian, Chinese, Mughlai, Pizza, Fast Food, Pizza, Fast Food, Desserts, Beverages, Biryani, Mughlai, North Indian, Chinese, Kebab, Healthy Food, Wraps, Sandwich, Salad, Fast Food, North Indian, Continental, Chinese, Mughlai, Desserts, Beverages, South Indian, North Indian, Fast Food, Rolls, Kebab, North Indian, Chinese, Bar Food, Fast Food, Beverages, Andhra, North Indian, Chinese, Biryani, Juices, Beverages, South Indian, Chinese, North Indian, Seafood, South Indian, North Indian, Chinese, Fast Food, Street Food, Beverages, North Indian, South Indian, Chinese, Beverages, Biryani, South Indian, Chinese, Chettinad, North Indian, Biryani, Odia, North Indian, Chinese, Fast Food, South Indian, North Indian, Beverages, Pizza, Street Food, North Indian, Mangalorean, Chinese, Mughlai, South Indian, Andhra, Andhra, Biryani, Mughlai, Chinese, Seafood, North Indian, Burger, Rolls, Fast Food, Beverages, Bakery, Fast Food, Chinese, North Indian, Rajasthani, Chinese, Desserts, Bakery, South Indian, North Indian, Chinese, North Indian, Beverages, Desserts, South Indian, Chinese, North Indian, Fast Food, Chinese, Salad, Cafe, Fast Food, Desserts, Pizza, Sandwich, Beverages, North Indian, South Indian, Chinese, Chinese, North Indian, Mughlai, Biryani, Mithai, Desserts, South Indian, Fast Food, Sandwich, Biryani, Fast Food, Fast Food, Seafood, Mughlai, South Indian, North Indian, Chinese, Street Food, Ice Cream, Desserts, Beverages, Fast Food, Rolls, Street Food, North Indian, Chinese, North Indian, Chinese, Seafood, South Indian, North Indian, Chinese, Seafood"
112.0,74.0,583.7837837837837,3.8567567567567567,"Continental, Finger Food, North Indian, Italian, Asian, Desserts, Bar Food, North Indian, Continental, Italian, Chinese, Finger Food, North Indian, Continental, Fast Food, Naga, South Indian, Biryani, Healthy Food, Modern Indian, Desserts, Mithai, Finger Food, Fast Food, North Indian, Biryani, Desserts, Beverages, North Indian, Chinese, Continental, South Indian, Fast Food, Italian, BBQ, Beverages, North Indian, Pasta, Continental, Desserts, Asian, North Indian, Chinese, Continental, Italian, Desserts, Beverages, Chinese, North Indian, Fast Food, Italian, Beverages, Cafe, Italian, Fast Food, Continental, Desserts, Beverages, Modern Indian, South Indian, North Indian, South Indian, Chinese, Fast Food, Italian, Fast Food, Beverages, Desserts, Beverages, Fast Food, Asian, Sushi, Desserts, Beverages, Andhra, North Indian, Chinese, Beverages, North Indian, Chinese, Fast Food, Beverages, North Indian, South Indian, Chinese, Fast Food, Juices, Street Food, South Indian, North Indian, Chinese, Beverages, Chinese, North Indian, Continental, Fast Food, Cafe, Bakery, Pizza, Pasta, Beverages, North Indian, Street Food, Desserts, North Indian, BBQ, Desserts, Beverages, Bakery, Desserts, Mangalorean, North Indian, Chinese, Biryani, Fast Food, North Indian, Street Food, Biryani, Desserts, Beverages, Biryani, South Indian, North Indian, Chinese, Tea, Fast Food, Beverages, Street Food, Desserts, Fast Food, Chinese, Biryani, Fast Food, Mangalorean, North Indian, Chinese, South Indian, North Indian, Chinese, Street Food, Beverages, Ice Cream, Desserts, North Indian, Chinese, Pizza, BBQ, Chinese, Fast Food, Sandwich, Beverages, Beverages, Fast Food, Street Food, Desserts, Fast Food, Beverages, Italian, Asian, Continental, Desserts, Bakery, Beverages, Coffee, Mithai, Street Food, Chinese, Thai, Beverages, North Indian, Street Food, Beverages, Fast Food, Fast Food, Sandwich, Beverages, Maharashtrian, Street Food, Seafood, Desserts, Beverages, Mangalorean, Seafood, North Indian, Chinese, Mughlai, Street Food, Beverages, Biryani, North Indian, Beverages, Fast Food, Chinese, North Indian, Fast Food, South Indian, North Indian, Chinese, Desserts, Beverages, Biryani, South Indian, Chinese, North Indian, Chinese, Arabian, Street Food, Sandwich, North Indian, Mithai, North Indian, Chinese, Mughlai, Juices, Beverages, Healthy Food, Desserts, Lebanese, North Indian, Chinese, North Indian, Chinese, Maharashtrian, Beverages, Mughlai, Biryani, South Indian, North Indian, Chinese"
113.0,83.0,553.0120481927711,3.9,"Fast Food, Sandwich, Andhra, North Indian, Seafood, Beverages, Street Food, Fast Food, Beverages, Cafe, Continental, Italian, Beverages, Finger Food, North Indian, Italian, Fast Food, Desserts, Beverages, Beverages, Continental, Chinese, Mexican, Fast Food, Desserts, Tea, North Indian, Desserts, Street Food, Salad, Fast Food, Italian, Beverages, Mexican, Italian, Chinese, Thai, North Indian, Chinese, Mughlai, South Indian, North Indian, North Indian, Continental, Finger Food, Fast Food, Seafood, Chinese, Biryani, North Indian, South Indian, North Indian, Kebab, Hyderabadi, Chinese, South Indian, Beverages, North Indian, South Indian, Fast Food, Juices, Chinese, Asian, North Indian, Pizza, Beverages, Desserts, Cafe, Tea, Beverages, Street Food, North Indian, Italian, Street Food, Desserts, Beverages, Cafe, Cafe, Fast Food, Beverages, North Indian, Desserts, Asian, Italian, South Indian, North Indian, Chinese, Desserts, Beverages, Beverages, Desserts, Ice Cream, Fast Food, Biryani, North Indian, Chinese, Andhra, South Indian, Continental, Finger Food, Seafood, Pizza, North Indian, Continental, Oriental, Desserts, Beverages, Ice Cream, Mithai, Street Food, Desserts, Beverages, Desserts, Beverages, Ice Cream, North Indian, Chinese, Mughlai, BBQ, Lebanese, Biryani, Desserts, Beverages, Beverages, Desserts, Andhra, Mangalorean, Biryani, Desserts, Pizza, Continental, Beverages, Pizza, Fast Food, Beverages, Chinese, Pasta, Biryani, South Indian, Mangalorean, Beverages, Cafe, Chinese, Continental, Fast Food, Italian, Desserts, Mithai, Street Food, North Indian, Desserts, North Indian, Seafood, Chinese, Biryani, South Indian, North Indian, Fast Food, Street Food, Ice Cream, Beverages, Chinese, Seafood, South Indian, Chinese, North Indian, Fast Food, Italian, Desserts, Beverages, Ice Cream, Desserts, Beverages, South Indian, North Indian, Biryani, Chinese, Chinese, Asian, Beverages, Italian, North Indian, Pasta, Pizza, Desserts, Salad, Chinese, Fast Food, Beverages, North Indian, Chinese, Beverages, Juices, Ice Cream, Fast Food, Beverages, Fast Food, Beverages, Juices, Fast Food, Sandwich, Beverages, Biryani, South Indian, Tea, Beverages, Street Food, North Indian, Chinese, Mughlai, Continental, Bar Food, Beverages, Ice Cream, Desserts, Fast Food, Italian, Pizza, Street Food, Beverages, North Indian, Seafood, Healthy Food, Beverages, Fast Food, Italian, Juices, Salad, North Indian, Chinese, South Indian, Beverages, Bakery, Desserts, South Indian, Chinese, North Indian, Biryani, Desserts, Ice Cream, Juices, Beverages, Beverages, Chinese, Fast Food, Mangalorean, Seafood, North Indian, Fast Food, American, European, Italian, Beverages, South Indian, Chinese, North Indian, Beverages, Fast Food, Street Food, Biryani, Hyderabadi, Bakery, Desserts, Fast Food, Tamil, South Indian"
114.0,37.0,432.43243243243245,3.762162162162162,"South Indian, Beverages, South Indian, Fast Food, Chinese, Desserts, Beverages, Sandwich, South Indian, Street Food, Fast Food, Ice Cream, Desserts, Beverages, North Indian, Chinese, South Indian, Street Food, Ice Cream, Beverages, North Indian, Chinese, Beverages, Continental, Fast Food, Chinese, Italian, Pizza, Sandwich, Rolls, Street Food, Ice Cream, North Indian, Chinese, South Indian, Fast Food, Desserts, Beverages, Street Food, Desserts, North Indian, Chinese, Mughlai, Beverages, Street Food, Fast Food, North Indian, Chinese, North Indian, Asian, Continental, Mughlai, North Indian, Rajasthani, Mithai, North Indian, South Indian, Chinese, Street Food, Desserts, South Indian, North Indian, Chinese, Desserts, Ice Cream, Street Food, South Indian, Chinese, Seafood, North Indian, Chinese, North Indian, Chinese, Street Food, Beverages, Desserts, Bakery, Sandwich, Rajasthani, Desserts, Beverages, Fast Food, Ice Cream, South Indian, North Indian, Chinese, Beverages, North Indian, Mughlai, Asian, Continental"
115.0,37.0,378.3783783783784,3.7351351351351347,"Seafood, Chettinad, South Indian, Andhra, Mithai, Street Food, North Indian, South Indian, Desserts, Beverages, Ice Cream, Mithai, Fast Food, South Indian, Desserts, North Indian, Biryani, Chinese, Street Food, North Indian, Beverages, Chinese, Biryani, North Indian, North Indian, North Indian, Mughlai, Chinese, Street Food, Fast Food, Ice Cream, Desserts, Beverages, Andhra, Biryani, North Indian, Chinese, Bakery, Street Food, North Indian, South Indian, Chinese, Bakery, Fast Food, Desserts, South Indian, Chinese, Arabian, North Indian, Chinese, Kerala, Desserts, Beverages, Juices, South Indian, North Indian, Chinese, South Indian, North Indian, Chinese, Fast Food, Beverages, Ice Cream, North Indian, Chinese, South Indian, South Indian, North Indian, Mughlai, North Indian, South Indian, Chinese, Continental, Beverages, Desserts, North Indian, Biryani"
116.0,69.0,1279.7101449275362,3.875,"North Indian, Seafood, Asian, Bar Food, North Indian, Continental, Vietnamese, Seafood, Beverages, Mangalorean, Mughlai, South Indian, Chinese, Finger Food, North Indian, South Indian, Chinese, Beverages, Fast Food, Desserts, North Indian, South Indian, North Indian, Continental, Asian, South Indian, North Indian, Chinese, Continental, Bar Food, Pizza, North Indian, Italian, Chinese, Japanese, Beverages, Bar Food, Desserts, North Indian, Fast Food, Beverages, North Indian, South Indian, Biryani, South Indian, North Indian, Chinese, Fast Food, Italian, Beverages, South Indian, North Indian, Chinese, Continental, North Indian, South Indian, Italian, Salad, Kebab, Beverages, Desserts, Seafood, Mangalorean, Goan, South Indian, North Indian, Chinese, Desserts, Beverages, Cafe, Bakery, Desserts, Fast Food, Italian, Sandwich, Pasta, Bar Food, Asian, South Indian, Desserts, Ice Cream, Beverages, Bakery, South Indian, North Indian, Desserts, Beverages, Continental, Mexican, Italian, Chinese, North Indian, Desserts, North Indian, Street Food, Fast Food, Continental, North Indian, Asian, Fast Food, Street Food, Biryani, North Indian, Chinese, Thai, Momos, Continental, North Indian, Italian, South Indian, North Indian, South Indian, Chinese, Fast Food, Street Food, Beverages, Ice Cream, Desserts, Japanese, Asian, Desserts, Beverages, Fast Food, Ice Cream, Continental, Fast Food, Beverages, Continental, North Indian, Chinese, Seafood, Desserts, Beverages, North Indian, Chinese, Mughlai, Mangalorean, North Indian, Chinese, South Indian, North Indian, Chinese, Biryani, Cafe, Fast Food, Desserts, Beverages, South Indian, North Indian, Chinese, Beverages, Juices, Chinese, Bar Food, Continental, North Indian, Italian, Beverages, South Indian, Chinese, North Indian, Salad, Beverages, Fast Food, Ice Cream, Beverages, Finger Food, North Indian, Cafe, South Indian, Street Food, Fast Food, Italian, Beverages, Street Food, Fast Food, Beverages, North Indian, South Indian, Chinese, Street Food, Beverages, North Indian, Mughlai, Chinese, Beverages, North Indian, Chinese, Hyderabadi, Mangalorean, South Indian, Biryani, South Indian, North Indian, Chinese, American, Beverages, Juices, Continental, Chinese, North Indian, Beverages, North Indian, South Indian, Chinese, Ice Cream, Beverages, North Indian, Asian, Continental, Desserts, South Indian, Fast Food, Beverages, Continental, Chinese, North Indian, Mangalorean, Seafood, Chinese, Fast Food, North Indian, Continental, Chinese, Asian, Thai, North Indian, Continental, Beverages"
117.0,31.0,522.5806451612904,3.825806451612903,"North Indian, South Indian, Cafe, Healthy Food, Fast Food, Desserts, Beverages, Cafe, Bakery, Fast Food, Italian, Thai, Street Food, South Indian, Chinese, North Indian, Fast Food, Beverages, North Indian, Street Food, North Indian, Chinese, Italian, Continental, Mexican, Biryani, Desserts, Beverages, South Indian, Mangalorean, Mithai, Andhra, Biryani, Chinese, North Indian, Mughlai, Desserts, Beverages, Chinese, North Indian, Street Food, South Indian, Fast Food, Fast Food, Mexican, Street Food, Beverages, Rolls, North Indian, South Indian, North Indian, Seafood, Chinese, Chinese, North Indian, Mughlai, Fast Food, North Indian, Chinese, Continental, Chinese, Fast Food, Chinese, North Indian, Street Food, Fast Food, Desserts, Beverages, South Indian, Chinese, North Indian, Biryani, South Indian, Cafe, Chinese, Fast Food, Beverages, South Indian, Street Food, Biryani, Mangalorean, North Indian, Street Food, Beverages, South Indian, Chinese, Chinese, South Indian, North Indian, Biryani, Beverages, South Indian, North Indian, Street Food, North Indian, Chinese, Biryani, Pizza, Fast Food"
118.0,41.0,780.4878048780488,3.7878048780487807,"North Indian, Chinese, Fast Food, Desserts, Beverages, Continental, Italian, Chinese, Fast Food, North Indian, Asian, Chinese, Japanese, Korean, Thai, Burmese, Continental, Italian, Fast Food, Beverages, North Indian, Chinese, Seafood, European, Italian, Pizza, North Indian, Salad, North Indian, Fast Food, Street Food, Beverages, Desserts, Beverages, Street Food, North Indian, Chinese, Biryani, Mughlai, Seafood, Fast Food, Beverages, Chinese, North Indian, Fast Food, Salad, Italian, Beverages, Kebab, Bakery, Fast Food, Desserts, North Indian, Bakery, Desserts, Fast Food, Beverages, Pizza, Pasta, Cafe, Fast Food, Continental, Italian, North Indian, Chinese, Biryani, Seafood, Bakery, Desserts, South Indian, North Indian, Chinese, Continental, Italian, Chinese, South Indian, Biryani, Hyderabadi, Pizza, North Indian, Chinese, Rolls, Kebab, Mughlai, Biryani, Seafood, North Indian, Street Food, Mangalorean, Chinese, South Indian, North Indian, Seafood, North Indian, Chinese, Biryani, Andhra, Sandwich, Asian, Chinese, Japanese, Thai, North Indian, Bakery, Desserts, Beverages, Bakery, Desserts, Fast Food, Chinese, Thai, Seafood, Malaysian, North Indian, Andhra, Chinese, Mithai, Street Food, Seafood, Mangalorean, Biryani, Beverages, Fast Food, Chinese, Biryani, Lebanese, Street Food, North Indian, Kerala, Desserts, Beverages, Ice Cream, Sandwich, Salad, Rolls, Mughlai, Biryani, Tamil, North Indian, Kebab"
119.0,13.0,373.0769230769231,3.576923076923077,"South Indian, North Indian, Mughlai, Chinese, Thai, Continental, Desserts, Beverages, Chinese, Rolls, Fast Food, Mithai, Street Food, Beverages, Desserts, Ice Cream, Juices, South Indian, Street Food, Chinese, Juices, Beverages, Bakery, Fast Food, Desserts, Beverages, Biryani, Chinese, South Indian, Fast Food, Beverages, Burger, North Indian, Biryani, Kebab, North Indian, Chinese, Arabian, Biryani, Rolls, Mughlai, North Indian, Biryani, Mughlai, North Indian, Chinese, Andhra, Seafood, Kebab"
120.0,24.0,443.75,3.720833333333333,"Desserts, Italian, Continental, Pizza, Desserts, Cafe, Fast Food, Desserts, Cafe, South Indian, Fast Food, Beverages, Desserts, South Indian, North Indian, Chinese, Cafe, European, Continental, Biryani, South Indian, Juices, Beverages, Fast Food, Fast Food, Chinese, South Indian, North Indian, Chinese, Beverages, Continental, Asian, Mughlai, Fast Food, Seafood, Chinese, Malwani, North Indian, Pizza, Fast Food, Chinese, North Indian, Biryani, Desserts, Continental, Fast Food, Beverages, Pasta, Mithai, Street Food, South Indian, North Indian, Chinese, Beverages, Street Food, Ice Cream, South Indian, Biryani, Mughlai, Andhra, North Indian, Rolls, Chinese, Fast Food, Desserts, Sandwich, Beverages, Biryani, North Indian, Chinese"
121.0,6.0,350.0,3.783333333333333,"Cafe, Continental, Steak, South Indian, North Indian, Fast Food, North Indian, Chinese, Biryani, Kerala"
122.0,40.0,388.75,3.725,"Cafe, Fast Food, Chinese, Beverages, Italian, Desserts, Pizza, Fast Food, Mithai, Street Food, Fast Food, Beverages, Ice Cream, Desserts, Beverages, North Indian, Biryani, North Indian, South Indian, North Indian, Mughlai, Chinese, South Indian, Lebanese, Biryani, Desserts, Beverages, North Indian, Street Food, North Indian, South Indian, Chinese, Andhra, Biryani, North Indian, Bengali, Chinese, North Indian, Biryani, North Indian, Mughlai, Chinese, Beverages, Desserts, North Indian, Chinese, Street Food, Rolls, Burger, Fast Food, South Indian, Biryani, North Indian, Chinese, Biryani, Beverages, Ice Cream, Biryani, North Indian, Chinese, Seafood, Desserts, Bakery, Beverages, Street Food, Biryani, South Indian, Rolls, Fast Food, North Indian, Chinese, Bakery, Fast Food, Beverages, Desserts, Chinese, Thai, Fast Food, Burger, Sandwich, North Indian, Chinese, Andhra, Kerala, Asian, North Indian, Chinese, South Indian, North Indian, Chinese"
123.0,10.0,335.0,3.56,"Juices, Ice Cream, Kerala, South Indian, North Indian, Chinese, Rolls, North Indian, Chinese, Fast Food, Burger, Beverages, Ice Cream, Beverages, Chinese, North Indian, Kerala, Fast Food, Beverages, Fast Food, Beverages, Desserts"
124.0,1.0,200.0,3.8,"Chinese, Italian, North Indian"
125.0,0.0,,,
126.0,0.0,,,
127.0,15.0,453.3333333333333,3.6666666666666665,"South Indian, North Indian, Chinese, Ice Cream, Street Food, Beverages, Street Food, North Indian, Fast Food, Chinese, Momos, Fast Food, Ice Cream, Desserts, Beverages, North Indian, Chinese, Ice Cream, Desserts, Beverages, Kerala, South Indian, Chinese, North Indian, Chinese, Seafood, Chinese, North Indian, Biryani, Cafe, Chinese, Fast Food, Street Food, Beverages, Fast Food, Sandwich, Fast Food, Momos, South Indian, North Indian, Chinese, South Indian, Kerala, Beverages, North Indian, Mangalorean, Chinese, Mughlai, Beverages, Desserts, South Indian, North Indian, Chinese, Street Food, Juices, Beverages"
128.0,21.0,464.2857142857143,3.761904761904762,"Desserts, Ice Cream, Beverages, Cafe, Italian, Fast Food, Chinese, Beverages, North Indian, Chinese, Beverages, Biryani, North Indian, Fast Food, Chinese, South Indian, Chinese, Continental, North Indian, Chinese, Italian, European, Beverages, South Indian, North Indian, Chinese, South Indian, North Indian, Chinese, Chinese, North Indian, North Indian, Street Food, Chinese, South Indian, Beverages, Continental, Kerala, North Indian, Chinese, Desserts, Beverages, Mughlai, Biryani, Andhra, Chinese, North Indian, Seafood, South Indian, North Indian, Juices, Beverages, Sandwich, Fast Food, Desserts, North Indian, Chinese, Biryani, Fast Food, Kerala, South Indian, Chinese, Mithai, North Indian, Desserts, Beverages"
129.0,32.0,534.375,3.8874999999999997,"Continental, North Indian, Italian, Mughlai, Beverages, North Indian, Chinese, Bar Food, North Indian, Mughlai, Chinese, Biryani, Beverages, North Indian, Mughlai, Chinese, Beverages, North Indian, Chinese, Finger Food, Continental, Beverages, North Indian, Chinese, Italian, Kebab, Andhra, Mughlai, Desserts, Beverages, North Indian, Chinese, Chinese, Thai, Vietnamese, North Indian, Beverages, Fast Food, North Indian, Chinese, Hyderabadi, Fast Food, Ice Cream, Beverages, Juices, Asian, Chinese, Kerala, South Indian, Biryani, Street Food, Andhra, Mughlai, North Indian, Chinese, Seafood, Desserts, Beverages, Cafe, Fast Food, Juices, Rolls, North Indian, Chinese, Fast Food, South Indian, North Indian, Street Food, Sandwich, Beverages, Chinese, Maharashtrian, Street Food, Beverages, North Indian, South Indian, North Indian, Chinese, Street Food, Beverages, Fast Food, Juices, Beverages, Ice Cream, North Indian, Chinese, Mughlai, Biryani, North Indian, Chinese, Fast Food, Street Food, Italian, Beverages, Fast Food, Beverages, Momos"
130.0,183.0,478.9617486338798,3.759016393442623,"North Indian, Mangalorean, BBQ, Street Food, Desserts, Salad, Beverages, North Indian, Mughlai, Desserts, Beverages, Biryani, BBQ, Finger Food, North Indian, Continental, Bar Food, Italian, North Indian, Andhra, Chinese, North Indian, Seafood, Biryani, Beverages, Fast Food, Italian, North Indian, Continental, Chinese, Asian, Desserts, Beverages, Continental, North Indian, Chinese, Fast Food, Pizza, Italian, Beverages, North Indian, Desserts, Arabian, North Indian, Mughlai, Chinese, Biryani, Beverages, Desserts, Andhra, North Indian, Chinese, Finger Food, Continental, Italian, North Indian, Fast Food, Continental, Italian, Fast Food, Beverages, Asian, Continental, Chinese, North Indian, South Indian, Italian, Beverages, Chinese, North Indian, Seafood, Konkan, Mangalorean, North Indian, Seafood, Biryani, Beverages, Desserts, North Indian, Bihari, Fast Food, South Indian, North Indian, Chinese, South Indian, Beverages, North Indian, Chinese, North Indian, Chinese, Mangalorean, Mughlai, Thai, Beverages, Bar Food, Finger Food, Continental, North Indian, Chinese, Italian, Chinese, North Indian, Pizza, Burger, Pasta, Beverages, North Indian, Mughlai, Cafe, Fast Food, Desserts, Beverages, Continental, Finger Food, North Indian, Chinese, North Indian, Fast Food, Healthy Food, Desserts, Beverages, Chinese, Mithai, Street Food, Cafe, American, Italian, Continental, Chinese, Italian, Pasta, Pizza, Fast Food, Beverages, Desserts, Biryani, Hyderabadi, Chinese, North Indian, Cafe, Desserts, Fast Food, Beverages, Cafe, Italian, Mexican, Beverages, Desserts, Fast Food, Healthy Food, Chinese, North Indian, Fast Food, Beverages, Mughlai, Continental, Salad, South Indian, Seafood, North Indian, Beverages, South Indian, North Indian, Street Food, Juices, Chinese, South Indian, Chinese, North Indian, Andhra, South Indian, Biryani, Street Food, Maharashtrian, South Indian, Kerala, Andhra, Biryani, Chettinad, Konkan, Mangalorean, Arabian, South Indian, North Indian, Chinese, Street Food, Beverages, Ice Cream, Desserts, Beverages, Fast Food, Fast Food, Beverages, Street Food, Continental, Italian, American, South Indian, North Indian, Fast Food, Street Food, North Indian, Asian, Seafood, Bengali, North Indian, Street Food, Chinese, North Indian, Lebanese, Ice Cream, Desserts, Street Food, North Indian, Biryani, Rolls, Chinese, Desserts, Ice Cream, Beverages, Biryani, Chinese, North Indian, Mughlai, Seafood, Biryani, North Indian, Mughlai, Chinese, Biryani, Seafood, Fast Food, Street Food, North Indian, Chinese, Beverages, Cafe, Beverages, Fast Food, Street Food, North Indian, South Indian, Ice Cream, Beverages, Chinese, Street Food, North Indian, North Indian, Chinese, Street Food, North Indian, Chinese, Mughlai, Desserts, Lebanese, Fast Food, Tea, Chinese, North Indian, Beverages, North Indian, Chinese, Mughlai, Mangalorean, Beverages, Juices, Sandwich, Fast Food, North Indian, Bengali, Seafood, Desserts, Chinese, North Indian, Biryani, Chinese, North Indian, Mughlai, Street Food, Fast Food, North Indian, Pasta, Burger, Fast Food, Beverages, Sandwich, Wraps, Asian, Continental, Sandwich, Pizza, Pasta, Salad, Fast Food, Chinese, North Indian, Beverages, Beverages, Ice Cream, Street Food, Beverages, Desserts, Chinese, North Indian, Rolls, Cafe, Continental, Chinese, Fast Food, Desserts, Beverages, North Indian, Chinese, South Indian, North Indian, Street Food, Cafe, Italian, Mexican, Chinese, Mithai, North Indian, Street Food, Chinese, Rajasthani, Ice Cream, Fast Food, Chinese, Mughlai, Rolls, Biryani, Chinese, Andhra, South Indian, Chinese, Momos, Rolls, Kebab, Fast Food, Andhra, Chinese, Biryani, Fast Food, Street Food, Beverages, Bakery, Fast Food, Beverages, Ice Cream, Desserts, Beverages, South Indian, Biryani, Mughlai, South Indian, North Indian, Chinese, Street Food, Beverages, Desserts, Juices, South Indian, North Indian, Chinese, Fast Food, Italian, American, Continental, Biryani, Seafood, Kerala, North Indian, South Indian, Chinese, Rolls, Middle Eastern, Lebanese, Beverages, Juices, Ice Cream, Fast Food, Beverages, Bakery, Fast Food, Cafe, North Indian, Chinese, Rolls, North Indian, Chinese, Beverages, Mughlai, Street Food, North Indian, Continental, Chinese, Asian, Chinese, Thai, Mughlai, Beverages, Momos, Andhra, Chinese, North Indian, North Indian, Chinese, Seafood, Biryani, North Indian, Biryani, Kebab, South Indian, North Indian, Chinese, Street Food, Fast Food, Beverages, Desserts, South Indian, Street Food, Chinese, Beverages, Desserts, Bengali, North Indian, Chinese, Fast Food, Fast Food, Pizza, Chinese, Fast Food, Desserts, Beverages, Bakery, North Indian, Chinese, Momos, Fast Food, North Indian, Chinese, Biryani, Kebab, North Indian, Fast Food, Burger, Biryani, South Indian, North Indian, Chinese, Lebanese, Biryani, Mithai, Street Food, Desserts, Wraps, Fast Food, Beverages, Chinese, South Indian, North Indian, Chinese, Street Food, Beverages, Salad, Desserts, Juices, Cafe, Tea, South Indian, Biryani, Desserts, Beverages, Sandwich, Street Food, Juices, Beverages, Chinese, South Indian, Kebab, Biryani, Fast Food, Chinese, North Indian, Kebab, Rolls, North Indian, Chinese, Kebab, Street Food"
131.0,30.0,438.3333333333333,3.7206896551724133,"North Indian, Chinese, Burger, Fast Food, Beverages, North Indian, Chinese, Mughlai, Seafood, Fast Food, Biryani, Beverages, Cafe, Desserts, Fast Food, Beverages, Chinese, Biryani, North Indian, North Indian, Chinese, Biryani, Seafood, Biryani, North Indian, Andhra, Bengali, Kerala, Seafood, North Indian, Chinese, Biryani, Seafood, North Indian, Chinese, BBQ, Biryani, Fast Food, Fast Food, Rolls, North Indian, Beverages, Juices, South Indian, Kebab, Goan, Mangalorean, South Indian, Seafood, Portuguese, Konkan, Kerala, North Indian, Chinese, South Indian, Cafe, Fast Food, Seafood, Chinese, Mangalorean, Arabian, North Indian, Fast Food, Biryani, Hyderabadi, North Indian, Chinese, Seafood, Andhra, Mughlai, Fast Food, Beverages, Beverages, Arabian, Fast Food, Chinese, South Indian, North Indian, Chinese, Rolls, Beverages, Beverages, Juices, Fast Food"
132.0,25.0,398.0,3.616,"South Indian, Biryani, Fast Food, North Indian, Biryani, Kebab, North Indian, Chinese, Mughlai, Biryani, North Indian, Biryani, Chinese, Seafood, Beverages, South Indian, Desserts, Continental, Chinese, North Indian, South Indian, South Indian, Street Food, South Indian, South Indian, North Indian, Chinese, Mughlai, Beverages, Continental, Sandwich, Fast Food, Beverages, Fast Food, Beverages, Biryani, North Indian, Chinese, North Indian, Chinese, Beverages, North Indian, Biryani, Mughlai, Kebab, Biryani, South Indian, Juices, Beverages, North Indian, South Indian, Chinese, Beverages, Burger, Fast Food, Chinese, Biryani, Kebab, North Indian, Biryani, North Indian, Chinese, Biryani, Seafood, Mangalorean"
133.0,167.0,1182.6347305389222,4.016265060240964,"Cafe, Italian, Fast Food, Desserts, American, Continental, Fast Food, Beverages, Italian, European, American, Beverages, Continental, Desserts, Finger Food, North Indian, Asian, Italian, Desserts, Beverages, North Indian, Continental, Italian, South Indian, Mediterranean, European, Asian, Asian, Japanese, Thai, Burmese, Korean, Indonesian, Vietnamese, Singaporean, Italian, Pizza, Mediterranean, Continental, European, Beverages, Desserts, Korean, Beverages, Modern Indian, North Indian, Pizza, Continental, Beverages, Desserts, Japanese, Asian, Thai, Continental, North Indian, Italian, Beverages, Parsi, North Indian, Rolls, Street Food, Desserts, Beverages, Italian, Continental, Healthy Food, European, Pizza, Salad, Desserts, Beverages, European, Pizza, Desserts, Cafe, Beverages, Sandwich, Pasta, Burger, Fast Food, American, Desserts, Mangalorean, Mughlai, Chinese, North Indian, Fast Food, Burger, Beverages, North Indian, Asian, Thai, Continental, Asian, Thai, Modern Indian, Finger Food, Continental, Fast Food, North Indian, Italian, Beverages, Japanese, Sushi, Japanese, Sushi, Thai, Asian, Bengali, Seafood, North Indian, Rajasthani, North Indian, European, Continental, Chinese, Thai, Asian, Thai, Vietnamese, Continental, Italian, South Indian, Salad, Fast Food, North Indian, Biryani, Mughlai, Desserts, Beverages, Cafe, Italian, Continental, Thai, Healthy Food, Finger Food, Continental, Bakery, Cafe, Pizza, Desserts, Beverages, North Indian, Mughlai, Hyderabadi, Asian, Thai, Italian, Steak, Continental, Desserts, Fast Food, Beverages, Mexican, Tex-Mex, Beverages, Chinese, Momos, Continental, Italian, Desserts, Cafe, Beverages, North Indian, European, Asian, Seafood, Mangalorean, North Indian, Chinese, Biryani, Mughlai, North Indian, Kebab, Seafood, South Indian, North Indian, Continental, Chinese, Street Food, Desserts, Beverages, Konkan, Mangalorean, Chinese, Beverages, Kebab, Fast Food, Rolls, Continental, Chinese, Finger Food, North Indian, Continental, North Indian, Pizza, Asian, Beverages, Cafe, Continental, Fast Food, Desserts, Beverages, North Indian, Mughlai, Biryani, Continental, Chinese, North Indian, Finger Food, Beverages, North Indian, Mughlai, Continental, American, Desserts, Italian, Mexican, Desserts, Beverages, European, Italian, Seafood, Continental, North Indian, Chinese, Desserts, North Eastern, Chinese, Naga, Steak, Beverages, Finger Food, Continental, Chinese, Fast Food, North Indian, North Indian, Chinese, Chettinad, Continental, Mughlai, South Indian, Andhra, Chinese, Bar Food, Continental, Italian, Asian, North Indian, Mughlai, American, Burger, Fast Food, Pizza, Italian, Finger Food, North Indian, Malwani, Chinese, Thai, Asian, Bar Food, Continental, Beverages, Desserts, North Indian, Modern Indian, Desserts, Beverages, Continental, North Indian, Beverages, South Indian, North Indian, Street Food, Chinese, Beverages, Desserts, Cafe, Fast Food, Sandwich, Beverages, South Indian, Japanese, Beverages, Chinese, North Indian, Mughlai, Fast Food, Finger Food, Japanese, Cafe, Continental, American, Fast Food, Burger, Desserts, Beverages, Tibetan, Chinese, Momos, North Indian, Chinese, Fast Food, Finger Food, Asian, Momos, Chinese, Thai, Cafe, Beverages, Fast Food, Desserts, Rolls, Biryani, Fast Food, Arabian, Asian, South American, Seafood, Beverages, Cafe, Bakery, Fast Food, Desserts, Beverages, Salad, North Indian, Mughlai, Chinese, Seafood, Desserts, Beverages, Biryani, Kebab, North Indian, Chinese, Fast Food, Beverages, Desserts, Italian, Beverages, North Indian, Chinese, Seafood, Fast Food, Kebab, Mughlai, Beverages, Desserts, Ice Cream, Beverages, Juices, Beverages, Sandwich, Fast Food, Healthy Food, North Indian, South Indian, North Indian, Continental, Beverages, Desserts, Mediterranean, North Indian, Chinese, Fast Food, Continental, Beverages, Chinese, Fast Food, Continental, Beverages, Asian, Mangalorean, Seafood, South Indian, North Indian, Beverages, Cafe, Bakery, Desserts, Beverages, Italian, Chinese, Continental, North Indian, Seafood, Thai, Mithai, Street Food, South Indian, Chinese, Continental, Italian, Fast Food, Beverages, Japanese, Seafood, Cafe, Tea, North Indian, Fast Food, Street Food, Desserts, Beverages, Fast Food, Chinese, Continental, American, Beverages, South Indian, Chettinad, Kerala, Seafood, Chinese, Tibetan, Momos, North Indian, Fast Food, Beverages, Chinese, Thai, Asian, Seafood, Japanese, North Indian, Mughlai, Lucknowi, Seafood, Desserts, Beverages, Desserts, Beverages, Juices, North Indian, Chinese, Mughlai, Bakery, Continental, Fast Food, Desserts, Beverages, North Indian, Beverages, Chinese, Juices, Desserts, North Indian, Chinese, Seafood, Kerala, Biryani, North Indian, Chinese, Street Food, Beverages, Fast Food, Rolls, Sandwich, Beverages, Biryani, South Indian, Ice Cream, Beverages, Desserts, North Indian, South Indian, Mughlai, Continental, Chinese, Desserts, Beverages, Finger Food, Mediterranean, North Indian, Beverages, Cafe, Beverages, Fast Food, Desserts, Wraps, European, Lebanese, Mughlai, North Indian, Cafe, Fast Food, Desserts, Beverages, South Indian, Kebab, Continental, South Indian, Fast Food, Italian, Beverages, Desserts, North Indian, Iranian, Biryani, Kebab, Mughlai, Beverages, Bakery, Desserts, Continental, North Indian, Street Food, Chinese, Beverages, North Indian, Rajasthani, Street Food, Beverages, Ice Cream, Bakery, Fast Food, Tea, Beverages, North Indian, Kerala, Beverages, Bakery, Desserts, Street Food, Tea, Asian, Continental, North Indian, Italian, European, Continental, North Indian, Kerala, Rolls, Fast Food, Chinese, Beverages, Salad, Burger, Sandwich, Italian, Beverages, Desserts, Juices, Fast Food, Chinese, North Indian, Fast Food, South Indian, South Indian, Street Food, Fast Food, Chinese, Continental, Beverages, Desserts, Mangalorean, North Indian, Chinese, Roast Chicken, Fast Food, Street Food, Fast Food, Desserts, Beverages, Bakery, Fast Food, Beverages, Kebab, Rolls, Biryani, Biryani, Kebab, Chinese, Japanese, Rolls, Steak, Finger Food, Sandwich, Seafood"
134.0,63.0,576.984126984127,3.7063492063492065,"American, Continental, Steak, Italian, European, Healthy Food, Seafood, Desserts, Tea, Cafe, Desserts, Italian, Fast Food, Beverages, Chinese, Continental, North Indian, Mughlai, Fast Food, North Indian, Mughlai, Arabian, Chinese, Chettinad, Desserts, Awadhi, Bengali, North Indian, Mughlai, Chinese, North Indian, Rolls, Asian, Chinese, Thai, Desserts, Andhra, Biryani, Chinese, North Indian, Seafood, South Indian, Cafe, Fast Food, Continental, Beverages, North Indian, Chinese, Mughlai, North Indian, Chinese, Street Food, Fast Food, Chinese, Beverages, Burger, Pizza, Pasta, Sandwich, Cafe, Continental, Fast Food, Beverages, North Indian, Mughlai, Mediterranean, Seafood, North Indian, Chinese, South Indian, North Indian, Chinese, Street Food, Juices, South Indian, Beverages, Ice Cream, Continental, Chinese, Italian, Fast Food, Beverages, North Indian, Mughlai, Mangalorean, Seafood, North Indian, Chinese, South Indian, Desserts, Beverages, Seafood, Oriental, Asian, Seafood, Street Food, Pizza, North Indian, Chinese, Desserts, Rolls, Fast Food, Beverages, Fast Food, Tea, Beverages, Fast Food, Beverages, Beverages, Ice Cream, Juices, Desserts, South Indian, Chinese, Continental, Mughlai, Chinese, South Indian, Biryani, South Indian, Chinese, North Indian, Seafood, Biryani, South Indian, North Indian, Chinese, Street Food, Fast Food, Biryani, Beverages, Juices, Pizza, Fast Food, North Indian, Chinese, Seafood, Beverages, South Indian, North Indian, Chinese, South Indian, North Indian, Chinese, Fast Food, Desserts, Beverages, Chinese, Thai, Bakery, Desserts, Street Food, Rolls, Biryani, Kebab, Chinese, Beverages, Desserts, Fast Food, Juices, Ice Cream, Street Food, Sandwich, Burger, Fast Food, Street Food, Ice Cream, Beverages, Fast Food, Street Food, Beverages, Desserts, Beverages, Desserts, Fast Food, Sandwich, Burger, Street Food, Beverages, Desserts, Fast Food, Street Food, Ice Cream, Sandwich, Burger, Biryani, South Indian, North Indian, North Indian, Chinese, Fast Food, Beverages, Street Food, Fast Food, Desserts, Beverages, Desserts, Ice Cream, South Indian, Chinese, North Indian, Fast Food, Sandwich, Desserts, Beverages, Street Food, Ice Cream, Burger, Bakery, Fast Food, Pasta, South Indian, Biryani, Chinese, North Indian, Street Food, Fast Food, Beverages, Rolls, Sandwich, South Indian, Street Food, Fast Food, Desserts, North Indian, South Indian, Chinese, Continental"
135.0,13.0,492.3076923076923,3.723076923076923,"Italian, British, Beverages, Desserts, Continental, Steak, Chinese, Fast Food, Desserts, Beverages, Pasta, Fast Food, North Indian, Chinese, Mughlai, Beverages, Fast Food, Pizza, Chinese, South Indian, North Indian, Chinese, Fast Food, Desserts, Beverages, Fast Food, Street Food, North Indian, Chinese, Fast Food, Chinese, North Indian, South Indian, Fast Food, Beverages, South Indian, North Indian, Chinese, North Indian, Chinese, Seafood, Juices, Beverages, Ice Cream, Desserts"
136.0,31.0,412.9032258064516,3.6580645161290324,"Mughlai, Arabian, North Indian, Chinese, Seafood, Pizza, Fast Food, Desserts, Biryani, South Indian, Momos, Chinese, Rolls, Chinese, North Indian, Kebab, Hyderabadi, Chinese, South Indian, North Indian, Chinese, Fast Food, Street Food, Ice Cream, Beverages, Seafood, Mangalorean, Beverages, Bakery, Bakery, Desserts, Fast Food, Beverages, Lebanese, Rolls, Fast Food, Mangalorean, North Indian, Biryani, Chinese, Beverages, Ice Cream, Desserts, Fast Food, Beverages, North Indian, Chinese, North Indian, Chinese, South Indian, Rolls, Arabian, Biryani, Seafood, Biryani, North Indian, Chinese, North Indian, Andhra, Biryani, Beverages, Fast Food, Sandwich, Pizza, North Indian, South Indian, South Indian, North Indian, Chinese, Street Food, Beverages, North Indian, Chinese, South Indian, Street Food, Beverages, South Indian, North Indian, Chinese, Biryani, Mughlai, Fast Food, North Indian, Chinese, Bengali, Fast Food, North Indian, Hyderabadi, Chinese, North Indian, Chinese, Mughlai, Hyderabadi"
137.0,25.0,460.0,3.636,"North Indian, Mughlai, Beverages, Biryani, Desserts, Bar Food, North Indian, South Indian, Oriental, Italian, Pizza, Desserts, Beverages, Street Food, Sandwich, Fast Food, Beverages, Fast Food, Ice Cream, Desserts, Beverages, North Indian, Mughlai, Chinese, Andhra, Chinese, Seafood, North Indian, Chinese, Chinese, North Indian, South Indian, North Indian, Chinese, Ice Cream, Desserts, Juices, Beverages, Fast Food, Ice Cream, Desserts, Biryani, Chinese, Fast Food, Sandwich, North Indian, Chinese, Arabian, Lebanese, Lebanese, Rolls, Fast Food, North Indian, Chinese, Bengali, Fast Food, North Indian, Chinese, South Indian, North Indian, Chinese, Fast Food, Biryani, North Indian, Street Food, Biryani, North Indian, Burger, Sandwich, Pizza, Fast Food, Street Food, North Indian, Chinese, Kerala, South Indian, Kerala, Seafood, Biryani, Kebab"
138.0,37.0,506.7567567567568,3.7567567567567566,"Asian, Continental, Italian, North Indian, Beverages, Kerala, Middle Eastern, North Indian, Chinese, Biryani, Andhra, North Indian, Chinese, Beverages, Desserts, Hyderabadi, North Indian, Chinese, Biryani, North Indian, Chinese, Biryani, South Indian, North Indian, Kebab, Asian, Chinese, Beverages, Tea, Beverages, Seafood, Mangalorean, Street Food, Chinese, North Indian, Salad, Healthy Food, Beverages, South Indian, North Indian, Street Food, Fast Food, Andhra, North Indian, Chinese, Malwani, Maharashtrian, North Indian, Biryani, Andhra, North Indian, Biryani, Biryani, Andhra, North Indian, Biryani, Kebab, North Indian, Chinese, Lebanese, Chinese, Thai, Biryani, North Indian, Chinese, Mughlai, Seafood, Biryani, Hyderabadi, Chinese, Mughlai, Biryani, Burger, Fast Food, Andhra, South Indian, North Indian, Bengali, Andhra, Biryani, Chinese, North Indian, South Indian, South Indian, North Indian, Chinese, Sandwich, Street Food, Ice Cream, Juices, Beverages, Mithai, Street Food, Andhra, North Indian, Mughlai, Chinese, Biryani, North Indian, South Indian, Chinese, Chinese, North Indian, Arabian, North Indian, Chinese, Mughlai"
139.0,9.0,600.0,3.644444444444444,"Cafe, Italian, Pizza, Desserts, North Indian, Chinese, Mangalorean, North Indian, Cafe, Biryani, Kebab, North Indian, South Indian, Chinese, Beverages, North Indian, Chinese, Andhra, Kebab, Chinese, Rolls, Momos"
140.0,11.0,731.8181818181819,3.8636363636363638,"European, American, North Indian, North Indian, Chinese, Street Food, Rajasthani, Chinese, North Indian, Biryani, Andhra, Malwani, North Indian, South Indian, Chinese, North Indian, Fast Food, Bar Food, Andhra, Chinese, North Indian, Fast Food, Burger, Beverages, Ice Cream, Rolls, Fast Food, South Indian, North Indian, Chinese"
141.0,1.0,500.0,3.8,"Cafe, Chinese, Beverages"
142.0,1.0,200.0,3.4,"North Indian, Rajasthani"
143.0,1.0,600.0,3.4,"Cafe, Continental, Fast Food, Beverages, Desserts"
144.0,2.0,700.0,3.7,Kerala
145.0,1.0,500.0,3.4,"Kerala, North Indian, Chinese, Beverages"
146.0,25.0,490.0,3.6759999999999997,"Kerala, South Indian, Seafood, Biryani, South Indian, North Indian, Chinese, Fast Food, Street Food, Beverages, Desserts, North Indian, Chinese, Mughlai, Seafood, Street Food, Mangalorean, Pizza, Beverages, Ice Cream, Desserts, Beverages, Pizza, South Indian, Chinese, Street Food, North Indian, Chinese, Mughlai, North Indian, Chinese, South Indian, Cafe, Fast Food, Beverages, North Indian, Chinese, Seafood, Mangalorean, Desserts, Kerala, South Indian, South Indian, Chinese, Fast Food, Burger, Continental, Italian, Desserts, Fast Food, Beverages, Biryani, North Indian, Chinese, South Indian, North Indian, Mughlai, Chinese, Biryani, Kebab, Beverages, Kebab, North Indian, Chinese, Beverages, North Indian, Beverages, North Indian, Fast Food, Street Food, North Indian, Mangalorean, Chinese"
147.0,23.0,445.6521739130435,3.639130434782609,"Chinese, Thai, Seafood, North Indian, North Indian, Chinese, Fast Food, Beverages, North Indian, Chinese, Beverages, Fast Food, Andhra, North Indian, Chinese, Seafood, Desserts, Beverages, North Indian, Fast Food, Chinese, South Indian, Chinese, North Indian, North Indian, Chinese, Mughlai, Street Food, Kerala, Fast Food, North Indian, Seafood, Chinese, Biryani, North Indian, Street Food, Chinese, South Indian, North Indian, Chinese, Street Food, Beverages, Fast Food, Sandwich, Juices, Fast Food, Biryani, Continental, Biryani, South Indian, North Indian, Biryani, North Indian, Bakery, Kebab, North Indian, Chinese, Seafood, Biryani, North Indian, Chinese, Andhra, Fast Food, Biryani, Beverages, Desserts, Ice Cream, South Indian, Chinese, Fast Food, Beverages, Street Food, Chinese"
148.0,150.0,417.0,3.708,"North Indian, Continental, Chinese, Bar Food, Beverages, Kerala, South Indian, Chinese, North Indian, Mughlai, Chinese, Fast Food, Beverages, Fast Food, Desserts, Beverages, Bakery, North Indian, Biryani, South Indian, South Indian, North Indian, Chinese, Arabian, Mughlai, Chinese, Fast Food, Bengali, North Indian, Biryani, North Indian, Chinese, Hyderabadi, Andhra, Wraps, North Indian, Odia, South Indian, Odia, North Indian, Andhra, Biryani, North Indian, Chinese, Street Food, North Indian, South Indian, Beverages, Cafe, Fast Food, Beverages, Chinese, Fast Food, North Indian, Biryani, Rolls, Beverages, Fast Food, Chinese, North Indian, Biryani, Continental, North Indian, Asian, Biryani, Fast Food, North Indian, Seafood, Biryani, Chinese, Ice Cream, Biryani, Chettinad, Chinese, South Indian, North Indian, Chinese, Biryani, Biryani, North Indian, Chinese, Rolls, Fast Food, Street Food, North Indian, Street Food, North Indian, Bihari, Desserts, Beverages, Ice Cream, North Indian, Biryani, Cafe, Biryani, North Indian, Chinese, Andhra, Hyderabadi, North Indian, Chinese, Fast Food, Burger, Sandwich, Chinese, North Indian, Mughlai, Chinese, North Indian, Seafood, Chinese, Biryani, Chinese, North Indian, Mughlai, Andhra, North Indian, South Indian, North Indian, Chinese, Street Food, Desserts, Beverages, Rolls, Fast Food, North Indian, Continental, Chinese, Steak, Beverages, North Indian, Fast Food, Chinese, Beverages, Cafe, North Indian, Fast Food, Beverages, Kerala, Chinese, South Indian, Street Food, North Indian, Mithai, South Indian, North Indian, Mughlai, Biryani, North Indian, South Indian, Tea, Beverages, Fast Food, Fast Food, Mughlai, Biryani, North Indian, Beverages, Fast Food, Desserts, North Indian, Chinese, Biryani, Chinese, Mughlai, Biryani, South Indian, Fast Food, Beverages, Ice Cream, North Indian, Fast Food, Asian, Mughlai, Desserts, Juices, Healthy Food, Salad, Beverages, Desserts, Street Food, Mithai, Chinese, North Indian, Italian, Fast Food, Mithai, North Indian, Street Food, Kerala, South Indian, Beverages, BBQ, Biryani, North Indian, Chinese, North Indian, Chinese, Fast Food, Chinese, Sandwich, Burger, Rolls, Lebanese, Italian, Beverages, Juices, Bakery, Fast Food, Beverages, Pasta, Beverages, South Indian, Chinese, Continental, Fast Food, Mangalorean, Chinese, Seafood, Mithai, Street Food, North Indian, Biryani, Chinese, North Indian, Mughlai, Biryani, Andhra, North Indian, Chinese, Mughlai, North Indian, South Indian, Chinese, Kerala, Beverages, Healthy Food, Fast Food, North Indian, Beverages, North Indian, Chinese, Street Food, Beverages, Andhra, Biryani, Rolls, Lebanese, Juices, Beverages, Andhra, North Indian, Chinese, Andhra, North Indian, Chinese, Arabian, Lebanese, Kerala, Pizza, Fast Food, Chinese, Beverages, Cafe, Lebanese, South Indian, Chinese, Biryani, Fast Food, Beverages, North Indian, Mughlai, Chinese, Biryani, Seafood, Rolls, South Indian, North Indian, Andhra, South Indian, Chinese, North Indian, North Indian, Chinese, Street Food, Fast Food, Tea, Beverages, Burger, Fast Food, North Indian, Fast Food, Biryani, North Indian, Fast Food, Beverages, Fast Food, South Indian, Chinese, North Indian, Street Food, Biryani, North Indian, Chinese, North Indian, Fast Food, Beverages, Rolls, Biryani, Ice Cream, Desserts, Beverages, North Indian, Fast Food, Beverages, Ice Cream, South Indian, Desserts, South Indian, Biryani, North Indian, North Indian, Chinese, Andhra, Mughlai, Beverages, Kebab, Biryani, Seafood, North Indian, Chinese, South Indian, Healthy Food, Fast Food, Beverages, Street Food, Chinese, Beverages, Chinese, North Indian, Fast Food, Rolls, North Indian, Chinese, Kerala"
149.0,234.0,619.2307692307693,3.9205128205128204,"Desserts, Fast Food, Beverages, Cafe, American, Coffee, Steak, Beverages, Fast Food, Continental, European, BBQ, Chinese, Asian, Cafe, American, Burger, Beverages, Desserts, Continental, Finger Food, Chinese, North Indian, Italian, Beverages, Continental, North Indian, Pizza, BBQ, Continental, North Indian, American, Asian, Chinese, Pizza, Desserts, Beverages, North Indian, Chinese, Burger, Rolls, Pizza, Momos, Continental, Beverages, Cafe, Continental, Beverages, North Indian, South Indian, Biryani, Mughlai, Fast Food, Desserts, Beverages, North Indian, Chinese, Thai, South Indian, Continental, Beverages, Chinese, North Indian, Finger Food, Continental, Beverages, South Indian, North Indian, Continental, Chinese, Mangalorean, Italian, Beverages, North Indian, Mughlai, Chinese, Beverages, Cafe, Continental, Asian, Italian, North Indian, North Indian, Healthy Food, Beverages, Mughlai, Arabian, Afghan, Biryani, Kebab, Street Food, Beverages, Cafe, Continental, Burger, Fast Food, Beverages, Cafe, Continental, Italian, Burger, Pizza, Street Food, Desserts, Beverages, North Indian, Street Food, Mithai, Mithai, Street Food, Beverages, North Indian, Mughlai, Seafood, South Indian, Kerala, Seafood, Desserts, Ice Cream, Beverages, Desserts, Beverages, Fast Food, Continental, Fast Food, Desserts, Beverages, Finger Food, Continental, Chinese, Italian, North Indian, Beverages, Cafe, Healthy Food, Pizza, Beverages, Fast Food, Bakery, Desserts, Asian, Nepalese, Momos, Korean, Beverages, Kerala, South Indian, Continental, Cafe, Fast Food, Steak, Italian, Desserts, Beverages, North Indian, Chinese, Biryani, North Indian, Chinese, Italian, Street Food, Desserts, Continental, Italian, Beverages, North Indian, Mughlai, Chinese, Fast Food, American, Chinese, Beverages, Cafe, Continental, Chinese, Italian, Continental, Mediterranean, North Indian, Chinese, Finger Food, North Indian, Italian, Pizza, Chinese, Fast Food, Desserts, Beverages, Kerala, BBQ, Turkish, Middle Eastern, Lebanese, North Indian, Mughlai, Beverages, Chinese, Continental, North Indian, Burger, Pizza, Seafood, Desserts, Cafe, Continental, Italian, Fast Food, Beverages, Chinese, Biryani, North Indian, Chinese, Mughlai, Kebab, Seafood, Desserts, Beverages, Coffee, Cafe, Fast Food, Chinese, Beverages, Ice Cream, Beverages, Tibetan, Nepalese, Momos, North Indian, Chinese, Assamese, Desserts, Beverages, South Indian, North Indian, Mughlai, Biryani, Chinese, Fast Food, Beverages, North Indian, Chinese, Mughlai, Cafe, Pizza, Continental, Desserts, North Indian, Chinese, Naga, Cafe, North Indian, Healthy Food, Street Food, Desserts, Tibetan, Chinese, Momos, Kerala, Seafood, North Indian, Biryani, Tibetan, Chinese, Thai, North Indian, Street Food, Beverages, Cafe, Fast Food, Italian, Desserts, Fast Food, Chinese, Bengali, South Indian, Biryani, Beverages, Chinese, Tibetan, Momos, Cafe, Italian, Continental, Continental, American, Pizza, BBQ, North Indian, Chinese, Chinese, Thai, Seafood, Andhra, Biryani, North Indian, Ice Cream, Desserts, Beverages, Assamese, Tea, Healthy Food, American, Lebanese, Mediterranean, European, Middle Eastern, Juices, South Indian, Ice Cream, Desserts, Cafe, Andhra, Biryani, South Indian, Mediterranean, North Indian, Italian, Chinese, Continental, Fast Food, Italian, Chinese, Beverages, Street Food, Beverages, Rolls, Continental, Chinese, Fast Food, Beverages, Street Food, Chettinad, Biryani, Chinese, Seafood, South Indian, Continental, North Indian, Chinese, Asian, Finger Food, BBQ, Fast Food, Beverages, Healthy Food, Continental, Italian, Beverages, South Indian, Biryani, Desserts, Beverages, Ice Cream, Fast Food, Continental, Italian, Sandwich, Salad, Fast Food, Beverages, Finger Food, Continental, Fast Food, Beverages, Italian, North Eastern, Fast Food, Cafe, Healthy Food, Desserts, Fast Food, North Eastern, Chinese, Cafe, Fast Food, Chinese, Desserts, Beverages, Continental, Pizza, Burger, Pizza, Mithai, Street Food, Arabian, North Indian, Chinese, Fast Food, Cafe, Beverages, Fast Food, Juices, Coffee, Fast Food, Chinese, Beverages, Desserts, Fast Food, Kerala, Chinese, South Indian, Beverages, Fast Food, North Indian, Street Food, Beverages, Chinese, North Indian, Continental, Fast Food, Oriental, South Indian, Beverages, Rajasthani, North Indian, Burger, Fast Food, Beverages, Awadhi, Kebab, Continental, Parsi, Chinese, North Indian, Italian, Steak, Asian, Continental, North Indian, Juices, Beverages, Goan, Mangalorean, Bar Food, South Indian, Seafood, Biryani, South Indian, North Indian, Street Food, Chinese, Beverages, Salad, Healthy Food, Beverages, Sandwich, North Indian, Mughlai, Odia, North Indian, Fast Food, North Indian, Bengali, Chinese, Fast Food, Pizza, Street Food, Desserts, Fast Food, Healthy Food, Beverages, Turkish, Lebanese, Mediterranean, North Indian, Street Food, South Indian, Andhra, Cafe, Italian, Fast Food, Biryani, Hyderabadi, Mughlai, Kebab, North Indian, Chinese, Fast Food, Chinese, North Indian, Mughlai, Lebanese, Kebab, Biryani, Beverages, Continental, Fast Food, Burger, Pizza, Chinese, Beverages, Finger Food, Fast Food, Chinese, Beverages, South Indian, North Indian, Chinese, Street Food, Ice Cream, Desserts, Beverages, South Indian, Chinese, Chinese, North Indian, South Indian, BBQ, Lebanese, South Indian, North Indian, Chinese, Bengali, North Indian, Chinese, Fast Food, Beverages, North Indian, Chinese, Street Food, Fast Food, Desserts, Beverages, North Indian, South Indian, Chinese, Arabian, Sandwich, Fast Food, Italian, Biryani, North Indian, South Indian, Pizza, North Indian, South Indian, Chinese, Continental, Italian, Kerala, South Indian, Biryani, Finger Food, North Indian, Asian, European, North Indian, Gujarati, Maharashtrian, Cafe, Italian, Fast Food, Beverages, Lebanese, Wraps, Fast Food, Salad, Healthy Food, Rolls, Beverages, South Indian, Mangalorean, Beverages, Biryani, South Indian, Seafood, North Indian, Mughlai, Chettinad, Asian, Beverages, Desserts, Arabian, Chinese, Momos, Asian, Beverages, North Indian, Arabian, Kashmiri, North Indian, Rolls, Beverages, Desserts, Beverages, Ice Cream, Desserts, North Indian, Fast Food, Street Food, Tea, Beverages, North Indian, Fast Food, Kebab, Rolls, Beverages, Bakery, South Indian, Fast Food, Beverages, South Indian, Biryani, Fast Food, Tea, Beverages, Fast Food, Fast Food, South Indian, North Indian, Chinese, Street Food, South Indian, North Indian, Ice Cream, Desserts, Cafe, Beverages, Kerala, Chinese, North Indian, South Indian, Beverages, Ice Cream, North Indian, Arabian, Chinese, Kerala, South Indian, Biryani, Seafood, South Indian, North Indian, Fast Food, Street Food, Mithai, Bakery, Street Food, Juices, Beverages, Andhra, Biryani, Mexican, Continental, North Indian, Chinese, Mangalorean, Desserts, Beverages, Pizza, Pasta, American, Pizza, Burger, Bengali, North Indian, Finger Food, South Indian, North Indian, Street Food, Fast Food, Tea, Tea, Fast Food, Street Food, North Indian, Fast Food, Kebab, Beverages, Rolls, Biryani, Fast Food, North Indian, Chinese, Fast Food, Beverages, Finger Food, North Indian, Seafood, Mangalorean, Chinese, North Indian, Mughlai, Biryani, Kebab, Rolls, Chinese, North Indian, South Indian, Kerala, Chinese, North Indian, Kerala, Chinese, North Indian, Lebanese, Biryani, North Indian, Bengali, Chinese, Chinese, Mongolian, South Indian, Seafood, Biryani, Chinese"
150.0,18.0,422.22222222222223,3.638888888888889,"Pizza, Italian, Beverages, Tibetan, Chinese, Chinese, South Indian, Mangalorean, South Indian, North Indian, Chinese, Mughlai, Chettinad, South Indian, Biryani, Andhra, North Indian, Beverages, South Indian, North Indian, Chinese, Beverages, Ice Cream, Desserts, Fast Food, Beverages, Chinese, North Eastern, Beverages, North Indian, Chinese, Kebab, Mughlai, North Indian, Fast Food, South Indian, North Indian, Chinese, Street Food, North Indian, Chinese, Biryani, North Indian, South Indian, Chinese, Rolls, BBQ, Andhra, Chinese, Biryani, North Indian, North Indian, Biryani, Beverages, Fast Food, Nepalese, Chinese"
151.0,73.0,1477.3972602739725,3.9835616438356167,"American, Continental, Fast Food, Beverages, European, Asian, Bar Food, Beverages, Desserts, Chinese, Asian, Continental, BBQ, Desserts, Italian, Sandwich, Fast Food, South Indian, Modern Indian, Beverages, Ice Cream, Desserts, Beverages, Andhra, Biryani, Mangalorean, Konkan, Seafood, Kerala, Thai, Seafood, Chinese, Continental, Fast Food, Cafe, Beverages, Chinese, Seafood, Continental, Desserts, Beverages, American, Italian, Continental, Desserts, Beverages, Bar Food, Goan, Mangalorean, Pizza, Seafood, American, Mexican, Italian, Steak, Mangalorean, South Indian, Bakery, Greek, Mediterranean, Fast Food, Italian, Finger Food, Continental, Italian, Mediterranean, Fast Food, Chinese, Continental, North Indian, Asian, Continental, North Indian, Italian, Continental, Asian, North Indian, South Indian, Desserts, American, North Indian, European, Tex-Mex, Andhra, South Indian, Biryani, Beverages, Bakery, Cafe, Desserts, Beverages, Asian, Seafood, Chinese, Desserts, Beverages, Kerala, Seafood, Bar Food, North Indian, Chinese, Continental, North Indian, South Indian, Chinese, Juices, North Indian, Asian, Modern Indian, Finger Food, Japanese, Chinese, Thai, Asian, Continental, North Indian, Chettinad, North Indian, Chinese, Fast Food, Desserts, Chinese, Biryani, Rolls, North Indian, Asian, North Indian, South Indian, Mediterranean, European, American, Italian, Japanese, Sushi, Thai, Korean, Chinese, Continental, Seafood, Salad, Desserts, Beverages, Pasta, Pizza, Italian, North Indian, North Indian, Mughlai, North Indian, Desserts, Kebab, Mughlai, North Indian, Chinese, South Indian, Desserts, Street Food, Desserts, Tea, North Indian, Chinese, Biryani, Rolls, North Indian, Mediterranean, Chinese, North Indian, Continental, Italian, Fast Food, South Indian, Desserts, Beverages, Kerala, North Indian, Chinese, Cafe, Fast Food, Desserts, Beverages, North Indian, South Indian, North Indian, Chinese, Beverages, North Indian, Chinese, Mediterranean, Kerala, South Indian, North Indian, Chinese, Bakery, Desserts, South Indian, Chinese, Chinese, Thai, Cafe, Healthy Food, Asian, Continental, Rolls, Beverages, Finger Food, Continental, North Indian, Fast Food, Desserts, Beverages, North Indian, Chinese, Biryani, Lebanese, South Indian, North Indian, Chinese, Desserts, Beverages, Beverages, Desserts, Ice Cream, Cafe, North Indian, Fast Food, Desserts, Beverages, North Indian, Chinese, Bakery, Fast Food, Desserts, Burger, Pizza, Sandwich"
152.0,36.0,506.94444444444446,3.782857142857143,"Malaysian, Singaporean, Thai, Pizza, North Indian, Seafood, Chinese, Fast Food, Rolls, Sandwich, Mangalorean, Seafood, Fast Food, North Indian, Mughlai, Finger Food, Pizza, Tibetan, Desserts, Beverages, Cafe, Italian, Beverages, Desserts, Continental, Thai, Beverages, Coffee, Arabian, Chinese, North Indian, Fast Food, Italian, Lebanese, BBQ, Beverages, Burger, Fast Food, American, Burger, Pizza, Fast Food, Beverages, Desserts, Mediterranean, Arabian, Lebanese, Arabian, Chinese, Fast Food, North Indian, South Indian, Beverages, Cafe, American, Continental, Steak, Burger, Pizza, American, Beverages, Desserts, South Indian, North Indian, Chinese, Beverages, Continental, Fast Food, North Indian, Chinese, North Indian, Chinese, South Indian, Rolls, Kebab, South Indian, Street Food, Mithai, Cafe, Continental, Salad, Fast Food, Continental, Beverages, Biryani, North Indian, Mughlai, North Indian, Chinese, Beverages, Street Food, Beverages, Ice Cream, Lebanese, North Indian, Chinese, Biryani, Fast Food, Rolls"
153.0,43.0,430.2325581395349,3.7674418604651163,"North Indian, Arabian, Mughlai, Seafood, North Indian, Biryani, Arabian, Mughlai, North Indian, Chinese, Fast Food, Beverages, Ice Cream, Sandwich, Fast Food, Street Food, Beverages, Kebab, Iranian, North Indian, Biryani, Rolls, Biryani, Kebab, North Indian, Mughlai, Chinese, Seafood, Cafe, Bakery, Fast Food, Beverages, Arabian, Desserts, Burger, Sandwich, North Indian, Chinese, Desserts, South Indian, Beverages, Juices, Ice Cream, Desserts, North Indian, Chinese, Rolls, Chinese, Sandwich, Fast Food, Beverages, Cafe, Continental, Italian, Fast Food, Beverages, South Indian, Chettinad, Chinese, Lebanese, Biryani, Mithai, North Indian, Rolls, Desserts, Ice Cream, Bakery, Street Food, Fast Food, Juices, Beverages, North Indian, Chinese, Mughlai, Rolls, Arabian, North Indian, Mughlai, Fast Food, Mughlai, North Indian, Chinese, Rolls, North Indian, Chinese, Biryani, Kebab, Continental, Chinese, Steak, Cafe, Beverages, South Indian, Kerala, Chinese, Arabian, North Indian, Mughlai, Tea, Beverages, Street Food, North Indian, Fast Food, Cafe, South Indian, Biryani, Kebab, Chinese, North Indian, South Indian, Mughlai, South Indian, Fast Food, Beverages, North Indian, Chinese, Biryani, South Indian, Fast Food, Beverages, Chinese, South Indian, Tamil"
154.0,8.0,412.5,3.425,"North Indian, Mughlai, Chinese, Desserts, Lebanese, Sandwich, Kerala, Juices, Beverages, Fast Food, Kebab, Fast Food, Pizza, Fast Food, North Indian, Chinese, North Indian, Street Food, Chinese, Juices, Beverages, Mughlai, Biryani, South Indian, Biryani, South Indian, North Indian, Chinese, Kebab, Mughlai, Mangalorean, Seafood"
155.0,33.0,709.0909090909091,3.778787878787879,"North Indian, Mughlai, Biryani, North Indian, Biryani, Chinese, Street Food, Continental, Continental, North Indian, Chinese, American, Fast Food, Biryani, Andhra, Chinese, North Indian, South Indian, Street Food, North Indian, Kerala, North Indian, Chinese, Seafood, Beverages, South Indian, Andhra, Biryani, Chinese, Andhra, North Indian, Chinese, Pizza, North Indian, Sandwich, Fast Food, Biryani, North Indian, Chinese, Andhra, North Indian, Chinese, Biryani, North Indian, Street Food, Continental, European, Italian, Rolls, Fast Food, Biryani, Andhra, Biryani, Kebab, Desserts, Ice Cream, Beverages, Andhra, Biryani, Seafood, Chinese, Cafe, Salad, Italian, American, Sandwich, Burger, Beverages, Healthy Food, Italian, Fast Food, Rajasthani, North Indian, North Indian, Chinese, Biryani, Chinese, Fast Food, North Indian, Beverages, South Indian, Kebab, Desserts, North Indian, Chinese, Continental, South Indian, Chinese, Andhra, South Indian, Andhra, Beverages, Street Food, North Indian, Beverages, Rajasthani, North Indian, Chinese, Chinese, North Indian, Kerala, South Indian, Chinese"
156.0,4.0,425.0,3.65,"Bengali, Chinese, Fast Food, North Indian, Chinese, Biryani, Chinese, Rolls, Fast Food, Andhra, Chinese, Biryani"
157.0,4.0,212.5,3.725,"South Indian, North Indian, Street Food, Juices, Chinese, Sandwich, South Indian, North Indian, Kebab, Rolls"
158.0,2.0,350.0,3.5999999999999996,"Chinese, Chinese, South Indian, North Indian, Beverages"
159.0,11.0,431.8181818181818,3.563636363636364,"Andhra, Biryani, Mughlai, Pizza, North Indian, Biryani, Chinese, Arabian, Beverages, Kerala, South Indian, South Indian, Chinese, Andhra, Biryani, Cafe, Chinese, Fast Food, North Indian, Fast Food, Beverages, North Indian, Chinese, Chinese, North Indian, Biryani, Beverages, Juices, Fast Food"
160.0,0.0,,,
161.0,7.0,471.42857142857144,3.442857142857143,"South Indian, North Indian, Chinese, Cafe, Fast Food, North Indian, North Indian, Chinese, South Indian, Continental, Beverages, North Indian, Chinese, Fast Food, Chinese, North Indian"
162.0,1.0,550.0,3.9,"Pizza, Fast Food"
163.0,1.0,500.0,3.9,"Bengali, Seafood, Rolls"
164.0,6.0,433.3333333333333,3.75,"North Indian, Continental, Italian, Pizza, Burger, Sandwich, Beverages, Fast Food, Ice Cream, Beverages, Burger, Sandwich, Wraps, North Indian, Fast Food, Pizza, Fast Food, Andhra, Biryani, Fast Food, Sandwich, Beverages"
165.0,34.0,401.47058823529414,3.597058823529412,"Fast Food, Rolls, Beverages, South Indian, Chinese, North Indian, North Indian, Chettinad, South Indian, Chinese, Beverages, Lebanese, Fast Food, Beverages, North Indian, Chinese, Andhra, Biryani, North Indian, Chinese, Hyderabadi, Mughlai, Seafood, Healthy Food, Beverages, North Indian, Chinese, Street Food, Juices, North Indian, Chinese, BBQ, Fast Food, Rolls, Kebab, Healthy Food, Sandwich, Salad, Beverages, Juices, North Indian, Chinese, Continental, Mangalorean, Biryani, Hyderabadi, North Indian, Chinese, Andhra, Seafood, South Indian, North Indian, Chinese, Street Food, Beverages, Bakery, Fast Food, Fast Food, Rolls, Beverages, Juices, Burger, Sandwich, Fast Food, Juices, Beverages, Fast Food, Beverages, Bakery, Mithai, Beverages, Fast Food, Biryani, North Indian, Mughlai, Chinese, Beverages, Desserts, Biryani, North Indian, Mughlai, Arabian, BBQ, Fast Food, Biryani, South Indian, Bakery, Desserts, Chinese, Rolls, Momos, Biryani, North Indian, Mughlai, Biryani, Chinese, North Indian, Rolls, Kerala, Biryani, Beverages, South Indian, Kerala, North Indian, Chinese, South Indian, Beverages, Rolls, Biryani, Chinese, Chinese, Fast Food, Beverages, South Indian, Chinese, Andhra, North Indian"
166.0,109.0,531.1926605504588,3.8724770642201833,"South Indian, Cafe, American, Burger, Sandwich, Desserts, Beverages, Steak, Continental, Fast Food, BBQ, Beverages, North Indian, Chinese, Italian, Fast Food, Beverages, Desserts, South Indian, North Indian, Chinese, Beverages, Desserts, Burger, Fast Food, Wraps, Beverages, Desserts, Modern Indian, South Indian, Pizza, Burger, Rolls, North Indian, Continental, Mexican, Chinese, Desserts, Beverages, Bakery, Desserts, Ice Cream, Thai, South Indian, Italian, Fast Food, Bar Food, Desserts, Beverages, Steak, Ice Cream, Desserts, Beverages, Cafe, Continental, Salad, Fast Food, Italian, American, Beverages, Biryani, Desserts, Ice Cream, Beverages, Mexican, Fast Food, Mangalorean, Seafood, North Indian, Chinese, Finger Food, Asian, Bar Food, Asian, Thai, North Indian, Chinese, Finger Food, Seafood, Andhra, Biryani, Japanese, Korean, Sushi, Asian, Finger Food, Continental, North Indian, Salad, Chinese, Mughlai, Seafood, Italian, Finger Food, Continental, North Indian, Chinese, Beverages, Sushi, Continental, Asian, American, Italian, Mexican, Beverages, Tea, Fast Food, Beverages, Continental, BBQ, Arabian, Continental, North Indian, Middle Eastern, Chinese, Beverages, Continental, Fast Food, Healthy Food, Desserts, Beverages, South Indian, Kerala, North Indian, Cafe, Fast Food, Asian, Beverages, North Indian, Chinese, Chettinad, Andhra, Lebanese, South Indian, Street Food, North Indian, South Indian, Chinese, Biryani, Kerala, Chinese, Seafood, Mithai, Street Food, Fast Food, Beverages, Coffee, Beverages, Lebanese, Kebab, Rolls, South Indian, Biryani, Mughlai, Chinese, North Indian, Andhra, Hyderabadi, Seafood, Andhra, North Indian, Chinese, Mughlai, North Indian, Chinese, Continental, Fast Food, Beverages, Sandwich, South Indian, Desserts, North Indian, Chinese, Beverages, Mithai, Street Food, North Indian, Continental, Chinese, Fast Food, Beverages, Mangalorean, Seafood, Italian, Mexican, North Indian, Chinese, Continental, South Indian, Beverages, Fast Food, Irish, Italian, Beverages, Desserts, Kerala, North Indian, Chinese, Seafood, Biryani, Chinese, North Indian, Kerala, Biryani, South Indian, North Indian, Burger, American, Continental, North Indian, Biryani, Kerala, South Indian, Beverages, Rolls, Fast Food, Burger, Andhra, North Indian, Seafood, Chinese, South Indian, Andhra, North Indian, Biryani, Kerala, South Indian, North Indian, Street Food, Beverages, Chinese, South Indian, North Indian, Fast Food, Beverages, Kerala, South Indian, Chinese, North Indian, Biryani, Beverages, Bakery, Desserts, Fast Food, Beverages, Chinese, Fast Food, American, European, Lebanese, Desserts, Beverages, Juices, Ice Cream, Chinese, Seafood, South Indian, Biryani, Desserts, Beverages, Fast Food, Ice Cream, Juices, South Indian, North Indian, Chinese, Street Food, Desserts, Ice Cream, Beverages, Momos, Tibetan, Bakery, Chinese, North Indian, Biryani, South Indian, Chinese, Fast Food, Beverages, Continental, Bakery, Desserts, Beverages, Italian, Fast Food, Continental, Pizza, Sandwich, Pasta, Burger, Beverages, Chinese, Kebab, Biryani, North Indian, Seafood, Andhra, Kerala, Chinese, Arabian, North Indian, Biryani, Beverages, Desserts, Fast Food, Beverages, Sandwich, Fast Food, Beverages, North Indian, Chinese, Beverages, Street Food, Bihari, North Indian, Fast Food, Chinese, North Indian, South Indian, Beverages, Healthy Food, Pizza, Continental, Sandwich, Italian, Beverages, North Indian, Chinese, Mughlai, Andhra, Biryani, Street Food, Fast Food, Desserts, North Indian, Chinese, Fast Food, Finger Food, Italian, South Indian, Chettinad, North Indian, Fast Food, Street Food, Beverages, South Indian, Chinese, North Indian, North Indian, Biryani, Seafood, Lebanese, Fast Food, Beverages, Chinese, Biryani, South Indian, Kebab, Biryani, Chinese, North Indian, Beverages, North Indian, Chinese, Biryani, Mughlai, Desserts, North Indian, Chinese, Street Food, Fast Food, Biryani, Mughlai, Seafood, Rolls, South Indian, North Indian, Chinese, Beverages, Desserts, Street Food, Biryani, North Indian, South Indian, Beverages"
167.0,78.0,558.974358974359,3.8128205128205126,"Italian, European, Pizza, Pasta, Salad, Desserts, Beverages, North Indian, South Indian, Chinese, Continental, Mangalorean, Cafe, Continental, Beverages, Asian, Indonesian, Japanese, Sushi, Thai, Finger Food, North Indian, Beverages, American, Pizza, Burger, Steak, Sandwich, Continental, Beverages, North Indian, Chinese, Beverages, Cafe, American, Italian, Modern Indian, North Indian, Chinese, Fast Food, Italian, Beverages, Desserts, Pizza, Fast Food, Beverages, Arabian, Beverages, Bakery, Desserts, Ice Cream, Desserts, Beverages, Cafe, Continental, Fast Food, Beverages, Desserts, Mexican, Fast Food, Wraps, Beverages, European, Continental, North Indian, Asian, Beverages, Desserts, Ice Cream, North Indian, Biryani, European, American, Continental, North Indian, Steak, Cafe, North Indian, Street Food, American, Continental, Cafe, Italian, Sandwich, Cafe, Fast Food, Burger, Beverages, Street Food, North Indian, Chinese, Biryani, Bengali, Rolls, Pasta, Pizza, Italian, North Indian, Chinese, Kebab, Finger Food, North Indian, Chinese, Chinese, Raw Meats, Fast Food, Salad, Finger Food, BBQ, Wraps, Healthy Food, North Indian, Chinese, Beverages, Desserts, North Indian, Goan, Biryani, Seafood, North Indian, Chinese, Desserts, Beverages, Biryani, Continental, North Indian, Mughlai, North Indian, Beverages, North Indian, Chinese, Biryani, Fast Food, Fast Food, Beverages, Desserts, Bengali, North Indian, Chinese, Mughlai, Desserts, Kerala, North Indian, Fast Food, North Indian, Chinese, Seafood, Beverages, Desserts, Mughlai, Beverages, Chinese, Fast Food, Beverages, Sandwich, Burger, Rolls, Lebanese, Continental, Steak, Seafood, Italian, Kerala, South Indian, Chettinad, Cafe, Salad, Fast Food, Beverages, Biryani, Kebab, North Indian, Street Food, Fast Food, Beverages, Cafe, Chinese, North Indian, Fast Food, Desserts, Beverages, Finger Food, North Indian, Italian, Continental, Beverages, American, Fast Food, Italian, Sandwich, Salad, Fast Food, Cafe, Chinese, North Indian, Beverages, Juices, Kerala, Beverages, Biryani, South Indian, North Indian, Chinese, Kerala, Beverages, South Indian, Kerala, Chinese, North Indian, North Indian, Mughlai, Chettinad, Fast Food"
168.0,18.0,750.0,3.761111111111111,"Continental, Mexican, Italian, Beverages, North Indian, Desserts, Bar Food, Kerala, Seafood, Desserts, Asian, Continental, North Indian, South Indian, Desserts, North Indian, Kerala, Fast Food, Chinese, Desserts, Beverages, Momos, Rolls, Biryani, North Indian, Chinese, Seafood, Chinese, Thai, Seafood, Desserts, Beverages, Ice Cream, North Indian, Continental, Chinese, European, South Indian, Beverages, Beverages, Fast Food, Juices, Sandwich, Chinese, Andhra, Fast Food, Chinese, North Indian, Beverages, North Indian, Chinese, Continental, Fast Food, Pizza, Pasta, Chinese, North Indian, North Indian, Chinese, South Indian, Fast Food, Rolls, Fast Food, Chinese, Biryani, Chinese"
169.0,128.0,748.828125,3.98046875,"Asian, Burmese, Bubble Tea, Salad, Tea, Desserts, Ice Cream, Beverages, Italian, Desserts, Italian, Pasta, Pizza, Mediterranean, Italian, European, Desserts, Beverages, Desserts, Ice Cream, Beverages, Ice Cream, Beverages, Desserts, Fast Food, North Indian, Italian, Desserts, Beverages, Italian, Thai, Pizza, Fast Food, Desserts, Beverages, Pizza, Italian, Desserts, Beverages, Vietnamese, Desserts, Thai, Cafe, Continental, Beverages, Continental, Mughlai, North Indian, Beverages, Chinese, Thai, Desserts, Chinese, Asian, Oriental, Sushi, Thai, Japanese, Seafood, Desserts, Asian, Chinese, Sushi, Thai, Modern Indian, North Indian, Mughlai, Italian, Pizza, South Indian, Finger Food, American, Continental, Bar Food, Chinese, Fast Food, Pizza, Burger, Beverages, Japanese, Chinese, Japanese, Korean, Asian, Sushi, Cafe, Italian, Desserts, Bakery, Salad, Burger, Beverages, Chinese, Seafood, Cafe, German, Italian, Desserts, Beverages, Vietnamese, Asian, Tea, Beverages, Fast Food, North Indian, Rolls, Cafe, Beverages, Desserts, North Indian, Finger Food, Continental, North Indian, Asian, Pasta, North Indian, Continental, Chinese, Bar Food, Bakery, Desserts, North Indian, Street Food, Desserts, Beverages, Cafe, Italian, Continental, Beverages, Pasta, Tea, Momos, Bubble Tea, Mexican, Tex-Mex, Beverages, Biryani, South Indian, North Indian, Chinese, Mughlai, Chinese, Vietnamese, Momos, Thai, Fast Food, Bengali, Rolls, Kerala, Biryani, Seafood, Beverages, Desserts, Finger Food, Continental, Fast Food, North Indian, Chinese, Continental, North Indian, Italian, Cafe, American, Salad, Continental, Healthy Food, Italian, Bihari, Seafood, North Indian, Beverages, South Indian, Beverages, Fast Food, Mughlai, North Indian, Chinese, Seafood, North Indian, Steak, Bakery, Desserts, Fast Food, Beverages, Desserts, Fast Food, Beverages, Fast Food, Healthy Food, Modern Indian, European, Healthy Food, Thai, Turkish, Chinese, Desserts, South Indian, Goan, Bar Food, Ice Cream, Beverages, South Indian, North Indian, Chinese, Street Food, Biryani, Ice Cream, Beverages, Salad, Fast Food, North Indian, BBQ, Mughlai, Bakery, Desserts, Italian, Ice Cream, Desserts, Beverages, Italian, Awadhi, Mughlai, North Indian, Kebab, Desserts, Tea, Beverages, Bakery, Fast Food, Beverages, Desserts, Pasta, Tea, Street Food, Fast Food, Beverages, Desserts, Beverages, Fast Food, Sandwich, Desserts, Burger, Rolls, Beverages, Desserts, Fast Food, South Indian, Biryani, Modern Indian, North Indian, Cafe, Desserts, Street Food, Fast Food, Tea, Cafe, American, Pizza, Cafe, Bakery, Desserts, South Indian, North Indian, Chinese, Fast Food, Bengali, Fast Food, Chinese, Lebanese, Fast Food, Street Food, Beverages, Tea, Pizza, Italian, Fast Food, Desserts, Beverages, Beverages, Desserts, Fast Food, Rolls, Beverages, Chinese, Beverages, Juices, North Indian, Cafe, Beverages, Desserts, Chinese, Fast Food, Rolls, Fast Food, North Indian, American, North Indian, Chinese, Desserts, Frozen Yogurt, Arabian, Fast Food, Chinese, Biryani, Healthy Food, Continental, Fast Food, Desserts, North Indian, Asian, Chinese, Asian, Mishti, Street Food, Bakery, Salad, Italian, Raw Meats, Desserts, North Indian, Chinese, Fast Food, Kerala, Seafood, Bengali, Continental, Continental, North Indian, Chinese, Asian, Mughlai, Desserts, Beverages, Continental, Chinese, Fast Food, Beverages, Chinese, Thai, North Indian, Seafood, Beverages, Desserts, Cafe, Rolls, Fast Food, North Indian, Beverages, North Indian, Rolls, Chinese, Continental, Cafe, Continental, Chinese, Fast Food, Beverages, North Indian, Chinese, Mughlai, Beverages, Healthy Food, Salad, Biryani, Kerala, Chinese, North Indian, Biryani, Fast Food, Kerala, South Indian, Chinese, German, Continental, North Indian, Desserts, Chinese, Mithai, Street Food, Chinese, North Indian, South Indian, North Indian, Continental, Chinese, Finger Food, Salad, Beverages, Fast Food, Cafe, Healthy Food, Desserts, Beverages, North Indian, Rajasthani, Ice Cream, Desserts, Fast Food, Beverages, Chinese, South Indian, North Indian, North Indian, Chinese, Biryani, Chinese, North Indian, Seafood, Mangalorean, Chinese, Fast Food, Pizza, Sandwich, Fast Food, Burger, Beverages, Bakery, Kerala, North Indian, Chinese, Biryani, Street Food, American"
170.0,55.0,702.7272727272727,3.961818181818182,"Desserts, Ice Cream, Beverages, Mexican, Salad, Desserts, Beverages, Italian, American, Modern Indian, Seafood, Mangalorean, Bengali, Mughlai, Seafood, South Indian, Asian, Thai, Indonesian, Chinese, Malaysian, Beverages, Chinese, Continental, Finger Food, North Indian, Beverages, Cafe, Continental, Cafe, Healthy Food, Salad, Beverages, Mangalorean, Seafood, Chinese, Korean, Japanese, Beverages, American, Continental, Fast Food, Steak, Beverages, Thai, Beverages, North Indian, Mughlai, American, Mexican, Healthy Food, Finger Food, Burger, Fast Food, Desserts, Korean, Chinese, North Indian, Chinese, South Indian, Chinese, North Indian, Kerala, Mangalorean, Seafood, Desserts, Ice Cream, North Indian, Chinese, Seafood, North Indian, Mughlai, Biryani, Fast Food, Seafood, South Indian, North Indian, Mangalorean, Chinese, Street Food, North Indian, Mithai, North Indian, Chinese, Asian, Japanese, Fast Food, South Indian, Chinese, North Indian, North Indian, Chinese, Continental, Fast Food, Cafe, North Indian, Mughlai, Biryani, Chinese, Desserts, Beverages, Rolls, Kebab, Juices, Ice Cream, Chettinad, South Indian, North Indian, Desserts, Beverages, Biryani, South Indian, Chettinad, Continental, Healthy Food, North Indian, Biryani, North Indian, Chinese, Biryani, North Indian, Mughlai, Chinese, Beverages, North Indian, Chinese, Pizza, Street Food, Cafe, Street Food, Beverages, Desserts, North Indian, Chinese, Mughlai, South Indian, North Indian, Chinese, Beverages, Street Food, North Indian, Beverages, Fast Food, Fast Food, Cafe, North Indian, Italian, Fast Food, Beverages"
171.0,12.0,437.5,3.6166666666666667,"Naga, Goan, Seafood, Finger Food, North Indian, Chinese, Fast Food, Arabian, Chinese, Sandwich, Beverages, Salad, Burger, Pasta, Fast Food, Chinese, Biryani, South Indian, North Indian, South Indian, Chinese, Street Food, Fast Food, Chinese, North Indian, Biryani, Burger, Fast Food, North Indian, Chinese, Healthy Food, Fast Food, Sandwich, Pizza, Desserts, Street Food, North Indian, Chinese"
172.0,161.0,582.2981366459627,3.827950310559006,"Continental, Italian, North Indian, Middle Eastern, Fast Food, Rolls, Wraps, Steak, Continental, Italian, Chinese, Fast Food, Desserts, Beverages, Continental, Italian, Fast Food, Beverages, Singaporean, Thai, Sushi, Asian, Korean, Indonesian, North Indian, Biryani, Biryani, North Indian, Chinese, Arabian, Juices, Beverages, Cafe, Continental, Fast Food, Italian, Beverages, South Indian, Finger Food, Continental, Italian, Asian, South Indian, Coffee, Desserts, Bakery, Mediterranean, Continental, Italian, Salad, Healthy Food, Continental, Fast Food, Bar Food, Asian, Italian, Beverages, Cafe, Continental, Beverages, South Indian, Biryani, North Indian, Chinese, Seafood, Beverages, Italian, Pizza, Pasta, North Indian, Continental, Mangalorean, Italian, Pizza, American, Sandwich, Burger, Cafe, Pizza, Burger, Fast Food, Beverages, Cafe, Arabian, Beverages, Lebanese, Arabian, North Indian, Chinese, Street Food, Fast Food, Desserts, Beverages, Biryani, Mughlai, Andhra, North Indian, Continental, Chinese, Continental, North Indian, Thai, Italian, Beverages, Korean, Cafe, Continental, North Indian, Chinese, Fast Food, Beverages, Arabian, Lebanese, Pizza, Fast Food, Italian, Beverages, Pasta, Kerala, North Indian, Chinese, Kebab, Desserts, Ice Cream, Beverages, Chinese, Asian, Seafood, Continental, Italian, Fast Food, Desserts, North Indian, Chinese, Biryani, Kerala, Ice Cream, Beverages, Asian, Chinese, Cantonese, Seafood, Desserts, Beverages, Chinese, Thai, Cafe, Continental, Fast Food, Desserts, Bakery, Finger Food, Continental, American, Chinese, BBQ, North Indian, Italian, Biryani, Chinese, Beverages, Seafood, Mangalorean, North Indian, Chinese, Mangalorean, Seafood, North Indian, Japanese, Cafe, Fast Food, Beverages, Seafood, Biryani, South Indian, Chettinad, South Indian, Biryani, Andhra, Andhra, Chinese, North Indian, Seafood, Biryani, Burger, Sandwich, Rolls, Wraps, Beverages, Chinese, Momos, Cafe, North Indian, Continental, Steak, Fast Food, Beverages, Pasta, North Indian, Continental, Fast Food, Chinese, Biryani, Beverages, Fast Food, Bakery, Andhra, Chinese, North Indian, Seafood, North Indian, Mughlai, Biryani, Rolls, North Indian, Chinese, Beverages, Arabian, Mughlai, North Indian, Ice Cream, Desserts, Beverages, Arabian, Beverages, Fast Food, Kerala, Chinese, Biryani, Seafood, Street Food, Beverages, Fast Food, Beverages, Rolls, Beverages, Juices, Fast Food, South Indian, North Indian, Chinese, Fast Food, Rolls, Beverages, Mithai, Street Food, Beverages, Ice Cream, Chinese, Burger, Fast Food, Beverages, Healthy Food, Sandwich, North Indian, Mughlai, Biryani, Fast Food, Fast Food, Beverages, Biryani, Fast Food, Fast Food, Rolls, North Indian, Sandwich, Ice Cream, Desserts, Continental, American, Indonesian, Asian, Thai, Arabian, Fast Food, BBQ, Rolls, Charcoal Chicken, Arabian, Pasta, Beverages, Chinese, Fast Food, Kerala, South Indian, Chettinad, Biryani, Arabian, Chinese, North Indian, Italian, Chinese, Kebab, Fast Food, Beverages, Kerala, South Indian, Chinese, Beverages, Fast Food, Pasta, Street Food, Sandwich, American, Mexican, Italian, Steak, Burger, Sandwich, Healthy Food, Desserts, Thai, Chinese, Cafe, Continental, Kerala, Biryani, Beverages, Kebab, Chinese, North Indian, Mughlai, Biryani, Desserts, Chinese, Momos, Seafood, North Indian, Street Food, South Indian, Biryani, Andhra, Biryani, North Indian, Chinese, Seafood, South Indian, Kerala, Chinese, Beverages, Cafe, Continental, Fast Food, North Indian, Chinese, Mughlai, Rolls, Fast Food, Italian, Beverages, Rolls, Fast Food, Beverages, Juices, Fast Food, Desserts, Tea, Fast Food, Street Food, South Indian, Bakery, Desserts, Beverages, Fast Food, Beverages, Fast Food, Ice Cream, South Indian, Street Food, South Indian, North Indian, Street Food, Chinese, Arabian, Mughlai, North Indian, South Indian, Chinese, Beverages, North Eastern, Kerala, North Indian, Chinese, Arabian, Beverages, Andhra, Biryani, Seafood, North Indian, South Indian, North Indian, Chinese, Street Food, North Indian, Chinese, Kebab, Rolls, Fast Food, Beverages, Salad, Chinese, Fast Food, North Indian, Chinese, Mughlai, Biryani, Kerala, South Indian, North Indian, Chinese, Mughlai, Fast Food, Fast Food, Beverages, Pizza, Sandwich, Pasta, Burger, Ice Cream, North Indian, Biryani, North Indian, Chinese, Thai, Seafood, Kerala, North Indian, Chinese, Beverages, Ice Cream, North Indian, Chinese, Rolls, Biryani, North Indian, Rolls, Fast Food, Pizza, Sandwich, Chinese, Chinese, North Indian, Fast Food, Beverages, Juices, Ice Cream, Bakery, Desserts, Asian, Chinese, Cafe, Fast Food, Beverages, Healthy Food, Desserts, Chinese, Naga, Continental, Bakery, Fast Food, Desserts, Desserts, Beverages, Sandwich, North Indian, South Indian, Chinese, North Indian, Chinese, Rolls, BBQ, Mughlai, Biryani, Andhra, South Indian, Chinese, North Indian, Mughlai, Fast Food, Rolls, BBQ, Juices, Fast Food, North Indian, Chinese, Continental"
173.0,10.0,335.0,3.6399999999999997,"Chinese, Momos, Seafood, Beverages, South Indian, Chinese, Bakery, Cafe, Beverages, Mughlai, Fast Food, Chinese, Thai, Andhra, North Indian, Chinese, Seafood, BBQ, Hyderabadi, North Indian, Chinese, Fast Food, Beverages, Desserts, Rolls, Biryani, Chinese, North Indian, Mughlai, Rolls, Chinese, BBQ"
174.0,25.0,422.0,3.6919999999999997,"Kerala, Biryani, Beverages, South Indian, South Indian, North Indian, Beverages, Chinese, Naga, Chinese, Biryani, South Indian, Rolls, Fast Food, Beverages, Biryani, Chinese, North Indian, North Indian, Biryani, North Indian, Chinese, Odia, Fast Food, Bakery, Chinese, Kerala, North Indian, Fast Food, Biryani, North Indian, Chinese, Rolls, Chinese, Seafood, Desserts, Fast Food, Pasta, Asian, Chinese, Desserts, Biryani, Fast Food, Chinese, Ice Cream, Beverages, Sandwich, North Indian, Chinese, Thai, North Indian, Fast Food, Biryani, Momos, Salad, Beverages, Biryani, Chinese, Burger, Chinese, Fast Food, Beverages, North Indian, Chinese, Mangalorean, Mughlai, Chinese, Fast Food, Street Food, Chinese, Momos, South Indian, North Indian, Chinese, Andhra, Biryani, North Indian, Chinese, Street Food, Seafood, Mughlai, Mangalorean, Desserts, Beverages"
175.0,15.0,416.6666666666667,3.606666666666667,"Biryani, Biryani, Arabian, North Indian, Chinese, North Indian, Chinese, Fast Food, Malwani, Chinese, North Indian, Biryani, North Indian, Chinese, Fast Food, North Indian, Beverages, Desserts, South Indian, Kerala, North Indian, Chinese, Fast Food, Desserts, Beverages, North Indian, Chinese, Mughlai, Seafood, Fast Food, Ice Cream, South Indian, North Indian, Chinese, Bakery, Desserts, Desserts, Ice Cream, Fast Food, North Indian"
176.0,6.0,516.6666666666666,3.6999999999999997,"North Indian, Mughlai, Chinese, Biryani, Fast Food, Beverages, Pizza, Burger, Sandwich, Fast Food, Chinese, Italian, Beverages, Chinese, North Indian, Fast Food, Biryani, Mughlai, BBQ, Thai, Chinese, Andhra, Biryani, North Indian, Cafe, Beverages, Fast Food"
177.0,15.0,390.0,3.52,"North Indian, Chinese, Fast Food, Biryani, Cafe, Fast Food, Salad, Beverages, Cafe, Beverages, Fast Food, Chinese, Fast Food, Desserts, Beverages, Cafe, Continental, Biryani, Chinese, Andhra, North Indian, Chinese, Pizza, Fast Food, Burger, Salad, Fast Food, Beverages, Biryani, North Indian, Chinese, Rolls, Seafood, North Indian, South Indian, Chinese, Fast Food, Beverages, Fast Food, Rolls, Beverages, Ice Cream, North Indian, Chinese, Sandwich, Rolls, Fast Food"
178.0,8.0,425.0,3.5875,"Cafe, Pizza, Desserts, Chinese, Fast Food, Kerala, North Indian, Chinese, Beverages, Kerala, Biryani, South Indian, Biryani, Chinese, North Indian, Chinese, North Indian, Fast Food, Kerala"
179.0,0.0,,,
180.0,71.0,668.3098591549295,3.7647887323943663,"Chinese, North Indian, Italian, Beverages, Bengali, Desserts, Finger Food, North Indian, Continental, Mughlai, Chinese, Desserts, Beverages, Finger Food, North Indian, Continental, Italian, Chinese, Beverages, Desserts, Finger Food, Fast Food, North Indian, Desserts, Beverages, Biryani, North Indian, Kebab, Beverages, North Indian, Italian, Asian, Mughlai, Bakery, North Indian, Chinese, North Indian, Asian, Continental, Fast Food, Biryani, Desserts, Burger, Fast Food, Beverages, Desserts, Burger, Pizza, Chinese, Italian, Beverages, Street Food, Fast Food, Sandwich, Desserts, Mithai, Beverages, Desserts, Ice Cream, Burger, Sandwich, Rolls, Wraps, Biryani, Andhra, North Indian, Chinese, Seafood, Ice Cream, Desserts, Beverages, North Indian, Continental, Chinese, Seafood, North Indian, Chinese, Rajasthani, Andhra, North Indian, Chinese, South Indian, North Indian, Beverages, Mughlai, Lebanese, Chinese, Vietnamese, Thai, Malaysian, South Indian, Healthy Food, Beverages, Seafood, South Indian, Bakery, Desserts, Fast Food, Continental, American, South Indian, Italian, North Indian, Chinese, Finger Food, Continental, Biryani, Chinese, Mithai, Street Food, Andhra, North Indian, Biryani, Chinese, South Indian, Andhra, Biryani, Kerala, Biryani, Chinese, North Indian, Fast Food, Italian, Chinese, Continental, Beverages, Bakery, Andhra, Biryani, North Indian, Biryani, South Indian, Cafe, Fast Food, Chinese, Sandwich, Beverages, North Indian, Chinese, Biryani, North Indian, Street Food, North Indian, Biryani, Andhra, Chinese, North Indian, Kebab, Mughlai, Desserts, North Indian, South Indian, Chinese, North Indian, Italian, Beverages, Desserts, Fast Food, North Indian, Street Food, South Indian, North Indian, Chinese, Fast Food, North Indian, Chinese, Mughlai, Arabian, Kerala, Beverages, Ice Cream, Beverages, Fast Food, South Indian, North Indian, Chinese, Andhra, Biryani, Chinese, South Indian, Andhra, North Indian, Biryani, Mughlai, Chinese, South Indian, Biryani, Fast Food, South Indian, North Indian, Kerala, Chinese, North Indian, Biryani, Andhra, Biryani, Cafe, Italian, Mexican, Chinese, North Indian, Chinese, Biryani, North Indian, South Indian, Tamil, Biryani, Chinese, Beverages, Pizza, Fast Food, Pasta, Bakery, North Indian, Chinese, Kerala"
181.0,10.0,355.0,3.6700000000000004,"Kerala, Biryani, South Indian, North Indian, Seafood, Desserts, Beverages, Fast Food, Ice Cream, Desserts, Beverages, Beverages, Sandwich, Fast Food, Andhra, Chinese, Arabian, North Indian, Andhra, South Indian, North Indian, Fast Food, South Indian, Biryani, North Indian, Chinese, Chinese, Biryani, North Indian, South Indian, Chinese"
182.0,18.0,433.3333333333333,3.6333333333333337,"Fast Food, Rolls, Chinese, Beverages, Chinese, Fast Food, North Indian, Biryani, Chinese, Pizza, Burger, Italian, Fast Food, Sandwich, Wraps, Rolls, Continental, Bakery, Burger, Fast Food, Chinese, Chinese, North Indian, Seafood, South Indian, Biryani, North Indian, Chinese, Arabian, Seafood, Biryani, North Indian, Fast Food, Beverages, Biryani, South Indian, Chinese, Fast Food"
183.0,26.0,390.38461538461536,3.730769230769231,"North Indian, Chinese, North Indian, Biryani, Mughlai, Chinese, North Indian, Seafood, BBQ, Chinese, Mughlai, Lebanese, Fast Food, Biryani, Mughlai, Chinese, North Indian, Seafood, Rolls, Kebab, Desserts, Ice Cream, Fast Food, Beverages, Bakery, Desserts, South Indian, Andhra, Biryani, Asian, Chinese, Fast Food, Kerala, South Indian, North Indian, Biryani, Mughlai, Beverages, Beverages, Street Food, Fast Food, North Indian, South Indian, Desserts, North Indian, South Indian, North Indian, Chinese, Fast Food, Beverages, South Indian, Beverages, Chinese, North Indian, Bengali, North Indian, Chinese, Chinese, North Indian, South Indian, Desserts, Ice Cream, North Indian, Chinese, Biryani, Mughlai, Rolls, North Indian, Chinese, Odia, Healthy Food, South Indian, Seafood, Kerala, Street Food, Fast Food, North Indian, Chinese, Healthy Food, North Indian, Chinese, Arabian, Juices, North Indian, South Indian, Chinese, Biryani, Desserts, Biryani, Chinese, North Indian, Andhra, Beverages"
184.0,73.0,475.3424657534247,3.817808219178082,"Continental, Asian, Italian, North Indian, Continental, Italian, North Indian, Chinese, Lebanese, Burger, Continental, Beverages, Desserts, North Indian, Street Food, Beverages, Ice Cream, Desserts, North Indian, Continental, BBQ, Fast Food, Beverages, North Indian, Mughlai, Desserts, Arabian, Hyderabadi, Chinese, Biryani, Chinese, Asian, Seafood, Momos, Mangalorean, Italian, Mexican, Fast Food, Biryani, Steak, Bengali, North Indian, Maharashtrian, South Indian, North Indian, Street Food, Desserts, Chinese, Beverages, North Indian, Mughlai, Bakery, Desserts, Beverages, Maharashtrian, Street Food, Desserts, Beverages, Desserts, Beverages, North Indian, Chinese, Beverages, Fast Food, Street Food, North Indian, Chinese, Fast Food, Healthy Food, Beverages, Ice Cream, Beverages, Desserts, North Indian, Chinese, Momos, Asian, Beverages, Chettinad, North Indian, Fast Food, North Indian, Chinese, Street Food, Beverages, Bengali, Biryani, North Indian, Continental, Rolls, Street Food, Beverages, Desserts, Fast Food, Beverages, Chinese, North Indian, Fast Food, Chinese, North Indian, Mughlai, Biryani, Desserts, Beverages, Fast Food, Sandwich, Beverages, Street Food, Kerala, South Indian, North Indian, Chinese, Biryani, South Indian, Cafe, South Indian, North Indian, Street Food, Fast Food, Chinese, Fast Food, Beverages, Juices, Sandwich, South Indian, Biryani, Italian, North Indian, Fast Food, Desserts, Beverages, Chinese, Fast Food, Burger, Sandwich, Rolls, Street Food, Ice Cream, Beverages, South Indian, Biryani, Andhra, Chinese, North Indian, Fast Food, Rolls, Street Food, Tea, Beverages, Biryani, Mughlai, North Indian, Chinese, Rolls, Arabian, North Indian, Beverages, Pasta, Sandwich, Lebanese, Cafe, North Indian, Continental, Burger, Sandwich, Coffee, Beverages, Desserts, Biryani, North Indian, Fast Food, Beverages, North Indian, Italian, Mexican, Lebanese, Chinese, Andhra, Chettinad, Fast Food, North Indian, Chinese, Arabian, Biryani, Maharashtrian, Beverages, Continental, North Indian, Chinese, Asian, Finger Food, BBQ, Desserts, Ice Cream, Fast Food, Lebanese, Biryani, Italian, Beverages, Healthy Food, Salad, Continental, Desserts, Kerala, South Indian, Italian, North Indian, Mughlai, Rolls, Biryani, South Indian, South Indian, North Indian, Odia, Chinese, Street Food, Sandwich, Rolls, Beverages, North Indian, Mughlai, Biryani, Mithai, Street Food, North Indian, Beverages, South Indian, Street Food, Fast Food, Burger, North Indian, Chinese, Fast Food, Street Food, Chinese, Fast Food, Street Food, Biryani, Lebanese, Beverages, Rolls, Momos, North Indian, Maharashtrian, Beverages, North Indian, Chinese, Street Food, Biryani"
185.0,3.0,850.0,3.966666666666667,"Japanese, Sushi, Continental, Asian, North Indian, North Indian, South Indian, Chinese, Bengali, Odia"
186.0,15.0,1103.3333333333333,3.92,"North Indian, Asian, Continental, Italian, Mughlai, Desserts, North Indian, Beverages, Desserts, European, Asian, North Indian, Chinese, Beverages, Juices, Desserts, Sandwich, Fast Food, Italian, South Indian, North Indian, Chinese, Beverages, Desserts, European, Mediterranean, Salad, Chinese, Continental, North Indian, Biryani, Desserts, Beverages, Biryani, Andhra, North Indian, Chinese, Mughlai, North Indian, Odia, Chinese, North Indian, South Indian, Beverages, North Indian, Chinese, South Indian, North Indian, South Indian, Chinese, Kebab, Biryani, Beverages"
187.0,72.0,806.9444444444445,3.869444444444445,"Asian, Japanese, Sushi, Chinese, Thai, Momos, Beverages, Modern Indian, Street Food, Biryani, Desserts, Beverages, Continental, European, American, Italian, Burger, Coffee, Desserts, Modern Indian, American, Continental, North Indian, Mediterranean, Beverages, Mughlai, North Indian, Desserts, Cafe, Continental, Italian, Pizza, Desserts, Asian, European, Modern Indian, North Indian, Italian, Asian, Continental, Mediterranean, BBQ, Arabian, Chinese, North Indian, Chettinad, Desserts, Ice Cream, Beverages, Rajasthani, North Indian, North Indian, South Indian, Cafe, Burger, Continental, Beverages, Desserts, Continental, Modern Indian, Italian, Fast Food, Seafood, Cafe, Healthy Food, Salad, South Indian, Kerala, Chinese, Seafood, Chettinad, North Indian, Asian, Chinese, Beverages, North Indian, Pizza, Beverages, Thai, Japanese, Chinese, Kashmiri, North Indian, Beverages, Fast Food, Desserts, Beverages, Continental, North Indian, South Indian, Asian, Rolls, North Indian, Fast Food, Chinese, North Indian, Rolls, North Indian, Biryani, Chinese, Beverages, Street Food, Beverages, Tea, Kerala, Mangalorean, Seafood, Beverages, Chinese, Andhra, Biryani, North Indian, Seafood, Chinese, Kebab, Desserts, Beverages, Kerala, Biryani, North Indian, South Indian, Seafood, Chinese, Andhra, Chinese, North Indian, Biryani, Beverages, Desserts, Bakery, Andhra, Biryani, Chinese, South Indian, North Indian, Chinese, Street Food, Continental, South Indian, Beverages, Beverages, Chinese, Fast Food, Seafood, Desserts, Andhra, Biryani, South Indian, North Indian, Chinese, Kerala, Beverages, Rolls, Chinese, Desserts, Ice Cream, Beverages, Juices, Beverages, Desserts, Ice Cream, Fast Food, Momos, Kerala, South Indian, Fast Food, Sandwich, Street Food, Tea, Beverages, Chinese, Seafood, Kerala, Italian, Continental, Chinese, Biryani, Bakery, Beverages, Fast Food, Mughlai, Biryani, Beverages, North Indian, Mughlai, North Indian, South Indian, Chinese, North Indian, Chinese, Chinese, Asian, Desserts, Cafe, Beverages, South Indian, Pizza, Andhra, Biryani, Chinese, North Indian, North Indian, Chinese, South Indian, Beverages, Desserts, Juices, Ice Cream, North Indian, Biryani, Kebab, Rolls, Chinese, Juices, Beverages, North Indian, Bengali, Chinese, Seafood, Chinese, Asian, Lebanese, Fast Food, Continental, Pasta, Italian, Roast Chicken, BBQ, Desserts, Ice Cream, Fast Food, Beverages, North Indian, Chinese, Bengali, South Indian, North Indian, Chinese, Chinese, North Indian, Mughlai, Odia, North Indian, Chinese, Seafood, Fast Food, Beverages, Burger, Sandwich, Fast Food, Beverages, Chinese, South Indian"
188.0,14.0,767.8571428571429,3.707142857142857,"Bakery, Fast Food, Desserts, Beverages, North Indian, North Indian, Fast Food, Street Food, Desserts, Fast Food, Mughlai, North Indian, Chinese, Continental, Oriental, Beverages, Desserts, North Indian, South Indian, Continental, Oriental, Italian, Desserts, Beverages, North Indian, Chinese, Chinese, North Indian, Beverages, Juices, Rolls, North Indian, Biryani, Andhra, Biryani, Chinese"
189.0,20.0,522.5,3.7649999999999997,"North Indian, Chinese, Mexican, Chinese, Continental, North Indian, North Indian, Fast Food, Chinese, North Indian, Andhra, Biryani, Odia, Fast Food, Beverages, Desserts, Ice Cream, Beverages, Mithai, Street Food, BBQ, Fast Food, Burger, Wraps, Chinese, Thai, Beverages, North Indian, South Indian, Andhra, Seafood, Biryani, Kebab, Desserts, Beverages, North Indian, Chinese, Beverages, Desserts, Beverages, Fast Food, Burger, Sandwich, Beverages, BBQ, South Indian, North Indian, Chinese, North Indian, Chinese, Continental, Pizza, Sandwich, Wraps, Chinese, Ice Cream, Beverages, Andhra, North Indian, Biryani, Chinese, Thai, Nepalese, Tibetan, Seafood, Chinese, North Indian, Beverages, Fast Food, North Indian"
190.0,39.0,402.56410256410254,3.5948717948717945,"Biryani, Mughlai, North Indian, Chinese, North Indian, Chinese, Desserts, Beverages, Kerala, Biryani, Seafood, North Indian, North Indian, Chinese, Street Food, Desserts, South Indian, Street Food, Sandwich, Beverages, Street Food, Chinese, North Indian, Iranian, Mughlai, Chinese, Seafood, North Indian, Chinese, Kebab, Biryani, Rolls, Kerala, South Indian, Chinese, North Indian, Mughlai, Biryani, Andhra, Seafood, Lebanese, Beverages, Cafe, Continental, Fast Food, Beverages, South Indian, Chinese, North Indian, Chinese, Fast Food, Pizza, Beverages, Biryani, South Indian, Seafood, Bakery, Desserts, Beverages, South Indian, Chinese, Biryani, North Indian, Mughlai, Chinese, Burger, Fast Food, Bakery, Chinese, Biryani, Chettinad, South Indian, North Indian, Desserts, Beverages, South Indian, Chettinad, Chinese, Biryani, Mughlai, Seafood, Juices, Beverages, Sandwich, Street Food, Desserts, Pizza, Fast Food, North Indian, Chinese, Continental, Biryani, Andhra, North Indian, Seafood, Chinese, South Indian, North Indian, Street Food, Biryani, Beverages, Chinese, Cafe, Kerala, South Indian, Andhra, Biryani, South Indian, Fast Food, Street Food, Kerala, Rolls, Beverages, Chinese, Biryani, North Indian, Beverages, Fast Food"
191.0,5.0,430.0,3.7399999999999998,"Fast Food, Continental, American, Italian, Desserts, Beverages, Panini, Pizza, South Indian, Chinese, North Indian, Hyderabadi, North Indian, Chinese, Mughlai, Cafe, Bakery, Desserts, Fast Food"
192.0,19.0,450.0,3.7947368421052627,"Italian, Desserts, South Indian, Biryani, Continental, Fast Food, Desserts, Pizza, Biryani, Bakery, Fast Food, South Indian, North Indian, Continental, Chinese, Seafood, Mughlai, Desserts, Beverages, Biryani, South Indian, BBQ, Fast Food, Chinese, Sandwich, Burger, Mangalorean, Biryani, South Indian, Seafood, Cafe, Coffee, Fast Food, Desserts, Pasta, Fast Food, Beverages, Momos, Biryani, Fast Food, North Indian, Chinese, Seafood, Mughlai, Fast Food, Beverages, Sandwich, Rolls, North Indian, Chinese, Beverages, North Indian, Chinese, Fast Food, Beverages"
193.0,4.0,1012.5,3.6750000000000003,"Fast Food, Beverages, Fast Food, Finger Food, North Indian, Beverages, Fast Food, North Indian, Chinese"
194.0,2.0,525.0,3.9499999999999997,"Continental, Fast Food, Beverages, North Indian, Mughlai, Kebab, Fast Food"
195.0,0.0,,,
196.0,1.0,250.0,3.9,"Biryani, South Indian"
197.0,0.0,,,
198.0,26.0,511.53846153846155,3.7961538461538464,"Biryani, North Indian, North Indian, Pasta, Chettinad, South Indian, North Indian, Biryani, Chinese, Kebab, Mangalorean, Finger Food, North Indian, Beverages, South Indian, North Indian, Chinese, Fast Food, North Indian, Chinese, South Indian, North Indian, Chinese, Juices, Chinese, Fast Food, Italian, North Indian, North Indian, Chinese, Arabian, Seafood, Biryani, Bakery, Fast Food, Burger, Rolls, Beverages, Biryani, South Indian, Chinese, North Indian, Chinese, Fast Food, Italian, Beverages, Fast Food, Burger, Biryani, Rolls, South Indian, North Indian, Kerala, Biryani, North Indian, Chinese, Mughlai, Chinese, North Indian, Kerala, South Indian, Chinese, South Indian, North Indian, Chinese, Beverages, Beverages, Juices, Fast Food, Sandwich, Bakery, Desserts, North Indian, Chinese, Middle Eastern, North Indian, Chinese, Arabian, North Indian, Chinese, Fast Food"
199.0,19.0,334.2105263157895,3.615789473684211,"Biryani, North Indian, Chinese, Kerala, South Indian, Desserts, Beverages, North Indian, Chinese, Biryani, Beverages, Bakery, Desserts, North Indian, Chinese, Arabian, North Indian, Chinese, North Indian, Chinese, Fast Food, Chinese, North Indian, North Indian, Chinese, Beverages, Street Food, Chinese, Fast Food, Beverages, North Indian, Chinese, Biryani, Andhra, South Indian, Chinese, North Indian, Mughlai, Chinese, Kerala, South Indian, Biryani, Fast Food, South Indian, North Indian, Chinese, South Indian"
200.0,4.0,462.5,3.55,"North Indian, Chinese, Mughlai, North Indian, Kerala, Chinese, Beverages, North Indian, North Indian, Healthy Food, Beverages"
201.0,18.0,427.77777777777777,3.738888888888889,"Continental, North Indian, Fast Food, Thai, Finger Food, Cafe, North Indian, Chinese, BBQ, Kerala, Biryani, South Indian, Seafood, Fast Food, Desserts, Beverages, Chinese, Fast Food, South Indian, Beverages, Desserts, Fast Food, Beverages, North Indian, Chinese, Beverages, Fast Food, Ice Cream, Seafood, Mangalorean, North Indian, South Indian, North Indian, Chinese, Street Food, Kerala, Coffee, Kerala, South Indian, Andhra, North Indian, Chinese, Chinese, Fast Food, Beverages, Kerala, South Indian, Chinese, North Indian, Andhra, Chinese, Fast Food"
202.0,63.0,535.7142857142857,3.7444444444444445,"North Indian, Continental, Italian, Continental, Italian, North Indian, Mexican, North Indian, Continental, Seafood, Goan, Asian, Bar Food, North Indian, Chinese, Fast Food, Beverages, Italian, North Indian, Chinese, Fast Food, American, Italian, Pizza, Cafe, Desserts, Beverages, North Indian, South Indian, Chinese, Thai, Italian, Burger, Sandwich, North Indian, Street Food, North Indian, North Indian, Chinese, Fast Food, North Indian, Street Food, Beverages, North Indian, Continental, Chinese, Italian, North Indian, Street Food, Chinese, Fast Food, Beverages, Bakery, Desserts, North Indian, Chinese, Biryani, Continental, Italian, Beverages, Desserts, Desserts, Pizza, Fast Food, Cafe, Desserts, Fast Food, Italian, Beverages, North Indian, South Indian, Chinese, Thai, Italian, Burger, Sandwich, Pizza, Street Food, Gujarati, North Indian, Street Food, Chinese, Biryani, Street Food, Beverages, Fast Food, Fast Food, Beverages, Desserts, Fast Food, North Indian, Biryani, Chinese, Kebab, Seafood, BBQ, Desserts, Beverages, Finger Food, Lebanese, Continental, Beverages, Kerala, Chinese, North Indian, South Indian, North Indian, Biryani, Rolls, Sandwich, North Indian, Biryani, Fast Food, Beverages, Chinese, Malwani, North Indian, Sandwich, Wraps, Street Food, Desserts, Healthy Food, Beverages, South Indian, Chinese, Street Food, Fast Food, Street Food, Fast Food, North Indian, Bengali, North Indian, Odia, South Indian, North Indian, Fast Food, North Indian, Arabian, Biryani, North Indian, Mughlai, Chinese, Chinese, Andhra, North Indian, Chinese, Biryani, Biryani, North Indian, Chinese, Fast Food, Odia, Bengali, Biryani, South Indian, Biryani, Andhra, North Indian, Chinese, Hyderabadi, Wraps"
203.0,45.0,427.77777777777777,3.6666666666666665,"Pizza, Pasta, Burger, Desserts, Beverages, North Indian, Mughlai, North Indian, Biryani, Bakery, Desserts, North Indian, North Indian, Sandwich, Chinese, Beverages, Salad, North Indian, Street Food, Beverages, Andhra, South Indian, Biryani, Chinese, Biryani, Chinese, North Indian, Chinese, BBQ, Chinese, Arabian, Hyderabadi, North Indian, Seafood, Biryani, Chinese, South Indian, North Indian, Chinese, Fast Food, Chinese, North Indian, South Indian, Seafood, Mangalorean, South Indian, Kerala, Biryani, Kerala, South Indian, Seafood, Biryani, South Indian, North Indian, Street Food, Chinese, Beverages, Kerala, Biryani, South Indian, Seafood, Ice Cream, Desserts, Andhra, North Indian, North Indian, Street Food, Bakery, Street Food, Bakery, North Indian, Mediterranean, Continental, Beverages, Street Food, Juices, Fast Food, Biryani, Andhra, North Indian, Chinese, Rolls, North Indian, Biryani, Chinese, Beverages, Biryani, Mughlai, North Indian, Biryani, Chinese, Biryani, South Indian, North Indian, Chinese, Street Food, South Indian, North Indian, Chinese, Biryani, South Indian, North Indian, Chinese, Mughlai, Mithai, Street Food, Chinese"
204.0,0.0,,,
205.0,23.0,445.6521739130435,3.7304347826086954,"Continental, North Indian, Chinese, Bengali, Beverages, South Indian, Bakery, Kerala, Seafood, South Indian, Chinese, Chinese, Thai, Seafood, Kerala, Chinese, Desserts, Ice Cream, Kerala, Biryani, South Indian, North Indian, Mughlai, Chinese, Rolls, Kebab, Chinese, Thai, North Indian, Continental, Chinese, Italian, Chinese, Thai, Seafood, Momos, Chinese, North Indian, Mughlai, Seafood, Fast Food, Chinese, Beverages, Bengali, Chinese, North Indian, Chinese, BBQ, Mughlai, Continental, Desserts, Beverages, Chinese, Seafood, North Indian, Chinese, Mughlai, Street Food, Chinese, Fast Food, Beverages, Mughlai, Chinese, Biryani, North Indian, Fast Food, Chinese, Chinese, Momos, Seafood"
206.0,35.0,351.42857142857144,3.674285714285714,"BBQ, Arabian, Salad, Chinese, North Indian, Mughlai, Desserts, Beverages, North Indian, Chinese, North Indian, Chinese, Biryani, South Indian, Bengali, North Indian, Chinese, Rolls, North Indian, Chinese, Mughlai, South Indian, North Indian, Chinese, North Indian, Desserts, North Indian, Chinese, Biryani, Ice Cream, Beverages, Desserts, Street Food, Andhra, Biryani, Hyderabadi, North Indian, Chinese, South Indian, North Indian, Chinese, Kebab, Mughlai, Rolls, Seafood, Beverages, Beverages, Desserts, Ice Cream, Fast Food, Momos, Chinese, North Indian, Mughlai, Biryani, Momos, Beverages, Fast Food, Burger, Chinese, Street Food, Fast Food, North Indian, Rolls, North Indian, Chinese, Mughlai, Rolls, Biryani, Seafood, South Indian, Kerala, North Indian, Biryani, North Indian, South Indian, Chinese, Fast Food, Beverages, Rolls, Street Food, Finger Food, Fast Food, South Indian, Chinese, Beverages, North Indian, Fast Food, North Indian, Biryani, North Indian, Bengali, Chinese, Fast Food, Street Food, Mughlai, Beverages, Biryani, Mughlai"
207.0,16.0,443.75,3.66875,"Finger Food, North Indian, Chinese, Chettinad, Fast Food, Desserts, Biryani, Street Food, Fast Food, Desserts, Beverages, South Indian, Juices, Beverages, Desserts, Fast Food, Chinese, South Indian, Chinese, Fast Food, Beverages, South Indian, Chinese, Biryani, Chinese, South Indian, North Indian, Chinese, Kerala, Beverages, Street Food, Beverages, North Indian, Chinese, Fast Food, North Indian, Chinese, Mughlai, Arabian"
208.0,24.0,343.75,3.6125000000000003,"Chinese, Thai, Seafood, Momos, North Indian, Beverages, Andhra, South Indian, Chinese, Biryani, Andhra, Chinese, North Indian, Seafood, Biryani, South Indian, Chinese, Chinese, Bakery, Desserts, South Indian, Fast Food, Street Food, Beverages, North Indian, Mughlai, Chinese, Ice Cream, Beverages, Kebab, Street Food, Bakery, South Indian, North Indian, Biryani, Beverages, Chinese, Chinese, North Indian, Kebab, Mughlai, South Indian, North Indian, Street Food, Beverages, Chinese, Desserts, Ice Cream, Seafood, Biryani, Chinese, Ice Cream, Desserts, Biryani, North Indian, Chinese, Mughlai, Seafood, Kebab, Rolls, Chettinad, Chinese, South Indian, North Indian, Lebanese, Biryani, North Indian, Andhra, Chinese, Beverages, Biryani, South Indian, North Indian, Gujarati, Mithai"
209.0,3.0,416.6666666666667,3.6,"South Indian, Chinese, Chinese, North Indian, Biryani, North Indian, Kebab, Chinese"
210.0,0.0,,,
211.0,0.0,,,
212.0,0.0,,,
213.0,0.0,,,
214.0,0.0,,,
215.0,0.0,,,
216.0,14.0,310.7142857142857,3.5785714285714287,"North Indian, Chinese, South Indian, Beverages, Biryani, Kebab, Kebab, North Indian, Chinese, Street Food, North Indian, Beverages, Desserts, Arabian, Lebanese, Biryani, Chinese, North Indian, Arabian, Biryani, Kerala, South Indian, Seafood, South Indian, Burger, Beverages, Andhra, South Indian, Chettinad, Bakery, Fast Food"
217.0,1.0,200.0,3.8,"North Indian, Fast Food, Street Food, Desserts"
218.0,1.0,300.0,3.7,"North Indian, Chinese"
219.0,1.0,600.0,3.4,Bakery
220.0,25.0,652.0,3.8560000000000003,"Continental, North Indian, Italian, South Indian, Finger Food, Pizza, North Indian, Mughlai, Seafood, Desserts, American, Tex-Mex, Burger, BBQ, Beverages, North Indian, American, Continental, Desserts, Beverages, Asian, Pizza, Burger, Finger Food, Continental, Pizza, Asian, Chinese, Continental, North Indian, South Indian, Biryani, Biryani, Hyderabadi, Andhra, Chinese, North Indian, North Indian, Rajasthani, Cafe, Desserts, Ice Cream, Bakery, North Indian, Chinese, Biryani, North Indian, Chinese, Biryani, South Indian, Tea, Beverages, Street Food, Sandwich, North Indian, Kebab, Biryani, Chinese, Seafood, Desserts, Beverages, Biryani, Rolls, Kerala, Andhra, South Indian, Chinese, Mithai, Street Food, Mithai, Biryani, Andhra, Biryani, Chinese, North Indian, South Indian, Kerala, Seafood, Biryani"
221.0,38.0,811.8421052631579,3.8131578947368423,"North Indian, Mughlai, Italian, Beverages, North Indian, Japanese, Continental, North Indian, Japanese, Italian, Asian, North Indian, Fast Food, Continental, Desserts, Beverages, Indonesian, Italian, Mediterranean, Asian, North Indian, Maharashtrian, Continental, North Indian, Continental, Asian, Fast Food, South Indian, Desserts, Bar Food, North Indian, Chinese, Continental, Mughlai, Seafood, BBQ, Mediterranean, Italian, Mexican, Fast Food, Desserts, European, French, North Indian, South Indian, North Indian, Sandwich, Beverages, Desserts, North Indian, Mughlai, Chinese, Desserts, Fast Food, Italian, Continental, North Indian, North Indian, Mughlai, Kerala, Seafood, Biryani, South Indian, Chinese, North Indian, North Indian, Seafood, Chinese, Biryani, South Indian, North Indian, Chinese, Cafe, European, Beverages, Italian, Mithai, Street Food, Beverages, Kerala, North Indian, South Indian, Chinese, Biryani, Tea, Beverages, Fast Food, Bengali, Desserts, Bakery, North Indian, South Indian, Chinese, Seafood, Biryani, Mughlai, Biryani, North Indian, Chinese, Finger Food, North Indian, North Indian, Chinese, Andhra, South Indian, North Indian, North Indian, Chinese, Biryani, Andhra, Seafood, Andhra, Chinese, South Indian"
222.0,33.0,931.8181818181819,3.9515151515151516,"North Indian, Continental, Chinese, Pizza, Beverages, Desserts, Pizza, Pasta, Fast Food, Desserts, Beverages, North Indian, Mughlai, Lucknowi, Fast Food, Beverages, Continental, Chinese, North Indian, Mughlai, Biryani, North Indian, Continental, Italian, Beverages, North Indian, BBQ, North Indian, Chinese, Fast Food, Asian, Desserts, Beverages, Thai, Japanese, Chinese, Asian, Beverages, Continental, North Indian, Italian, Finger Food, Desserts, Beverages, Fast Food, Biryani, Arabian, Biryani, Desserts, Beverages, Salad, Andhra, North Indian, Chinese, Biryani, Biryani, North Indian, Chinese, Asian, Continental, North Indian, Fast Food, Beverages, Andhra, Biryani, Chinese, North Indian, Beverages, South Indian, North Indian, Chinese, Seafood, Kerala, North Indian, Chinese, Biryani, North Indian, Beverages, Juices, Fast Food, Ice Cream, Desserts, Fast Food, Chinese, Street Food, Fast Food, Lebanese, North Indian, Beverages, Bengali, Seafood, North Indian, Biryani, Odia, North Indian, Chinese, Mughlai, Biryani, Desserts, Beverages, Biryani, North Indian, Mughlai, Fast Food, Rolls, Burger, Sandwich, Fast Food, Beverages, North Indian, Chinese, South Indian, Seafood, Biryani, Andhra, Biryani, South Indian, North Indian, Chinese, Mughlai, Beverages, Fast Food, Desserts, Beverages, Desserts, Mangalorean, North Indian, Chinese, Biryani, Chinese, Andhra, North Indian"
223.0,7.0,392.85714285714283,3.6,"North Indian, Chinese, South Indian, Fast Food, Beverages, Chinese, Kebab, Biryani, North Indian, Mughlai, Chinese, Biryani, Fast Food, Chinese, Fast Food, BBQ, Lebanese, Beverages, North Indian, Chinese, Kerala, Desserts, Italian, Fast Food, Beverages"
224.0,25.0,620.0,3.784,"Continental, North Indian, BBQ, Steak, North Indian, Biryani, Chinese, Beverages, Continental, Finger Food, Desserts, Continental, Biryani, North Indian, Chinese, South Indian, Fast Food, Beverages, Desserts, North Indian, Andhra, Continental, Seafood, Mangalorean, North Indian, Continental, Street Food, Street Food, North Indian, North Indian, Chinese, Italian, Fast Food, Continental, Salad, Beverages, Desserts, Kerala, North Indian, Chinese, Fast Food, North Indian, Beverages, South Indian, Kerala, North Indian, Biryani, South Indian, North Indian, Chinese, Seafood, Biryani, North Indian, Chinese, South Indian, North Indian, Chinese, Mughlai, South Indian, North Indian, Chinese, Biryani, Chinese, Fast Food, Desserts, Beverages, Juices, Kerala, Biryani, South Indian, North Indian, Chinese, South Indian, North Indian, Chinese, Biryani, Beverages, North Indian, Chinese, Biryani"
225.0,27.0,731.4814814814815,3.869230769230769,"Desserts, Portuguese, Roast Chicken, Burger, Wraps, Salad, Japanese, Chinese, Asian, Thai, Beverages, Modern Indian, Continental, BBQ, Burger, Fast Food, Beverages, Desserts, Mughlai, Awadhi, Modern Indian, Kebab, North Indian, Biryani, Desserts, Beverages, Finger Food, Continental, European, North Indian, Italian, Asian, Finger Food, Continental, Seafood, Beverages, Chinese, Seafood, Thai, Momos, Beverages, North Indian, Mughlai, Biryani, Kebab, Beverages, South Indian, Cafe, Beverages, Desserts, Italian, Pizza, Fast Food, North Indian, Chinese, Pizza, Fast Food, Chinese, North Indian, South Indian, North Indian, Chinese, Fast Food, North Indian, Biryani, North Indian, Chinese, Biryani, Desserts, Beverages, Ice Cream, North Indian, South Indian, Chinese, Andhra, North Indian, Beverages, Fast Food, Ice Cream, Desserts, Chinese, Thai, Cafe, Continental, Beverages"
226.0,12.0,341.6666666666667,3.5583333333333336,"South Indian, Chinese, North Indian, Chinese, Arabian, Kerala, Biryani, Chinese, Lebanese, North Indian, South Indian, Chinese, North Indian, North Indian, Chinese, Fast Food, Biryani, Bengali, North Indian, Beverages, Fast Food, North Indian, South Indian, North Indian, Biryani, Biryani, North Indian, South Indian, Chinese, Street Food, South Indian, Kerala, Chinese"
227.0,1.0,400.0,3.4,"Seafood, Mughlai, Chinese, North Indian"
228.0,0.0,,,
229.0,1.0,1000.0,3.8,"North Indian, Asian, Continental, Fast Food"
230.0,0.0,,,
231.0,0.0,,,
232.0,0.0,,,
233.0,0.0,,,
234.0,0.0,,,
235.0,0.0,,,
236.0,0.0,,,
237.0,12.0,575.0,3.7916666666666665,"Cafe, Italian, Burger, Fast Food, Desserts, Continental, North Indian, Asian, Finger Food, Continental, Italian, Bar Food, Italian, Pizza, Continental, Desserts, Beverages, Pasta, North Indian, North Indian, Chinese, Bengali, Biryani, Biryani, South Indian, Chinese, Seafood, Desserts, Lebanese, BBQ, Fast Food, Beverages, North Indian, Chinese, Mughlai, Chinese, North Indian, Fast Food, Pizza, North Indian, Mughlai, Chinese, Arabian, Biryani, Kerala, North Indian, Chinese"
238.0,9.0,350.0,3.6999999999999997,"Street Food, Fast Food, North Indian, Chinese, Continental, Fast Food, Biryani, Desserts, Beverages, North Indian, Street Food, North Indian, Desserts, Beverages, North Indian, Chinese, North Indian, Kerala, Biryani, Kerala, South Indian, Chinese, Fast Food, South Indian, Fast Food"
239.0,6.0,433.3333333333333,3.6833333333333336,"North Indian, Chinese, Beverages, Mithai, Street Food, North Indian, North Indian, Street Food, Arabian, BBQ, North Indian, Chinese, Sandwich, Biryani, Rolls, Beverages, Beverages"
240.0,91.0,383.5164835164835,3.6967032967032964,"Thai, Chinese, Momos, Street Food, North Indian, Fast Food, Chinese, Fast Food, Ice Cream, Desserts, Beverages, Biryani, North Indian, Chinese, Mughlai, Beverages, North Indian, Chinese, Seafood, Mughlai, North Indian, Fast Food, Chinese, Mithai, Chinese, Thai, Seafood, South Indian, Desserts, Ice Cream, Beverages, North Indian, Chinese, Fast Food, Street Food, Beverages, Desserts, North Indian, Street Food, Chinese, Rolls, Beverages, North Indian, Rolls, Chinese, Street Food, Mughlai, Chinese, Thai, Seafood, Desserts, Beverages, North Indian, Chinese, Mughlai, Desserts, North Indian, Mughlai, Chinese, Andhra, South Indian, Chinese, North Indian, Mithai, Desserts, Street Food, Desserts, Beverages, Ice Cream, Fast Food, Street Food, Fast Food, Tea, Beverages, Biryani, North Indian, Chinese, Seafood, Sandwich, Beverages, North Indian, Fast Food, North Indian, Chinese, Mughlai, Seafood, Beverages, Biryani, Beverages, Fast Food, Chinese, Seafood, South Indian, Chinese, North Indian, Chinese, Fast Food, North Indian, Chinese, Odia, Biryani, North Indian, Odia, Bengali, Beverages, Beverages, Tea, Street Food, North Indian, Chinese, Bengali, Beverages, Rolls, Sandwich, North Indian, Chinese, Seafood, Biryani, North Indian, Chinese, Hyderabadi, Andhra, Wraps, North Indian, Chinese, Biryani, Momos, North Indian, Chinese, Mangalorean, Biryani, Chinese, North Indian, Street Food, North Indian, Beverages, North Indian, South Indian, Fast Food, Street Food, South Indian, North Indian, Chinese, North Indian, Fast Food, Seafood, Mughlai, North Indian, Chinese, Biryani, Chettinad, Biryani, South Indian, Chinese, North Indian, Fast Food, Bakery, Fast Food, Street Food, Chinese, Beverages, Odia, Chinese, North Indian, Desserts, North Indian, Street Food, Beverages, Kerala, Beverages, South Indian, North Indian, Chinese, North Indian, Chinese, Biryani, North Indian, Mughlai, Chinese, Kebab, Rolls, Seafood, Arabian, Biryani, Street Food, Fast Food, Beverages, Sandwich, South Indian, North Indian, Biryani, Chinese, Fast Food, Chinese, Momos, Sandwich, Fast Food, North Indian, Beverages, North Indian, Biryani, Chinese, Cafe, Chinese, Pizza, Fast Food, North Indian, Street Food, Chinese, Rolls, Andhra, North Indian, Fast Food, Chinese, South Indian, Beverages, Ice Cream, Juices, Beverages, Fast Food, Mughlai, North Indian, Biryani, Kebab, Chinese, North Indian, Chinese, Mughlai, Beverages, Bakery, Fast Food, South Indian, Tamil, Chinese, Biryani, Tea, Sandwich, North Indian, Rolls, Fast Food, North Indian, Chinese, Mughlai, Kebab, Beverages, Biryani, Continental, Street Food, Chinese, South Indian, Desserts, North Indian, Chinese, South Indian, Mughlai, Biryani, North Indian, North Indian, Chinese, Maharashtrian, Beverages, Biryani, Chinese, North Indian, North Indian, Chinese, Kebab, Mughlai, Beverages, Desserts, Andhra, South Indian, Chinese, Biryani, Tamil, Mughlai, Kebab, North Indian, Beverages, Juices, Coffee, Sandwich, North Indian, Chinese, Andhra, Fast Food"
241.0,73.0,485.6164383561644,3.728767123287671,"North Indian, Chinese, Street Food, Continental, Asian, Bar Food, Desserts, Beverages, Fast Food, North Indian, Desserts, Beverages, Fast Food, Continental, Desserts, South Indian, Bakery, Desserts, Fast Food, Beverages, Pizza, Pasta, North Indian, Arabian, Chinese, Lebanese, Rolls, North Indian, Biryani, Chinese, BBQ, Rolls, Fast Food, Chinese, Tibetan, Fast Food, Italian, Healthy Food, Fast Food, Biryani, Beverages, Desserts, Lebanese, Kerala, North Indian, Chinese, Mughlai, Fast Food, Biryani, South Indian, North Indian, Bengali, Chinese, Rolls, Street Food, North Indian, Desserts, Italian, Andhra, Biryani, Chinese, North Indian, Beverages, North Indian, Street Food, Chinese, Desserts, Beverages, Desserts, Burger, Beverages, Fast Food, South Indian, North Indian, Beverages, Chinese, Street Food, North Indian, Bihari, Mughlai, South Indian, Kerala, Andhra, Ice Cream, Beverages, Fast Food, Sandwich, South Indian, North Indian, Chinese, Fast Food, North Indian, South Indian, Chinese, Andhra, Biryani, Healthy Food, Fast Food, Beverages, North Indian, Chinese, Chinese, Seafood, Beverages, Juices, Chinese, North Indian, North Indian, Fast Food, Chinese, Beverages, North Indian, Rajasthani, Fast Food, Street Food, Biryani, Mithai, Beverages, Finger Food, Continental, Beverages, North Indian, Chinese, North Indian, South Indian, Beverages, Ice Cream, North Indian, South Indian, Chinese, Biryani, North Indian, Fast Food, Street Food, Rolls, Street Food, Beverages, Juices, Finger Food, Asian, Thai, Sushi, North Indian, Beverages, Desserts, Juices, BBQ, Rolls, North Indian, Andhra, BBQ, Seafood, Chinese, North Indian, Chinese, Mughlai, Biryani, Rolls, Andhra, Biryani, North Indian, Chinese, North Indian, South Indian, Fast Food, Momos, Desserts, Beverages, Fast Food, Lebanese, Beverages, Beverages, Desserts, North Indian, Fast Food, Street Food, Desserts, Beverages, Andhra, Chinese, Biryani, Mughlai, Seafood, North Indian, South Indian, Bakery, Desserts, South Indian, Chinese, North Indian, Chinese, Lebanese, North Indian, Chinese, Biryani, Biryani, North Indian, Chinese, Fast Food, Chinese, Beverages, Street Food, Juices, North Indian, Chinese, Fast Food, South Indian, Desserts, Ice Cream, Beverages, Chettinad, Chinese, South Indian, Mughlai, Biryani, North Indian, Chinese, Kerala, Beverages, North Indian, Biryani, Street Food, North Indian, Biryani, Biryani, Chinese, South Indian, Beverages, Ice Cream, Desserts, Fast Food, North Indian, Chinese, Biryani, Mughlai, Ice Cream, Desserts, North Indian, Biryani, Chinese, Mughlai"
242.0,27.0,527.7777777777778,3.6814814814814816,"Biryani, North Indian, Asian, Continental, Italian, Mughlai, Asian, North Indian, South Indian, Fast Food, Beverages, Fast Food, Tea, Cafe, South Indian, North Indian, Chinese, Rolls, Bengali, North Indian, Andhra, Biryani, Street Food, Fast Food, Beverages, Chinese, North Indian, Mughlai, North Indian, Continental, South Indian, North Indian, Chinese, Andhra, North Indian, Chinese, Lebanese, Chinese, North Indian, Desserts, Ice Cream, North Indian, Mughlai, North Indian, Chinese, Continental, Kerala, Biryani, Seafood, North Indian, Chinese, Bakery, Desserts, Chinese, Biryani, Fast Food, North Indian, Chinese, Chinese, North Indian"
243.0,19.0,410.5263157894737,3.6368421052631574,"Chinese, Momos, Thai, Biryani, Mughlai, Andhra, Biryani, North Indian, Chinese, Seafood, Chinese, Kebab, Arabian, Fast Food, Andhra, Chinese, North Indian, Mangalorean, Kerala, Chinese, North Indian, Chinese, Andhra, Rolls, Beverages, North Indian, Chinese, Kebab, Biryani, North Indian, Chinese, North Indian, Mughlai, South Indian, Chinese, North Indian, Biryani, North Indian, North Indian, Fast Food, Beverages, Tea, North Indian, Chinese, Kebab, Lebanese, Biryani, South Indian, Chinese"
244.0,33.0,422.72727272727275,3.6151515151515152,"North Indian, Fast Food, Chinese, Sandwich, Rolls, North Indian, Chinese, Biryani, Tibetan, Chinese, South Indian, South Indian, North Indian, Chinese, Biryani, South Indian, Chinese, North Indian, North Indian, Chinese, Biryani, North Indian, Chinese, Hyderabadi, South Indian, North Indian, Street Food, Beverages, Ice Cream, Chinese, Juices, Andhra, North Indian, Biryani, Chinese, Biryani, South Indian, Kerala, Chinese, North Indian, Chinese, Bengali, North Indian, South Indian, Chinese, Biryani, North Indian, Fast Food, Chinese, Rolls, Momos, Fast Food, North Indian, Chinese, Beverages, Mughlai, Desserts, Biryani, Chinese, Chinese, North Indian, Fast Food, Rolls, Chinese, North Indian, Biryani, North Indian, South Indian, Arabian, Chinese, Beverages, Biryani, Chinese, Kebab, North Indian, Mughlai, South Indian, Biryani, North Indian, South Indian, Pizza, Beverages, Pasta, Biryani, South Indian, Chinese, North Indian, Chinese, Bengali, Beverages, Arabian, North Indian, Chinese, Kerala, Cafe, Chinese, Bengali"
245.0,0.0,,,
246.0,1.0,400.0,3.5,"North Indian, Chinese, Street Food, South Indian, Fast Food, Beverages, Biryani"
247.0,0.0,,,
248.0,0.0,,,
249.0,0.0,,,
250.0,0.0,,,
251.0,0.0,,,
252.0,0.0,,,
253.0,0.0,,,
254.0,0.0,,,
255.0,1.0,500.0,4.1,"North Indian, Chinese, Biryani, Beverages"
256.0,0.0,,,
257.0,3.0,400.0,3.3666666666666667,"Cafe, Fast Food, Beverages, Arabian, Chinese, Ice Cream, Fast Food"
258.0,15.0,550.0,3.8400000000000003,"Chinese, Asian, Seafood, North Indian, Beverages, Desserts, French, Pizza, Bakery, Street Food, Fast Food, North Indian, North Indian, Fast Food, Beverages, Ice Cream, Desserts, North Indian, Sandwich, Fast Food, North Indian, Street Food, Fast Food, North Indian, Chinese, Biryani, Biryani, North Indian, Chinese, Biryani, North Indian, Rolls, BBQ, Biryani, Mithai, Fast Food, Cafe, Italian, Continental, Healthy Food, Beverages, Desserts"
259.0,23.0,489.1304347826087,3.8304347826086955,"Cafe, Salad, Italian, American, Bakery, African, Burger, Fast Food, Beverages, Desserts, Ice Cream, Desserts, Continental, Chinese, North Indian, Seafood, Mughlai, Biryani, Desserts, Beverages, Mughlai, North Indian, Biryani, Afghan, Fast Food, Chinese, Salad, Continental, Italian, Desserts, Beverages, South Indian, Chinese, Street Food, North Indian, Biryani, Ice Cream, Beverages, North Indian, Healthy Food, Beverages, North Indian, Chinese, Fast Food, North Indian, Fast Food, Street Food, Cafe, Fast Food, Desserts, North Indian, Chinese, Street Food, Beverages, Fast Food, Ice Cream, Beverages, South Indian, Street Food, Beverages, Juices, Beverages, Fast Food, North Indian, Fast Food, Beverages, Chinese, Fast Food"
260.0,58.0,932.7586206896551,3.8689655172413793,"Continental, Fast Food, Kebab, Beverages, Italian, Desserts, Mangalorean, South Indian, Mughlai, North Indian, Chinese, South Indian, Beverages, North Indian, South Indian, Asian, Beverages, European, Japanese, Chinese, Thai, Beverages, Sushi, Momos, North Indian, Continental, Italian, Thai, Continental, Asian, South Indian, North Indian, North Indian, Chinese, Fast Food, Desserts, Biryani, Andhra, Finger Food, Maharashtrian, Seafood, Italian, Continental, North Indian, Chinese, Desserts, Beverages, Mediterranean, Beverages, Finger Food, American, Continental, Burger, Pizza, Kerala, Chinese, North Indian, Italian, Tamil, Biryani, Andhra, Chinese, South Indian, Chettinad, Beverages, Desserts, Fast Food, Beverages, Bakery, Desserts, North Indian, Fast Food, Continental, Chinese, North Indian, Mughlai, North Indian, Mughlai, Rolls, Tamil, Biryani, South Indian, Chettinad, North Indian, Chinese, Ice Cream, Desserts, Beverages, Andhra, Biryani, Chinese, North Indian, Finger Food, North Indian, Continental, Lebanese, Momos, South Indian, Chinese, North Indian, Kerala, Seafood, Chinese, Mediterranean, Continental, Beverages, South Indian, North Indian, Continental, Bakery, American, North Indian, South Indian, Salad, Chettinad, Biryani, South Indian, Desserts, Ice Cream, South Indian, Chinese, Mangalorean, Andhra, Biryani, North Indian, Chinese, Bengali, North Indian, Chinese, Rolls, Biryani, South Indian, North Indian, Chinese, Street Food, Biryani, Hyderabadi, Andhra, North Indian, North Indian, Chinese, Rolls, North Indian, Continental, BBQ, Desserts, Beverages, North Indian, Mughlai, Chinese, Biryani, South Indian, North Indian, Chinese, Biryani, Desserts, Fast Food, Italian, North Indian, Beverages, Andhra, North Indian, Chinese, Biryani, South Indian, Beverages, Juices, South Indian, Chinese, North Indian, Bakery, Beverages, Desserts, North Indian, Chinese, Fast Food"
261.0,5.0,440.0,3.56,"North Indian, Chinese, Biryani, Chinese, Fast Food, North Indian, South Indian, Chinese, Thai, South Indian, North Indian, Chinese, North Indian, Chinese"
262.0,1.0,550.0,3.8,"Chinese, North Indian, Biryani, Seafood"
263.0,1.0,300.0,3.6,"South Indian, Chinese"
264.0,0.0,,,
265.0,0.0,,,
266.0,0.0,,,
267.0,0.0,,,
268.0,0.0,,,
269.0,0.0,,,
270.0,1.0,650.0,3.7,"South Indian, Biryani"
271.0,0.0,,,
272.0,2.0,550.0,3.8499999999999996,"North Indian, Mughlai, Chinese, South Indian, North Indian, Chinese"
273.0,1.0,700.0,3.6,North Indian
274.0,0.0,,,
275.0,4.0,487.5,3.7249999999999996,"Bihari, North Indian, Desserts, Beverages, North Indian, Chinese, Thai, Italian, Continental, Beverages, Lebanese, Fast Food, Biryani, South Indian"
276.0,11.0,540.9090909090909,3.6636363636363636,"Japanese, Italian, American, Asian, North Indian, Steak, Mughlai, Biryani, North Indian, Arabian, Chinese, North Indian, South Indian, Chinese, Hyderabadi, Chinese, North Indian, Fast Food, Pizza, Beverages, Bakery, Desserts, Biryani, Kebab, South Indian, Biryani, North Indian, Chinese, South Indian, Chinese, Bengali, Chinese, North Indian, South Indian"
277.0,31.0,646.7741935483871,3.774193548387097,"Asian, Continental, North Indian, Malaysian, Italian, Kashmiri, Cafe, Beverages, Chinese, North Indian, Continental, Cafe, Italian, North Indian, Desserts, Mangalorean, North Indian, Mughlai, Bengali, Seafood, Street Food, Beverages, Desserts, Continental, North Indian, Chinese, Beverages, Desserts, South Indian, North Indian, Desserts, Beverages, Chinese, Kerala, South Indian, Sandwich, Burger, Fast Food, Rolls, Beverages, South Indian, North Indian, Chinese, Biryani, Beverages, South Indian, North Indian, Chinese, Street Food, Beverages, North Indian, Mughlai, Chinese, North Indian, Fast Food, Beverages, North Indian, Chinese, Biryani, Kebab, North Indian, Chinese, Fast Food, Street Food, North Indian, Odia, Bengali, Chinese, South Indian, Chinese, North Indian, Assamese, South Indian, South Indian, Rolls, Biryani, Beverages, Beverages, Juices, Biryani, South Indian, Chinese, North Indian, Fast Food, Pizza, Chinese, Bakery, Desserts, Fast Food, Kerala, North Indian, Asian, Continental, North Indian, Italian, Andhra, North Indian, Chinese, Thai, Kerala, Street Food, Arabian, North Indian, Chinese, Fast Food, Desserts, Beverages"
278.0,23.0,876.0869565217391,3.743478260869565,"North Indian, Lucknowi, Afghan, Desserts, North Indian, Mughlai, Mexican, Italian, Beverages, Chinese, Thai, Biryani, Finger Food, Beverages, Cafe, Continental, Desserts, Beverages, Fast Food, North Indian, Chinese, Cafe, North Indian, Fast Food, South Indian, Street Food, Beverages, Desserts, Biryani, Andhra, South Indian, Andhra, South Indian, North Indian, Mughlai, Chinese, Desserts, Beverages, Fast Food, Beverages, North Indian, Fast Food, Biryani, North Indian, Chinese, North Indian, Hyderabadi, Continental, Italian, Chinese, Andhra, Chinese, Hyderabadi, Thai, Japanese, Malaysian, Fast Food, Bakery, North Indian, Kebab, North Indian, Chinese, Biryani, North Indian, Chinese, Biryani, South Indian, Rolls, Fast Food, Juices, Beverages"
279.0,7.0,314.2857142857143,3.5,"North Indian, Street Food, Fast Food, Beverages, North Indian, Chinese, Bengali, Biryani, North Indian, Seafood, Momos, Wraps, Rolls, Rolls, Fast Food, Street Food, Mithai, North Indian, South Indian"
280.0,0.0,,,
281.0,0.0,,,
282.0,0.0,,,
283.0,2.0,300.0,3.5,"North Indian, Chinese, Biryani, Fast Food, North Indian, Chinese, South Indian"
284.0,0.0,,,
285.0,0.0,,,
286.0,0.0,,,
287.0,0.0,,,
288.0,0.0,,,
289.0,8.0,512.5,3.525,"Biryani, North Indian, Chinese, Chinese, Beverages, North Indian, Biryani, Fast Food, Pizza, Burger, Pizza, Fast Food, Kerala, Mughlai, Chinese"
290.0,6.0,408.3333333333333,3.6833333333333336,"North Indian, Chinese, Fast Food, Burger, Sandwich, Wraps, Beverages, Cafe, Pasta, Chinese, North Indian, Desserts, Beverages, Street Food, North Indian, Bengali, Biryani, Desserts, North Indian, Chinese, Fast Food"
291.0,0.0,,,
292.0,0.0,,,
293.0,0.0,,,
294.0,0.0,,,
295.0,7.0,357.14285714285717,3.6571428571428575,"Cafe, Fast Food, Desserts, Beverages, Andhra, North Indian, Biryani, Seafood, South Indian, Beverages, North Indian, Chinese, North Indian, Chinese, Arabian, South Indian"
296.0,25.0,426.0,3.6639999999999997,"North Indian, Beverages, North Indian, Biryani, Chinese, Arabian, Continental, Italian, North Indian, Beverages, Juices, Fast Food, Healthy Food, Kerala, Biryani, Chinese, Fast Food, Bengali, Chinese, North Indian, North Indian, Continental, Fast Food, North Indian, South Indian, Bengali, North Indian, Chinese, Biryani, North Indian, Italian, Thai, Biryani, North Indian, Chinese, North Indian, Chinese, Biryani, Mughlai, Andhra, North Indian, Chinese, Biryani, North Indian, North Indian, Chinese, North Indian, Chinese, Bengali, Biryani, Biryani, Momos, Fast Food, Desserts, North Indian, Bengali, Chinese, Andhra, Biryani, North Indian"
297.0,10.0,565.0,3.8200000000000003,"North Indian, Fast Food, Chinese, Thai, Chinese, North Indian, Fast Food, Bengali, Chinese, North Indian, Cafe, Fast Food, Andhra, North Indian, Chinese, Biryani, Desserts, Bakery, Continental, Salad, Burger, Pizza, Cafe, Fast Food, Beverages, Bengali, North Indian, Chinese, Chinese"
298.0,6.0,866.6666666666666,3.9499999999999997,"Pizza, Burger, Biryani, Chinese, Desserts, Healthy Food, North Indian, Pasta, North Indian, Desserts, Beverages, North Indian, Chinese, North Indian, Chinese, Mughlai, South Indian, South Indian, North Indian, Mughlai, Andhra, Chinese, Kebab, Biryani, South Indian, North Indian, Street Food, Chinese"
299.0,0.0,,,
300.0,4.0,825.0,3.725,"American, Pizza, Italian, Pasta, Bakery, North Indian, Chinese, Continental, Desserts, Beverages, Cafe, Fast Food, Beverages, North Indian, Chinese, Mughlai, Seafood"
301.0,0.0,,,
302.0,0.0,,,
303.0,0.0,,,
304.0,0.0,,,
305.0,0.0,,,
306.0,0.0,,,
307.0,1.0,750.0,3.5,"North Indian, Mughlai, Chinese"
308.0,0.0,,,
309.0,0.0,,,
310.0,0.0,,,
311.0,0.0,,,
312.0,0.0,,,
313.0,0.0,,,
314.0,0.0,,,
315.0,0.0,,,
316.0,0.0,,,
317.0,0.0,,,
318.0,0.0,,,
319.0,4.0,400.0,3.375,"Pizza, Fast Food, Biryani, South Indian, North Indian, Chinese"
320.0,0.0,,,
321.0,0.0,,,
322.0,0.0,,,
323.0,0.0,,,
